timestamp,camera_id,type,track_id,subject_id,activity,confidence,persons_in_frame,phones_in_frame
2026-06-23T06:39:38.622712+00:00,cam-01,behavior,1,unknown,working,0.921,1,0
2026-06-23T06:39:38.713089+00:00,cam-01,behavior,1,unknown,working,0.918,1,0
2026-06-23T06:39:38.759018+00:00,cam-01,behavior,1,unknown,working,0.917,1,0
2026-06-23T06:39:38.793893+00:00,cam-01,behavior,1,unknown,idle,0.917,1,0
2026-06-23T06:39:38.831765+00:00,cam-01,behavior,1,unknown,idle,0.915,1,0
2026-06-23T06:39:38.872728+00:00,cam-01,behavior,1,unknown,idle,0.917,1,0
2026-06-23T06:39:38.922449+00:00,cam-01,behavior,1,unknown,idle,0.92,1,0
2026-06-23T06:39:38.984267+00:00,cam-01,behavior,1,unknown,idle,0.914,1,0
2026-06-23T06:39:39.025536+00:00,cam-01,behavior,1,unknown,idle,0.918,1,0
2026-06-23T06:39:39.074984+00:00,cam-01,behavior,1,unknown,idle,0.915,1,0
2026-06-23T06:39:39.118488+00:00,cam-01,behavior,1,unknown,idle,0.917,1,0
2026-06-23T06:39:39.158992+00:00,cam-01,behavior,1,unknown,idle,0.914,1,0
2026-06-23T06:39:39.207389+00:00,cam-01,behavior,1,unknown,idle,0.921,1,0
2026-06-23T06:39:39.247501+00:00,cam-01,behavior,1,unknown,idle,0.921,1,0
2026-06-23T06:39:39.282405+00:00,cam-01,behavior,1,unknown,idle,0.92,1,0
2026-06-23T06:39:39.322709+00:00,cam-01,behavior,1,unknown,idle,0.915,1,0
2026-06-23T06:39:39.348638+00:00,cam-01,behavior,1,unknown,idle,0.913,1,0
2026-06-23T06:39:39.372884+00:00,cam-01,behavior,1,unknown,idle,0.917,1,0
2026-06-23T06:39:39.409060+00:00,cam-01,behavior,1,unknown,idle,0.913,1,0
2026-06-23T06:39:39.435341+00:00,cam-01,behavior,1,unknown,idle,0.916,1,0
2026-06-23T06:39:39.464929+00:00,cam-01,behavior,1,unknown,idle,0.916,1,0
2026-06-23T06:39:39.498554+00:00,cam-01,behavior,1,unknown,idle,0.917,1,0
2026-06-23T06:39:39.523893+00:00,cam-01,behavior,1,unknown,idle,0.916,1,0
2026-06-23T06:39:39.556844+00:00,cam-01,behavior,1,unknown,idle,0.916,1,0
2026-06-23T06:39:39.593467+00:00,cam-01,behavior,1,unknown,idle,0.918,1,0
2026-06-23T06:39:39.626971+00:00,cam-01,behavior,1,unknown,idle,0.914,1,0
2026-06-23T06:39:39.645258+00:00,cam-01,behavior,1,unknown,idle,0.917,1,0
2026-06-23T06:39:39.695534+00:00,cam-01,behavior,1,unknown,idle,0.92,1,0
2026-06-23T06:39:39.731410+00:00,cam-01,behavior,1,unknown,idle,0.917,1,0
2026-06-23T06:39:39.764201+00:00,cam-01,behavior,1,unknown,idle,0.918,1,0
2026-06-23T06:39:39.798811+00:00,cam-01,behavior,1,unknown,idle,0.917,1,0
2026-06-23T06:39:39.821754+00:00,cam-01,behavior,1,unknown,idle,0.917,1,0
2026-06-23T06:39:39.851765+00:00,cam-01,behavior,1,unknown,idle,0.914,1,0
2026-06-23T06:39:39.877643+00:00,cam-01,behavior,1,unknown,idle,0.912,1,0
2026-06-23T06:39:39.907221+00:00,cam-01,behavior,1,unknown,idle,0.912,1,0
2026-06-23T06:39:39.931433+00:00,cam-01,behavior,1,unknown,idle,0.912,1,0
2026-06-23T06:39:39.971356+00:00,cam-01,behavior,1,unknown,idle,0.913,1,0
2026-06-23T06:39:40.001519+00:00,cam-01,behavior,1,unknown,idle,0.914,1,0
2026-06-23T06:39:40.025277+00:00,cam-01,behavior,1,unknown,idle,0.913,1,0
2026-06-23T06:39:40.046528+00:00,cam-01,behavior,1,unknown,idle,0.913,1,0
2026-06-23T06:39:40.060339+00:00,cam-01,behavior,1,unknown,idle,0.913,1,0
2026-06-23T06:39:40.109428+00:00,cam-01,behavior,1,unknown,idle,0.911,1,0
2026-06-23T06:39:40.142013+00:00,cam-01,behavior,1,unknown,idle,0.917,1,0
2026-06-23T06:39:40.176835+00:00,cam-01,behavior,1,unknown,idle,0.915,1,0
2026-06-23T06:39:40.206055+00:00,cam-01,behavior,1,unknown,idle,0.91,1,0
2026-06-23T06:39:40.242434+00:00,cam-01,behavior,1,unknown,idle,0.909,1,0
2026-06-23T06:39:40.265242+00:00,cam-01,behavior,1,unknown,idle,0.907,1,0
2026-06-23T06:39:40.302438+00:00,cam-01,behavior,1,unknown,idle,0.91,1,0
2026-06-23T06:39:40.330769+00:00,cam-01,behavior,1,unknown,idle,0.913,1,0
2026-06-23T06:39:40.368596+00:00,cam-01,behavior,1,unknown,idle,0.911,1,0
2026-06-23T06:39:40.398352+00:00,cam-01,behavior,1,unknown,idle,0.913,1,0
2026-06-23T06:39:40.428635+00:00,cam-01,behavior,1,unknown,idle,0.914,1,0
2026-06-23T06:39:40.478329+00:00,cam-01,behavior,1,unknown,idle,0.915,1,0
2026-06-23T06:39:40.510871+00:00,cam-01,behavior,1,unknown,idle,0.906,1,0
2026-06-23T06:39:40.539950+00:00,cam-01,behavior,1,unknown,idle,0.913,1,0
2026-06-23T06:39:40.575146+00:00,cam-01,behavior,1,unknown,idle,0.919,1,0
2026-06-23T06:39:40.608778+00:00,cam-01,behavior,1,unknown,idle,0.924,1,0
2026-06-23T06:39:40.643331+00:00,cam-01,behavior,1,unknown,idle,0.931,1,0
2026-06-23T06:39:40.667779+00:00,cam-01,behavior,1,unknown,idle,0.932,1,0
2026-06-23T06:39:40.716191+00:00,cam-01,behavior,1,unknown,idle,0.933,1,0
2026-06-23T06:39:40.740533+00:00,cam-01,behavior,1,unknown,idle,0.924,1,0
2026-06-23T06:39:40.766511+00:00,cam-01,behavior,1,unknown,idle,0.929,1,0
2026-06-23T06:39:40.798590+00:00,cam-01,behavior,1,unknown,idle,0.929,1,0
2026-06-23T06:39:40.846583+00:00,cam-01,behavior,1,unknown,idle,0.92,1,0
2026-06-23T06:39:40.879685+00:00,cam-01,behavior,1,unknown,idle,0.925,1,0
2026-06-23T06:39:40.907647+00:00,cam-01,behavior,1,unknown,idle,0.919,1,0
2026-06-23T06:39:40.937253+00:00,cam-01,behavior,1,unknown,idle,0.923,1,0
2026-06-23T06:39:40.969738+00:00,cam-01,behavior,1,unknown,idle,0.916,1,0
2026-06-23T06:39:41.007814+00:00,cam-01,behavior,1,unknown,idle,0.914,1,0
2026-06-23T06:39:41.037511+00:00,cam-01,behavior,1,unknown,idle,0.91,1,0
2026-06-23T06:39:41.065488+00:00,cam-01,behavior,1,unknown,idle,0.905,1,0
2026-06-23T06:39:41.102486+00:00,cam-01,behavior,1,unknown,idle,0.915,1,0
2026-06-23T06:39:41.132661+00:00,cam-01,behavior,1,unknown,idle,0.916,1,0
2026-06-23T06:39:41.169200+00:00,cam-01,behavior,1,unknown,idle,0.919,1,0
2026-06-23T06:39:41.213432+00:00,cam-01,behavior,1,unknown,idle,0.922,1,0
2026-06-23T06:39:41.248419+00:00,cam-01,behavior,1,unknown,idle,0.928,1,0
2026-06-23T06:39:41.278626+00:00,cam-01,behavior,1,unknown,idle,0.926,1,0
2026-06-23T06:39:41.312541+00:00,cam-01,behavior,1,unknown,idle,0.924,1,0
2026-06-23T06:39:41.337377+00:00,cam-01,behavior,1,unknown,idle,0.922,1,0
2026-06-23T06:39:41.375596+00:00,cam-01,behavior,1,unknown,idle,0.921,1,0
2026-06-23T06:39:41.411706+00:00,cam-01,behavior,1,unknown,idle,0.92,1,0
2026-06-23T06:39:41.439675+00:00,cam-01,behavior,1,unknown,idle,0.92,1,0
2026-06-23T06:39:41.475513+00:00,cam-01,behavior,1,unknown,idle,0.921,1,0
2026-06-23T06:39:41.508163+00:00,cam-01,behavior,1,unknown,idle,0.914,1,0
2026-06-23T06:39:41.529915+00:00,cam-01,behavior,1,unknown,idle,0.914,1,0
2026-06-23T06:39:41.556302+00:00,cam-01,behavior,1,unknown,idle,0.918,1,0
2026-06-23T06:39:41.609558+00:00,cam-01,behavior,1,unknown,idle,0.916,1,0
2026-06-23T06:39:41.645416+00:00,cam-01,behavior,1,unknown,idle,0.919,1,0
2026-06-23T06:39:41.680907+00:00,cam-01,behavior,1,unknown,idle,0.926,1,0
2026-06-23T06:39:41.710302+00:00,cam-01,behavior,1,unknown,idle,0.925,1,0
2026-06-23T06:39:41.743914+00:00,cam-01,behavior,1,unknown,idle,0.922,1,0
2026-06-23T06:39:41.776864+00:00,cam-01,behavior,1,unknown,idle,0.918,1,0
2026-06-23T06:39:41.801132+00:00,cam-01,behavior,1,unknown,idle,0.902,1,0
2026-06-23T06:39:41.837993+00:00,cam-01,behavior,1,unknown,idle,0.908,1,0
2026-06-23T06:39:41.865923+00:00,cam-01,behavior,1,unknown,idle,0.91,1,0
2026-06-23T06:39:41.903455+00:00,cam-01,behavior,1,unknown,idle,0.905,1,0
2026-06-23T06:39:41.928180+00:00,cam-01,behavior,1,unknown,idle,0.905,1,0
2026-06-23T06:39:41.983952+00:00,cam-01,behavior,1,unknown,idle,0.907,1,0
2026-06-23T06:39:42.015119+00:00,cam-01,behavior,1,unknown,idle,0.902,1,0
2026-06-23T06:39:42.045437+00:00,cam-01,behavior,1,unknown,idle,0.907,1,0
2026-06-23T06:39:42.080476+00:00,cam-01,behavior,1,unknown,idle,0.906,1,0
2026-06-23T06:39:42.114402+00:00,cam-01,behavior,1,unknown,idle,0.907,1,0
2026-06-23T06:39:42.140975+00:00,cam-01,behavior,1,unknown,idle,0.908,1,0
2026-06-23T06:39:42.169781+00:00,cam-01,behavior,1,unknown,idle,0.903,1,0
2026-06-23T06:39:42.206171+00:00,cam-01,behavior,1,unknown,idle,0.9,1,0
2026-06-23T06:39:42.233287+00:00,cam-01,behavior,1,unknown,idle,0.904,1,0
2026-06-23T06:39:42.265791+00:00,cam-01,behavior,1,unknown,idle,0.9,1,0
2026-06-23T06:39:42.304104+00:00,cam-01,behavior,1,unknown,idle,0.898,1,0
2026-06-23T06:39:42.346511+00:00,cam-01,behavior,1,unknown,idle,0.907,1,0
2026-06-23T06:39:42.381498+00:00,cam-01,behavior,1,unknown,idle,0.904,1,0
2026-06-23T06:39:42.415298+00:00,cam-01,behavior,1,unknown,idle,0.909,1,0
2026-06-23T06:39:42.448669+00:00,cam-01,behavior,1,unknown,idle,0.908,1,0
2026-06-23T06:39:42.482990+00:00,cam-01,behavior,1,unknown,idle,0.907,1,0
2026-06-23T06:39:42.525821+00:00,cam-01,behavior,1,unknown,idle,0.907,1,0
2026-06-23T06:39:42.575197+00:00,cam-01,behavior,1,unknown,idle,0.917,1,0
2026-06-23T06:39:43.435768+00:00,cam-01,behavior,1,unknown,idle,0.914,1,0
2026-06-23T06:39:43.469725+00:00,cam-01,behavior,1,unknown,idle,0.912,1,0
2026-06-23T06:39:43.494455+00:00,cam-01,behavior,1,unknown,idle,0.912,1,0
2026-06-23T06:39:43.526283+00:00,cam-01,behavior,1,unknown,idle,0.918,1,0
2026-06-23T06:39:43.548598+00:00,cam-01,behavior,1,unknown,idle,0.918,1,0
2026-06-23T06:39:43.579890+00:00,cam-01,behavior,1,unknown,idle,0.927,1,0
2026-06-23T06:39:43.598984+00:00,cam-01,behavior,1,unknown,idle,0.927,1,0
2026-06-23T06:39:43.646537+00:00,cam-01,behavior,1,unknown,idle,0.926,1,0
2026-06-23T06:39:43.674496+00:00,cam-01,behavior,1,unknown,idle,0.926,1,0
2026-06-23T06:39:43.714693+00:00,cam-01,behavior,1,unknown,idle,0.927,1,0
2026-06-23T06:39:43.737951+00:00,cam-01,behavior,1,unknown,idle,0.927,1,0
2026-06-23T06:39:43.785277+00:00,cam-01,behavior,1,unknown,idle,0.928,1,0
2026-06-23T06:39:43.820361+00:00,cam-01,behavior,1,unknown,idle,0.928,1,0
2026-06-23T06:39:43.852956+00:00,cam-01,behavior,1,unknown,idle,0.933,1,0
2026-06-23T06:39:43.886532+00:00,cam-01,behavior,1,unknown,idle,0.933,1,0
2026-06-23T06:39:43.917711+00:00,cam-01,behavior,1,unknown,idle,0.942,1,0
2026-06-23T06:39:43.945509+00:00,cam-01,behavior,1,unknown,idle,0.942,1,0
2026-06-23T06:39:43.977707+00:00,cam-01,behavior,1,unknown,idle,0.941,1,0
2026-06-23T06:39:44.012581+00:00,cam-01,behavior,1,unknown,idle,0.941,1,0
2026-06-23T06:39:44.047434+00:00,cam-01,behavior,1,unknown,idle,0.94,1,0
2026-06-23T06:39:44.081623+00:00,cam-01,behavior,1,unknown,idle,0.94,1,0
2026-06-23T06:39:44.110121+00:00,cam-01,behavior,1,unknown,idle,0.943,1,0
2026-06-23T06:39:44.130658+00:00,cam-01,behavior,1,unknown,idle,0.943,1,0
2026-06-23T06:39:44.172189+00:00,cam-01,behavior,1,unknown,idle,0.94,1,0
2026-06-23T06:39:44.205958+00:00,cam-01,behavior,1,unknown,idle,0.94,1,0
2026-06-23T06:39:44.234599+00:00,cam-01,behavior,1,unknown,idle,0.942,1,0
2026-06-23T06:39:44.261837+00:00,cam-01,behavior,1,unknown,idle,0.942,1,0
2026-06-23T06:39:44.317915+00:00,cam-01,behavior,1,unknown,idle,0.945,1,0
2026-06-23T06:39:44.347463+00:00,cam-01,behavior,1,unknown,phone,0.945,1,1
2026-06-23T06:39:44.380546+00:00,cam-01,behavior,1,unknown,phone,0.941,1,1
2026-06-23T06:39:44.414756+00:00,cam-01,behavior,1,unknown,phone,0.941,1,1
2026-06-23T06:39:44.449480+00:00,cam-01,behavior,1,unknown,phone,0.942,1,1
2026-06-23T06:39:44.473930+00:00,cam-01,behavior,1,unknown,phone,0.942,1,1
2026-06-23T06:39:44.512368+00:00,cam-01,behavior,1,unknown,phone,0.944,1,1
2026-06-23T06:39:44.537389+00:00,cam-01,behavior,1,unknown,phone,0.944,1,1
2026-06-23T06:39:44.574983+00:00,cam-01,behavior,1,unknown,phone,0.948,1,1
2026-06-23T06:39:44.598965+00:00,cam-01,behavior,1,unknown,phone,0.948,1,1
2026-06-23T06:39:44.637183+00:00,cam-01,behavior,1,unknown,phone,0.944,1,1
2026-06-23T06:39:44.665787+00:00,cam-01,behavior,1,unknown,phone,0.944,1,1
2026-06-23T06:39:44.727338+00:00,cam-01,behavior,1,unknown,phone,0.947,1,1
2026-06-23T06:39:44.755144+00:00,cam-01,behavior,1,unknown,phone,0.947,1,1
2026-06-23T06:39:44.790113+00:00,cam-01,behavior,1,unknown,phone,0.944,1,1
2026-06-23T06:39:44.824454+00:00,cam-01,behavior,1,unknown,phone,0.944,1,1
2026-06-23T06:39:44.851348+00:00,cam-01,behavior,1,unknown,phone,0.937,1,1
2026-06-23T06:39:44.881842+00:00,cam-01,behavior,1,unknown,phone,0.937,1,1
2026-06-23T06:39:44.910719+00:00,cam-01,behavior,1,unknown,phone,0.942,1,1
2026-06-23T06:39:44.937665+00:00,cam-01,behavior,1,unknown,phone,0.942,1,1
2026-06-23T06:39:44.974947+00:00,cam-01,behavior,1,unknown,phone,0.941,1,1
2026-06-23T06:39:45.002914+00:00,cam-01,behavior,1,unknown,phone,0.941,1,1
2026-06-23T06:39:45.057196+00:00,cam-01,behavior,1,unknown,phone,0.937,1,1
2026-06-23T06:39:45.083454+00:00,cam-01,behavior,1,unknown,phone,0.937,1,1
2026-06-23T06:39:45.124776+00:00,cam-01,behavior,1,unknown,phone,0.938,1,1
2026-06-23T06:39:45.163674+00:00,cam-01,behavior,1,unknown,phone,0.938,1,1
2026-06-23T06:39:45.186934+00:00,cam-01,behavior,1,unknown,phone,0.936,1,1
2026-06-23T06:39:45.219826+00:00,cam-01,behavior,1,unknown,phone,0.936,1,1
2026-06-23T06:39:45.254691+00:00,cam-01,behavior,1,unknown,idle,0.935,1,0
2026-06-23T06:39:45.289744+00:00,cam-01,behavior,1,unknown,idle,0.935,1,0
2026-06-23T06:39:45.316507+00:00,cam-01,behavior,1,unknown,phone,0.928,1,1
2026-06-23T06:39:45.353371+00:00,cam-01,behavior,1,unknown,phone,0.928,1,1
2026-06-23T06:39:45.384716+00:00,cam-01,behavior,1,unknown,idle,0.934,1,0
2026-06-23T06:39:45.418455+00:00,cam-01,behavior,1,unknown,idle,0.934,1,0
2026-06-23T06:39:45.449370+00:00,cam-01,behavior,1,unknown,idle,0.924,1,0
2026-06-23T06:39:45.481465+00:00,cam-01,behavior,1,unknown,idle,0.924,1,0
2026-06-23T06:39:45.511703+00:00,cam-01,behavior,1,unknown,idle,0.926,1,0
2026-06-23T06:39:45.546169+00:00,cam-01,behavior,1,unknown,idle,0.926,1,0
2026-06-23T06:39:45.588263+00:00,cam-01,behavior,1,unknown,idle,0.925,1,0
2026-06-23T06:39:45.611487+00:00,cam-01,behavior,1,unknown,idle,0.925,1,0
2026-06-23T06:39:45.647559+00:00,cam-01,behavior,1,unknown,idle,0.927,1,0
2026-06-23T06:39:45.681905+00:00,cam-01,behavior,1,unknown,idle,0.927,1,0
2026-06-23T06:39:45.711811+00:00,cam-01,behavior,1,unknown,idle,0.925,1,0
2026-06-23T06:39:45.742000+00:00,cam-01,behavior,1,unknown,idle,0.925,1,0
2026-06-23T06:39:45.776333+00:00,cam-01,behavior,1,unknown,idle,0.929,1,0
2026-06-23T06:39:45.817994+00:00,cam-01,behavior,1,unknown,idle,0.929,1,0
2026-06-23T06:39:45.855889+00:00,cam-01,behavior,1,unknown,idle,0.926,1,0
2026-06-23T06:39:45.889864+00:00,cam-01,behavior,1,unknown,idle,0.926,1,0
2026-06-23T06:39:45.914282+00:00,cam-01,behavior,1,unknown,idle,0.926,1,0
2026-06-23T06:39:45.945503+00:00,cam-01,behavior,1,unknown,idle,0.926,1,0
2026-06-23T06:39:45.970121+00:00,cam-01,behavior,1,unknown,idle,0.923,1,0
2026-06-23T06:39:46.017886+00:00,cam-01,behavior,1,unknown,idle,0.923,1,0
2026-06-23T06:39:46.039905+00:00,cam-01,behavior,1,unknown,idle,0.925,1,0
2026-06-23T06:39:46.093389+00:00,cam-01,behavior,1,unknown,idle,0.925,1,0
2026-06-23T06:39:46.123546+00:00,cam-01,behavior,1,unknown,idle,0.926,1,0
2026-06-23T06:39:46.154290+00:00,cam-01,behavior,1,unknown,idle,0.926,1,0
2026-06-23T06:39:46.177535+00:00,cam-01,behavior,1,unknown,idle,0.925,1,0
2026-06-23T06:39:46.220489+00:00,cam-01,behavior,1,unknown,idle,0.925,1,0
2026-06-23T06:39:46.253760+00:00,cam-01,behavior,1,unknown,idle,0.927,1,0
2026-06-23T06:39:46.282915+00:00,cam-01,behavior,1,unknown,idle,0.927,1,0
2026-06-23T06:39:46.318164+00:00,cam-01,behavior,1,unknown,idle,0.926,1,0
2026-06-23T06:39:46.349621+00:00,cam-01,behavior,1,unknown,idle,0.926,1,0
2026-06-23T06:39:46.384215+00:00,cam-01,behavior,1,unknown,idle,0.928,1,0
2026-06-23T06:39:46.413047+00:00,cam-01,behavior,1,unknown,idle,0.928,1,0
2026-06-23T06:39:46.446454+00:00,cam-01,behavior,1,unknown,idle,0.926,1,0
2026-06-23T06:39:46.478979+00:00,cam-01,behavior,1,unknown,idle,0.926,1,0
2026-06-23T06:39:46.512942+00:00,cam-01,behavior,1,unknown,idle,0.924,1,0
2026-06-23T06:39:46.546018+00:00,cam-01,behavior,1,unknown,idle,0.924,1,0
2026-06-23T06:39:46.559847+00:00,cam-01,behavior,1,unknown,idle,0.927,1,0
2026-06-23T06:39:46.609090+00:00,cam-01,behavior,1,unknown,idle,0.927,1,0
2026-06-23T06:39:46.658709+00:00,cam-01,behavior,1,unknown,idle,0.928,1,0
2026-06-23T06:39:46.692109+00:00,cam-01,behavior,1,unknown,idle,0.928,1,0
2026-06-23T06:39:46.718867+00:00,cam-01,behavior,1,unknown,idle,0.93,1,0
2026-06-23T06:39:46.760123+00:00,cam-01,behavior,1,unknown,idle,0.93,1,0
2026-06-23T06:39:46.786563+00:00,cam-01,behavior,1,unknown,idle,0.928,1,0
2026-06-23T06:39:46.821577+00:00,cam-01,behavior,1,unknown,idle,0.928,1,0
2026-06-23T06:39:46.856017+00:00,cam-01,behavior,1,unknown,idle,0.93,1,0
2026-06-23T06:39:46.893623+00:00,cam-01,behavior,1,unknown,idle,0.93,1,0
2026-06-23T06:39:46.934534+00:00,cam-01,behavior,1,unknown,idle,0.923,1,0
2026-06-23T06:39:46.959849+00:00,cam-01,behavior,1,unknown,idle,0.923,1,0
2026-06-23T06:39:46.995025+00:00,cam-01,behavior,1,unknown,idle,0.926,1,0
2026-06-23T06:39:47.029696+00:00,cam-01,behavior,1,unknown,idle,0.926,1,0
2026-06-23T06:39:47.067710+00:00,cam-01,behavior,1,unknown,idle,0.925,1,0
2026-06-23T06:39:47.113527+00:00,cam-01,behavior,1,unknown,idle,0.925,1,0
2026-06-23T06:39:47.136460+00:00,cam-01,behavior,1,unknown,idle,0.927,1,0
2026-06-23T06:39:47.161077+00:00,cam-01,behavior,1,unknown,idle,0.927,1,0
2026-06-23T06:39:47.183880+00:00,cam-01,behavior,1,unknown,idle,0.925,1,0
2026-06-23T06:39:47.207110+00:00,cam-01,behavior,1,unknown,idle,0.925,1,0
2026-06-23T06:39:47.249371+00:00,cam-01,behavior,1,unknown,idle,0.925,1,0
2026-06-23T06:39:47.271401+00:00,cam-01,behavior,1,unknown,idle,0.925,1,0
2026-06-23T06:39:47.313716+00:00,cam-01,behavior,1,unknown,idle,0.928,1,0
2026-06-23T06:39:47.334330+00:00,cam-01,behavior,1,unknown,idle,0.928,1,0
2026-06-23T06:39:47.387359+00:00,cam-01,behavior,1,unknown,idle,0.932,1,0
2026-06-23T06:39:47.412765+00:00,cam-01,behavior,1,unknown,idle,0.932,1,0
2026-06-23T06:39:47.449933+00:00,cam-01,behavior,1,unknown,idle,0.931,1,0
2026-06-23T06:39:47.483403+00:00,cam-01,behavior,1,unknown,idle,0.931,1,0
2026-06-23T06:39:47.519023+00:00,cam-01,behavior,1,unknown,idle,0.932,1,0
2026-06-23T06:39:47.545041+00:00,cam-01,behavior,1,unknown,idle,0.932,1,0
2026-06-23T06:39:47.581513+00:00,cam-01,behavior,1,unknown,idle,0.936,1,0
2026-06-23T06:39:47.615528+00:00,cam-01,behavior,1,unknown,idle,0.936,1,0
2026-06-23T06:39:47.650268+00:00,cam-01,behavior,1,unknown,idle,0.931,1,0
2026-06-23T06:39:47.675347+00:00,cam-01,behavior,1,unknown,idle,0.931,1,0
2026-06-23T06:39:47.708102+00:00,cam-01,behavior,1,unknown,idle,0.929,1,0
2026-06-23T06:39:47.741531+00:00,cam-01,behavior,1,unknown,idle,0.929,1,0
2026-06-23T06:39:47.791054+00:00,cam-01,behavior,1,unknown,idle,0.933,1,0
2026-06-23T06:39:47.824083+00:00,cam-01,behavior,1,unknown,idle,0.933,1,0
2026-06-23T06:39:47.858170+00:00,cam-01,behavior,1,unknown,idle,0.938,1,0
2026-06-23T06:39:47.892665+00:00,cam-01,behavior,1,unknown,idle,0.938,1,0
2026-06-23T06:39:47.930584+00:00,cam-01,behavior,1,unknown,idle,0.941,1,0
2026-06-23T06:39:47.952221+00:00,cam-01,behavior,1,unknown,idle,0.941,1,0
2026-06-23T06:39:47.986541+00:00,cam-01,behavior,1,unknown,idle,0.942,1,0
2026-06-23T06:39:48.030753+00:00,cam-01,behavior,1,unknown,idle,0.942,1,0
2026-06-23T06:39:48.063435+00:00,cam-01,behavior,1,unknown,idle,0.937,1,0
2026-06-23T06:39:48.096875+00:00,cam-01,behavior,1,unknown,idle,0.937,1,0
2026-06-23T06:39:48.118136+00:00,cam-01,behavior,1,unknown,idle,0.924,1,0
2026-06-23T06:39:48.144906+00:00,cam-01,behavior,1,unknown,idle,0.924,1,0
2026-06-23T06:39:48.181280+00:00,cam-01,behavior,1,unknown,idle,0.93,1,0
2026-06-23T06:39:48.211289+00:00,cam-01,behavior,1,unknown,idle,0.93,1,0
2026-06-23T06:39:48.243964+00:00,cam-01,behavior,1,unknown,idle,0.937,1,0
2026-06-23T06:39:48.274403+00:00,cam-01,behavior,1,unknown,idle,0.937,1,0
2026-06-23T06:39:48.317864+00:00,cam-01,behavior,1,unknown,idle,0.939,1,0
2026-06-23T06:39:48.348639+00:00,cam-01,behavior,1,unknown,idle,0.939,1,0
2026-06-23T06:39:48.382953+00:00,cam-01,behavior,1,unknown,idle,0.937,1,0
2026-06-23T06:39:48.417761+00:00,cam-01,behavior,1,unknown,idle,0.937,1,0
2026-06-23T06:39:48.444218+00:00,cam-01,behavior,1,unknown,idle,0.936,1,0
2026-06-23T06:39:48.488211+00:00,cam-01,behavior,1,unknown,idle,0.936,1,0
2026-06-23T06:39:48.502065+00:00,cam-01,behavior,1,unknown,idle,0.934,1,0
2026-06-23T06:39:48.546285+00:00,cam-01,behavior,1,unknown,idle,0.934,1,0
2026-06-23T06:39:48.588707+00:00,cam-01,behavior,1,unknown,idle,0.937,1,0
2026-06-23T06:39:48.625349+00:00,cam-01,behavior,1,unknown,idle,0.937,1,0
2026-06-23T06:39:48.653654+00:00,cam-01,behavior,1,unknown,idle,0.937,1,0
2026-06-23T06:39:48.682653+00:00,cam-01,behavior,1,unknown,idle,0.937,1,0
2026-06-23T06:39:48.724244+00:00,cam-01,behavior,1,unknown,idle,0.936,1,0
2026-06-23T06:39:48.749628+00:00,cam-01,behavior,1,unknown,idle,0.936,1,0
2026-06-23T06:39:48.781130+00:00,cam-01,behavior,1,unknown,idle,0.929,1,0
2026-06-23T06:39:48.818343+00:00,cam-01,behavior,1,unknown,idle,0.929,1,0
2026-06-23T06:39:48.848702+00:00,cam-01,behavior,1,unknown,idle,0.935,1,0
2026-06-23T06:39:48.881057+00:00,cam-01,behavior,1,unknown,idle,0.935,1,0
2026-06-23T06:39:48.927895+00:00,cam-01,behavior,1,unknown,idle,0.934,1,0
2026-06-23T06:39:48.963358+00:00,cam-01,behavior,1,unknown,idle,0.934,1,0
2026-06-23T06:39:48.997106+00:00,cam-01,behavior,1,unknown,idle,0.94,1,0
2026-06-23T06:39:49.039096+00:00,cam-01,behavior,1,unknown,idle,0.94,1,0
2026-06-23T06:39:49.067141+00:00,cam-01,behavior,1,unknown,idle,0.938,1,0
2026-06-23T06:39:49.098671+00:00,cam-01,behavior,1,unknown,idle,0.938,1,0
2026-06-23T06:39:49.133580+00:00,cam-01,behavior,1,unknown,idle,0.936,1,0
2026-06-23T06:39:49.171797+00:00,cam-01,behavior,1,unknown,idle,0.936,1,0
2026-06-23T06:39:49.202216+00:00,cam-01,behavior,1,unknown,idle,0.935,1,0
2026-06-23T06:39:49.236365+00:00,cam-01,behavior,1,unknown,idle,0.935,1,0
2026-06-23T06:39:49.260416+00:00,cam-01,behavior,1,unknown,idle,0.939,1,0
2026-06-23T06:39:49.290069+00:00,cam-01,behavior,1,unknown,idle,0.939,1,0
2026-06-23T06:39:49.351763+00:00,cam-01,behavior,1,unknown,idle,0.938,1,0
2026-06-23T06:39:49.388094+00:00,cam-01,behavior,1,unknown,idle,0.938,1,0
2026-06-23T06:39:49.422484+00:00,cam-01,behavior,1,unknown,idle,0.938,1,0
2026-06-23T06:39:49.456946+00:00,cam-01,behavior,1,unknown,idle,0.939,1,0
2026-06-23T06:39:49.496980+00:00,cam-01,behavior,1,unknown,idle,0.935,1,0
2026-06-23T06:39:49.546907+00:00,cam-01,behavior,1,unknown,idle,0.935,1,0
2026-06-23T06:39:49.576437+00:00,cam-01,behavior,1,unknown,idle,0.934,1,0
2026-06-23T06:39:49.612947+00:00,cam-01,behavior,1,unknown,idle,0.934,1,0
2026-06-23T06:39:49.648534+00:00,cam-01,behavior,1,unknown,idle,0.94,1,0
2026-06-23T06:39:49.733873+00:00,cam-01,behavior,1,unknown,idle,0.94,1,0
2026-06-23T06:39:49.765004+00:00,cam-01,behavior,1,unknown,idle,0.94,1,0
2026-06-23T06:39:49.809851+00:00,cam-01,behavior,1,unknown,idle,0.938,1,0
2026-06-23T06:39:49.853564+00:00,cam-01,behavior,1,unknown,idle,0.938,1,0
2026-06-23T06:39:49.894737+00:00,cam-01,behavior,1,unknown,idle,0.936,1,0
2026-06-23T06:39:49.920804+00:00,cam-01,behavior,1,unknown,idle,0.936,1,0
2026-06-23T06:39:49.964596+00:00,cam-01,behavior,1,unknown,idle,0.936,1,0
2026-06-23T06:39:49.986412+00:00,cam-01,behavior,1,unknown,idle,0.936,1,0
2026-06-23T06:39:50.023948+00:00,cam-01,behavior,1,unknown,idle,0.939,1,0
2026-06-23T06:39:50.054297+00:00,cam-01,behavior,1,unknown,idle,0.939,1,0
2026-06-23T06:39:50.089624+00:00,cam-01,behavior,1,unknown,idle,0.941,1,0
2026-06-23T06:39:50.126013+00:00,cam-01,behavior,1,unknown,idle,0.941,1,0
2026-06-23T06:39:50.160974+00:00,cam-01,behavior,1,unknown,idle,0.936,1,0
2026-06-23T06:39:50.192478+00:00,cam-01,behavior,1,unknown,idle,0.936,1,0
2026-06-23T06:39:50.241777+00:00,cam-01,behavior,1,unknown,idle,0.938,1,0
2026-06-23T06:39:50.281756+00:00,cam-01,behavior,1,unknown,idle,0.938,1,0
2026-06-23T06:39:50.315893+00:00,cam-01,behavior,1,unknown,idle,0.937,1,0
2026-06-23T06:39:50.349375+00:00,cam-01,behavior,1,unknown,idle,0.937,1,0
2026-06-23T06:39:50.378896+00:00,cam-01,behavior,1,unknown,idle,0.928,1,0
2026-06-23T06:39:50.415952+00:00,cam-01,behavior,1,unknown,idle,0.928,1,0
2026-06-23T06:39:50.459054+00:00,cam-01,behavior,1,unknown,idle,0.932,1,0
2026-06-23T06:39:50.489285+00:00,cam-01,behavior,1,unknown,idle,0.932,1,0
2026-06-23T06:39:50.516099+00:00,cam-01,behavior,1,unknown,idle,0.928,1,0
2026-06-23T06:39:50.552882+00:00,cam-01,behavior,1,unknown,idle,0.928,1,0
2026-06-23T06:39:50.585384+00:00,cam-01,behavior,1,unknown,idle,0.929,1,0
2026-06-23T06:39:50.619943+00:00,cam-01,behavior,1,unknown,idle,0.929,1,0
2026-06-23T06:39:50.654708+00:00,cam-01,behavior,1,unknown,idle,0.928,1,0
2026-06-23T06:39:50.679486+00:00,cam-01,behavior,1,unknown,idle,0.928,1,0
2026-06-23T06:39:50.701291+00:00,cam-01,behavior,1,unknown,idle,0.932,1,0
2026-06-23T06:39:50.734616+00:00,cam-01,behavior,1,unknown,idle,0.932,1,0
2026-06-23T06:39:50.769103+00:00,cam-01,behavior,1,unknown,idle,0.929,1,0
2026-06-23T06:39:50.780205+00:00,cam-01,behavior,1,unknown,idle,0.929,1,0
2026-06-23T06:39:50.798984+00:00,cam-01,behavior,1,unknown,idle,0.929,1,0
2026-06-23T06:39:50.828003+00:00,cam-01,behavior,1,unknown,idle,0.929,1,0
2026-06-23T06:39:50.871463+00:00,cam-01,behavior,1,unknown,idle,0.933,1,0
2026-06-23T06:39:50.901751+00:00,cam-01,behavior,1,unknown,idle,0.933,1,0
2026-06-23T06:39:50.934608+00:00,cam-01,behavior,1,unknown,idle,0.933,1,0
2026-06-23T06:39:50.972394+00:00,cam-01,behavior,1,unknown,idle,0.894,1,0
2026-06-23T06:39:51.011430+00:00,cam-01,behavior,1,unknown,idle,0.919,1,0
2026-06-23T06:39:51.041630+00:00,cam-01,behavior,1,unknown,idle,0.919,1,0
2026-06-23T06:39:51.079369+00:00,cam-01,behavior,1,unknown,idle,0.93,1,0
2026-06-23T06:39:51.110348+00:00,cam-01,behavior,1,unknown,idle,0.93,1,0
2026-06-23T06:39:51.159807+00:00,cam-01,behavior,1,unknown,idle,0.933,1,0
2026-06-23T06:39:51.194112+00:00,cam-01,behavior,1,unknown,idle,0.933,1,0
2026-06-23T06:39:51.228985+00:00,cam-01,behavior,1,unknown,idle,0.934,1,0
2026-06-23T06:39:51.263617+00:00,cam-01,behavior,1,unknown,idle,0.934,1,0
2026-06-23T06:39:51.313806+00:00,cam-01,behavior,1,unknown,idle,0.94,1,0
2026-06-23T06:39:51.356541+00:00,cam-01,behavior,1,unknown,idle,0.94,1,0
2026-06-23T06:39:51.372302+00:00,cam-01,behavior,1,unknown,idle,0.94,1,0
2026-06-23T06:39:51.417893+00:00,cam-01,behavior,1,unknown,idle,0.938,1,0
2026-06-23T06:39:51.450014+00:00,cam-01,behavior,1,unknown,idle,0.939,1,0
2026-06-23T06:39:51.483786+00:00,cam-01,behavior,1,unknown,idle,0.939,1,0
2026-06-23T06:39:51.518066+00:00,cam-01,behavior,1,unknown,idle,0.936,1,0
2026-06-23T06:39:51.553749+00:00,cam-01,behavior,1,unknown,idle,0.936,1,0
2026-06-23T06:39:51.587569+00:00,cam-01,behavior,1,unknown,idle,0.938,1,0
2026-06-23T06:39:51.665732+00:00,cam-01,behavior,1,unknown,idle,0.932,1,0
2026-06-23T06:39:51.700081+00:00,cam-01,behavior,1,unknown,idle,0.932,1,0
2026-06-23T06:39:51.734726+00:00,cam-01,behavior,1,unknown,idle,0.932,1,0
2026-06-23T06:39:51.769286+00:00,cam-01,behavior,1,unknown,idle,0.919,1,0
2026-06-23T06:39:51.803663+00:00,cam-01,behavior,1,unknown,idle,0.921,1,0
2026-06-23T06:39:51.848120+00:00,cam-01,behavior,1,unknown,idle,0.921,1,0
2026-06-23T06:39:51.881838+00:00,cam-01,behavior,1,unknown,idle,0.93,1,0
2026-06-23T06:39:51.916420+00:00,cam-01,behavior,1,unknown,idle,0.93,1,0
2026-06-23T06:39:51.951062+00:00,cam-01,behavior,1,unknown,idle,0.928,1,0
2026-06-23T06:39:51.975785+00:00,cam-01,behavior,1,unknown,idle,0.928,1,0
2026-06-23T06:39:52.019327+00:00,cam-01,behavior,1,unknown,idle,0.933,1,0
2026-06-23T06:39:52.054034+00:00,cam-01,behavior,1,unknown,idle,0.933,1,0
2026-06-23T06:39:52.089486+00:00,cam-01,behavior,1,unknown,idle,0.93,1,0
2026-06-23T06:39:52.127118+00:00,cam-01,behavior,1,unknown,idle,0.93,1,0
2026-06-23T06:39:52.155840+00:00,cam-01,behavior,1,unknown,idle,0.93,1,0
2026-06-23T06:39:52.191302+00:00,cam-01,behavior,1,unknown,idle,0.932,1,0
2026-06-23T06:39:52.222781+00:00,cam-01,behavior,1,unknown,idle,0.929,1,0
2026-06-23T06:39:52.257510+00:00,cam-01,behavior,1,unknown,idle,0.929,1,0
2026-06-23T06:39:52.293229+00:00,cam-01,behavior,1,unknown,idle,0.927,1,0
2026-06-23T06:39:52.323633+00:00,cam-01,behavior,1,unknown,idle,0.927,1,0
2026-06-23T06:39:52.358639+00:00,cam-01,behavior,1,unknown,idle,0.926,1,0
2026-06-23T06:39:52.397079+00:00,cam-01,behavior,1,unknown,idle,0.926,1,0
2026-06-23T06:39:52.433410+00:00,cam-01,behavior,1,unknown,idle,0.924,1,0
2026-06-23T06:39:52.463392+00:00,cam-01,behavior,1,unknown,idle,0.924,1,0
2026-06-23T06:39:52.499090+00:00,cam-01,behavior,1,unknown,idle,0.92,1,0
2026-06-23T06:39:52.533399+00:00,cam-01,behavior,1,unknown,idle,0.92,1,0
2026-06-23T06:39:52.573800+00:00,cam-01,behavior,1,unknown,idle,0.92,1,0
2026-06-23T06:39:52.617111+00:00,cam-01,behavior,1,unknown,idle,0.923,1,0
2026-06-23T06:39:52.652701+00:00,cam-01,behavior,1,unknown,idle,0.916,1,0
2026-06-23T06:39:52.688387+00:00,cam-01,behavior,1,unknown,working,0.916,1,0
2026-06-23T06:39:52.722668+00:00,cam-01,behavior,1,unknown,working,0.927,1,0
2026-06-23T06:39:52.761961+00:00,cam-01,behavior,1,unknown,working,0.927,1,0
2026-06-23T06:39:52.793550+00:00,cam-01,behavior,1,unknown,idle,0.924,1,0
2026-06-23T06:39:52.839593+00:00,cam-01,behavior,1,unknown,idle,0.924,1,0
2026-06-23T06:39:52.862316+00:00,cam-01,behavior,1,unknown,idle,0.912,1,0
2026-06-23T06:39:52.896396+00:00,cam-01,behavior,1,unknown,idle,0.905,1,0
2026-06-23T06:39:52.946334+00:00,cam-01,behavior,1,unknown,idle,0.778,1,0
2026-06-23T06:39:52.992542+00:00,cam-01,behavior,1,unknown,working,0.913,1,0
2026-06-23T06:39:53.026864+00:00,cam-01,behavior,1,unknown,idle,0.913,2,0
2026-06-23T06:39:53.033181+00:00,cam-01,behavior,5,unknown,working,0.498,2,0
2026-06-23T06:39:53.064526+00:00,cam-01,behavior,1,unknown,working,0.898,1,0
2026-06-23T06:39:53.097271+00:00,cam-01,behavior,1,unknown,working,0.898,1,0
2026-06-23T06:39:53.133357+00:00,cam-01,behavior,1,unknown,working,0.899,1,0
2026-06-23T06:39:53.165416+00:00,cam-01,behavior,1,unknown,working,0.899,1,0
2026-06-23T06:39:53.203823+00:00,cam-01,behavior,1,unknown,working,0.848,1,0
2026-06-23T06:39:53.246135+00:00,cam-01,behavior,1,unknown,phone,0.848,1,1
2026-06-23T06:39:53.271118+00:00,cam-01,behavior,1,unknown,phone,0.848,1,1
2026-06-23T06:39:53.305587+00:00,cam-01,behavior,1,unknown,working,0.888,1,0
2026-06-23T06:39:53.338596+00:00,cam-01,behavior,1,unknown,working,0.888,1,0
2026-06-23T06:39:53.380481+00:00,cam-01,behavior,1,unknown,working,0.923,1,0
2026-06-23T06:39:53.438131+00:00,cam-01,behavior,1,unknown,working,0.919,1,0
2026-06-23T06:39:53.472200+00:00,cam-01,behavior,1,unknown,working,0.919,1,0
2026-06-23T06:39:53.512349+00:00,cam-01,behavior,1,unknown,working,0.872,1,0
2026-06-23T06:39:53.539726+00:00,cam-01,behavior,1,unknown,working,0.872,1,0
2026-06-23T06:39:53.573983+00:00,cam-01,behavior,1,unknown,working,0.914,1,0
2026-06-23T06:39:53.612198+00:00,cam-01,behavior,1,unknown,working,0.912,1,0
2026-06-23T06:39:53.672313+00:00,cam-01,behavior,1,unknown,working,0.905,1,0
2026-06-23T06:39:53.699314+00:00,cam-01,behavior,1,unknown,idle,0.905,1,0
2026-06-23T06:39:53.737397+00:00,cam-01,behavior,1,unknown,idle,0.894,1,0
2026-06-23T06:39:53.795577+00:00,cam-01,behavior,1,unknown,idle,0.884,1,0
2026-06-23T06:39:53.827919+00:00,cam-01,behavior,1,unknown,idle,0.884,1,0
2026-06-23T06:39:53.863175+00:00,cam-01,behavior,1,unknown,idle,0.889,1,0
2026-06-23T06:39:53.899758+00:00,cam-01,behavior,1,unknown,idle,0.889,1,0
2026-06-23T06:39:53.933824+00:00,cam-01,behavior,1,unknown,idle,0.892,1,0
2026-06-23T06:39:53.967733+00:00,cam-01,behavior,1,unknown,idle,0.892,1,0
2026-06-23T06:39:54.002382+00:00,cam-01,behavior,1,unknown,idle,0.899,1,0
2026-06-23T06:39:54.028851+00:00,cam-01,behavior,1,unknown,phone,0.899,1,1
2026-06-23T06:39:54.058342+00:00,cam-01,behavior,1,unknown,phone,0.899,1,1
2026-06-23T06:39:54.092657+00:00,cam-01,behavior,1,unknown,idle,0.885,1,0
2026-06-23T06:39:54.129224+00:00,cam-01,behavior,1,unknown,idle,0.885,1,0
2026-06-23T06:39:54.161075+00:00,cam-01,behavior,1,unknown,idle,0.888,1,0
2026-06-23T06:39:54.195644+00:00,cam-01,behavior,1,unknown,idle,0.909,1,0
2026-06-23T06:39:54.234163+00:00,cam-01,behavior,1,unknown,idle,0.909,1,0
2026-06-23T06:39:54.267091+00:00,cam-01,behavior,1,unknown,idle,0.905,1,0
2026-06-23T06:39:54.308278+00:00,cam-01,behavior,1,unknown,idle,0.905,1,0
2026-06-23T06:39:54.334397+00:00,cam-01,behavior,1,unknown,idle,0.912,1,0
2026-06-23T06:39:54.369273+00:00,cam-01,behavior,1,unknown,idle,0.912,1,0
2026-06-23T06:39:54.403945+00:00,cam-01,behavior,1,unknown,idle,0.904,1,0
2026-06-23T06:39:54.439094+00:00,cam-01,behavior,1,unknown,idle,0.904,1,0
2026-06-23T06:39:54.474170+00:00,cam-01,behavior,1,unknown,idle,0.904,1,0
2026-06-23T06:39:54.497698+00:00,cam-01,behavior,1,unknown,idle,0.904,1,0
2026-06-23T06:39:54.534377+00:00,cam-01,behavior,1,unknown,idle,0.904,1,0
2026-06-23T06:39:54.572667+00:00,cam-01,behavior,1,unknown,idle,0.887,1,0
2026-06-23T06:39:54.590809+00:00,cam-01,behavior,1,unknown,idle,0.9,1,0
2026-06-23T06:39:54.634298+00:00,cam-01,behavior,1,unknown,idle,0.9,1,0
2026-06-23T06:39:54.669689+00:00,cam-01,behavior,1,unknown,idle,0.882,1,0
2026-06-23T06:39:54.703261+00:00,cam-01,behavior,1,unknown,idle,0.882,1,0
2026-06-23T06:39:54.737770+00:00,cam-01,behavior,1,unknown,idle,0.888,1,0
2026-06-23T06:39:54.772291+00:00,cam-01,behavior,1,unknown,idle,0.888,1,0
2026-06-23T06:39:54.806990+00:00,cam-01,behavior,1,unknown,idle,0.875,1,0
2026-06-23T06:39:54.841263+00:00,cam-01,behavior,1,unknown,idle,0.875,1,0
2026-06-23T06:39:54.874954+00:00,cam-01,behavior,1,unknown,idle,0.875,1,0
2026-06-23T06:39:54.911183+00:00,cam-01,behavior,1,unknown,idle,0.874,1,0
2026-06-23T06:39:54.943319+00:00,cam-01,behavior,1,unknown,idle,0.874,1,0
2026-06-23T06:39:54.965797+00:00,cam-01,behavior,1,unknown,idle,0.879,1,0
2026-06-23T06:39:55.009662+00:00,cam-01,behavior,1,unknown,idle,0.881,1,0
2026-06-23T06:39:55.043816+00:00,cam-01,behavior,1,unknown,idle,0.881,1,0
2026-06-23T06:39:55.077016+00:00,cam-01,behavior,1,unknown,idle,0.89,1,0
2026-06-23T06:39:55.111479+00:00,cam-01,behavior,1,unknown,idle,0.89,1,0
2026-06-23T06:39:55.147106+00:00,cam-01,behavior,1,unknown,idle,0.883,1,0
2026-06-23T06:39:55.186943+00:00,cam-01,behavior,1,unknown,idle,0.883,1,0
2026-06-23T06:39:55.216367+00:00,cam-01,behavior,1,unknown,idle,0.883,1,0
2026-06-23T06:39:55.251199+00:00,cam-01,behavior,1,unknown,idle,0.895,1,0
2026-06-23T06:39:55.292021+00:00,cam-01,behavior,1,unknown,idle,0.895,1,0
2026-06-23T06:39:55.320257+00:00,cam-01,behavior,1,unknown,idle,0.902,1,0
2026-06-23T06:39:55.362778+00:00,cam-01,behavior,1,unknown,idle,0.902,1,0
2026-06-23T06:39:55.389734+00:00,cam-01,behavior,1,unknown,idle,0.9,1,0
2026-06-23T06:39:55.417880+00:00,cam-01,behavior,1,unknown,idle,0.896,1,0
2026-06-23T06:39:55.457871+00:00,cam-01,behavior,1,unknown,idle,0.896,1,0
2026-06-23T06:39:55.497385+00:00,cam-01,behavior,1,unknown,idle,0.893,1,0
2026-06-23T06:39:55.528258+00:00,cam-01,behavior,1,unknown,idle,0.893,1,0
2026-06-23T06:39:55.565050+00:00,cam-01,behavior,1,unknown,idle,0.882,1,0
2026-06-23T06:39:55.598912+00:00,cam-01,behavior,1,unknown,idle,0.882,1,0
2026-06-23T06:39:55.633911+00:00,cam-01,behavior,1,unknown,idle,0.882,1,0
2026-06-23T06:39:55.667551+00:00,cam-01,behavior,1,unknown,idle,0.84,1,0
2026-06-23T06:39:55.736621+00:00,cam-01,behavior,1,unknown,idle,0.866,1,0
2026-06-23T06:39:55.793588+00:00,cam-01,behavior,1,unknown,idle,0.887,1,0
2026-06-23T06:39:55.837420+00:00,cam-01,behavior,1,unknown,idle,0.887,1,0
2026-06-23T06:39:55.863134+00:00,cam-01,behavior,1,unknown,idle,0.919,1,0
2026-06-23T06:39:55.904724+00:00,cam-01,behavior,1,unknown,idle,0.919,1,0
2026-06-23T06:39:55.957105+00:00,cam-01,behavior,1,unknown,idle,0.938,1,0
2026-06-23T06:39:55.988655+00:00,cam-01,behavior,1,unknown,idle,0.938,1,0
2026-06-23T06:39:56.026225+00:00,cam-01,behavior,1,unknown,idle,0.938,1,0
2026-06-23T06:39:56.048767+00:00,cam-01,behavior,1,unknown,idle,0.937,1,0
2026-06-23T06:39:56.092347+00:00,cam-01,behavior,1,unknown,idle,0.937,1,0
2026-06-23T06:39:56.130838+00:00,cam-01,behavior,1,unknown,idle,0.94,1,0
2026-06-23T06:39:56.153795+00:00,cam-01,behavior,1,unknown,idle,0.94,1,0
2026-06-23T06:39:56.178997+00:00,cam-01,behavior,1,unknown,idle,0.944,1,0
2026-06-23T06:39:56.215498+00:00,cam-01,behavior,1,unknown,idle,0.943,1,0
2026-06-23T06:39:56.246817+00:00,cam-01,behavior,1,unknown,idle,0.943,1,0
2026-06-23T06:39:56.280790+00:00,cam-01,behavior,1,unknown,idle,0.944,1,0
2026-06-23T06:39:56.321049+00:00,cam-01,behavior,1,unknown,idle,0.944,1,0
2026-06-23T06:39:56.352155+00:00,cam-01,behavior,1,unknown,idle,0.944,1,0
2026-06-23T06:39:56.384475+00:00,cam-01,behavior,1,unknown,idle,0.944,1,0
2026-06-23T06:39:56.419162+00:00,cam-01,behavior,1,unknown,idle,0.944,1,0
2026-06-23T06:39:56.456737+00:00,cam-01,behavior,1,unknown,idle,0.943,1,0
2026-06-23T06:39:56.489652+00:00,cam-01,behavior,1,unknown,idle,0.943,1,0
2026-06-23T06:39:56.522884+00:00,cam-01,behavior,1,unknown,idle,0.941,1,0
2026-06-23T06:39:56.556829+00:00,cam-01,behavior,1,unknown,phone,0.941,1,1
2026-06-23T06:39:56.595622+00:00,cam-01,behavior,1,unknown,phone,0.941,1,1
2026-06-23T06:39:56.631196+00:00,cam-01,behavior,1,unknown,phone,0.944,1,1
2026-06-23T06:39:56.661958+00:00,cam-01,behavior,1,unknown,phone,0.944,1,1
2026-06-23T06:39:56.688862+00:00,cam-01,behavior,1,unknown,idle,0.944,1,0
2026-06-23T06:39:56.730848+00:00,cam-01,behavior,1,unknown,idle,0.944,1,0
2026-06-23T06:39:56.764481+00:00,cam-01,behavior,1,unknown,idle,0.945,1,0
2026-06-23T06:39:56.798916+00:00,cam-01,behavior,1,unknown,idle,0.945,1,0
2026-06-23T06:39:56.838457+00:00,cam-01,behavior,1,unknown,idle,0.945,1,0
2026-06-23T06:39:56.867571+00:00,cam-01,behavior,1,unknown,idle,0.944,1,0
2026-06-23T06:39:56.930307+00:00,cam-01,behavior,1,unknown,idle,0.943,1,0
2026-06-23T06:39:56.995724+00:00,cam-01,behavior,1,unknown,idle,0.939,1,0
2026-06-23T06:39:57.039042+00:00,cam-01,behavior,1,unknown,idle,0.939,1,0
2026-06-23T06:39:57.074234+00:00,cam-01,behavior,1,unknown,idle,0.945,1,0
2026-06-23T06:39:57.109859+00:00,cam-01,behavior,1,unknown,idle,0.945,1,0
2026-06-23T06:39:57.145142+00:00,cam-01,behavior,1,unknown,idle,0.945,1,0
2026-06-23T06:39:57.183696+00:00,cam-01,behavior,1,unknown,idle,0.945,1,0
2026-06-23T06:39:57.211073+00:00,cam-01,behavior,1,unknown,idle,0.945,1,0
2026-06-23T06:39:57.244862+00:00,cam-01,behavior,1,unknown,idle,0.939,1,0
2026-06-23T06:39:57.297037+00:00,cam-01,behavior,1,unknown,idle,0.939,1,0
2026-06-23T06:39:57.339632+00:00,cam-01,behavior,1,unknown,idle,0.939,1,0
2026-06-23T06:39:57.378468+00:00,cam-01,behavior,1,unknown,phone,0.939,1,1
2026-06-23T06:39:57.415126+00:00,cam-01,behavior,1,unknown,idle,0.942,1,0
2026-06-23T06:39:57.446579+00:00,cam-01,behavior,1,unknown,phone,0.926,1,1
2026-06-23T06:39:57.481080+00:00,cam-01,behavior,1,unknown,idle,0.92,1,0
2026-06-23T06:39:57.536414+00:00,cam-01,behavior,1,unknown,idle,0.914,1,0
2026-06-23T06:39:57.569992+00:00,cam-01,behavior,1,unknown,idle,0.914,1,0
2026-06-23T06:39:57.611825+00:00,cam-01,behavior,1,unknown,idle,0.914,1,0
2026-06-23T06:39:57.643129+00:00,cam-01,behavior,1,unknown,idle,0.914,1,0
2026-06-23T06:39:57.691067+00:00,cam-01,behavior,1,unknown,idle,0.918,1,0
2026-06-23T06:39:57.725932+00:00,cam-01,behavior,1,unknown,idle,0.918,1,0
2026-06-23T06:39:57.760752+00:00,cam-01,behavior,1,unknown,idle,0.919,1,0
2026-06-23T06:39:57.795198+00:00,cam-01,behavior,1,unknown,idle,0.917,1,0
2026-06-23T06:39:57.834007+00:00,cam-01,behavior,1,unknown,idle,0.917,1,0
2026-06-23T06:39:57.873002+00:00,cam-01,behavior,1,unknown,idle,0.924,1,0
2026-06-23T06:39:57.910215+00:00,cam-01,behavior,1,unknown,idle,0.924,1,0
2026-06-23T06:39:57.941558+00:00,cam-01,behavior,1,unknown,idle,0.924,1,0
2026-06-23T06:39:57.978582+00:00,cam-01,behavior,1,unknown,idle,0.925,1,0
2026-06-23T06:39:58.002902+00:00,cam-01,behavior,1,unknown,idle,0.925,1,0
2026-06-23T06:39:58.047311+00:00,cam-01,behavior,1,unknown,idle,0.915,1,0
2026-06-23T06:39:58.081106+00:00,cam-01,behavior,1,unknown,idle,0.915,1,0
2026-06-23T06:39:58.115921+00:00,cam-01,behavior,1,unknown,idle,0.908,1,0
2026-06-23T06:39:58.151672+00:00,cam-01,behavior,1,unknown,idle,0.908,1,0
2026-06-23T06:39:58.184526+00:00,cam-01,behavior,1,unknown,idle,0.923,1,0
2026-06-23T06:39:58.234887+00:00,cam-01,behavior,1,unknown,idle,0.911,1,0
2026-06-23T06:39:58.269510+00:00,cam-01,behavior,1,unknown,idle,0.911,1,0
2026-06-23T06:39:58.313534+00:00,cam-01,behavior,1,unknown,idle,0.928,1,0
2026-06-23T06:39:58.340803+00:00,cam-01,behavior,1,unknown,idle,0.93,1,0
2026-06-23T06:39:58.400684+00:00,cam-01,behavior,1,unknown,idle,0.925,1,0
2026-06-23T06:39:58.434349+00:00,cam-01,behavior,1,unknown,idle,0.925,1,0
2026-06-23T06:39:58.468837+00:00,cam-01,behavior,1,unknown,idle,0.903,1,0
2026-06-23T06:39:58.503218+00:00,cam-01,behavior,1,unknown,idle,0.903,1,0
2026-06-23T06:39:58.541000+00:00,cam-01,behavior,1,unknown,idle,0.921,1,0
2026-06-23T06:39:58.596390+00:00,cam-01,behavior,1,unknown,idle,0.921,1,0
2026-06-23T06:39:58.633576+00:00,cam-01,behavior,1,unknown,idle,0.921,1,0
2026-06-23T06:39:58.673455+00:00,cam-01,behavior,1,unknown,idle,0.927,1,0
2026-06-23T06:39:58.706605+00:00,cam-01,behavior,1,unknown,idle,0.927,1,0
2026-06-23T06:39:58.743562+00:00,cam-01,behavior,1,unknown,idle,0.927,1,0
2026-06-23T06:39:58.774735+00:00,cam-01,behavior,1,unknown,idle,0.926,1,0
2026-06-23T06:39:58.812257+00:00,cam-01,behavior,1,unknown,idle,0.926,1,0
2026-06-23T06:39:58.847534+00:00,cam-01,behavior,1,unknown,idle,0.929,1,0
2026-06-23T06:39:58.879308+00:00,cam-01,behavior,1,unknown,idle,0.929,1,0
2026-06-23T06:39:58.906610+00:00,cam-01,behavior,1,unknown,idle,0.921,1,0
2026-06-23T06:39:58.942340+00:00,cam-01,behavior,1,unknown,idle,0.921,1,0
2026-06-23T06:39:58.980573+00:00,cam-01,behavior,1,unknown,idle,0.921,1,0
2026-06-23T06:39:59.009710+00:00,cam-01,behavior,1,unknown,idle,0.916,1,0
2026-06-23T06:39:59.049955+00:00,cam-01,behavior,1,unknown,idle,0.916,1,0
2026-06-23T06:39:59.078460+00:00,cam-01,behavior,1,unknown,idle,0.916,1,0
2026-06-23T06:39:59.112716+00:00,cam-01,behavior,1,unknown,idle,0.917,1,0
2026-06-23T06:39:59.147562+00:00,cam-01,behavior,1,unknown,phone,0.917,1,1
2026-06-23T06:39:59.182625+00:00,cam-01,behavior,1,unknown,idle,0.893,1,0
2026-06-23T06:39:59.206261+00:00,cam-01,behavior,1,unknown,idle,0.893,1,0
2026-06-23T06:39:59.225740+00:00,cam-01,behavior,1,unknown,idle,0.919,1,0
2026-06-23T06:39:59.269130+00:00,cam-01,behavior,1,unknown,idle,0.919,1,0
2026-06-23T06:39:59.303083+00:00,cam-01,behavior,1,unknown,idle,0.924,1,0
2026-06-23T06:39:59.337949+00:00,cam-01,behavior,1,unknown,idle,0.924,1,0
2026-06-23T06:39:59.371286+00:00,cam-01,behavior,1,unknown,working,0.94,1,0
2026-06-23T06:39:59.410075+00:00,cam-01,behavior,1,unknown,working,0.933,1,0
2026-06-23T06:39:59.444918+00:00,cam-01,behavior,1,unknown,working,0.933,1,0
2026-06-23T06:39:59.481632+00:00,cam-01,behavior,1,unknown,working,0.933,1,0
2026-06-23T06:39:59.514792+00:00,cam-01,behavior,1,unknown,working,0.802,1,0
2026-06-23T06:39:59.550058+00:00,cam-01,behavior,1,unknown,working,0.802,1,0
2026-06-23T06:39:59.587118+00:00,cam-01,behavior,1,unknown,working,0.912,1,0
2026-06-23T06:39:59.625223+00:00,cam-01,behavior,1,unknown,working,0.912,1,0
2026-06-23T06:39:59.655843+00:00,cam-01,behavior,1,unknown,working,0.926,1,0
2026-06-23T06:39:59.692866+00:00,cam-01,behavior,1,unknown,working,0.926,1,0
2026-06-23T06:39:59.714405+00:00,cam-01,behavior,1,unknown,working,0.873,1,0
2026-06-23T06:39:59.759413+00:00,cam-01,behavior,1,unknown,working,0.873,1,0
2026-06-23T06:39:59.791892+00:00,cam-01,behavior,1,unknown,working,0.895,1,0
2026-06-23T06:39:59.831137+00:00,cam-01,behavior,1,unknown,working,0.926,1,0
2026-06-23T06:39:59.860238+00:00,cam-01,behavior,1,unknown,working,0.926,1,0
2026-06-23T06:39:59.896005+00:00,cam-01,behavior,1,unknown,working,0.926,1,0
2026-06-23T06:39:59.929345+00:00,cam-01,behavior,1,unknown,working,0.875,1,0
2026-06-23T06:39:59.961735+00:00,cam-01,behavior,1,unknown,working,0.875,1,0
2026-06-23T06:40:00.012466+00:00,cam-01,behavior,1,unknown,working,0.911,1,0
2026-06-23T06:40:00.044636+00:00,cam-01,behavior,1,unknown,working,0.911,1,0
2026-06-23T06:40:00.078957+00:00,cam-01,behavior,1,unknown,working,0.913,1,0
2026-06-23T06:40:00.129012+00:00,cam-01,behavior,1,unknown,working,0.922,1,0
2026-06-23T06:40:00.209434+00:00,cam-01,behavior,1,unknown,working,0.914,1,0
2026-06-23T06:40:00.248547+00:00,cam-01,behavior,1,unknown,working,0.914,1,0
2026-06-23T06:40:00.278284+00:00,cam-01,behavior,1,unknown,working,0.914,1,0
2026-06-23T06:40:00.312611+00:00,cam-01,behavior,1,unknown,working,0.923,1,0
2026-06-23T06:40:00.354057+00:00,cam-01,behavior,1,unknown,idle,0.923,1,0
2026-06-23T06:40:00.381963+00:00,cam-01,behavior,1,unknown,idle,0.926,1,0
2026-06-23T06:40:00.418171+00:00,cam-01,behavior,1,unknown,idle,0.926,1,0
2026-06-23T06:40:00.457795+00:00,cam-01,behavior,1,unknown,idle,0.925,1,0
2026-06-23T06:40:00.491905+00:00,cam-01,behavior,1,unknown,idle,0.925,1,0
2026-06-23T06:40:00.522581+00:00,cam-01,behavior,1,unknown,idle,0.928,1,0
2026-06-23T06:40:00.559444+00:00,cam-01,behavior,1,unknown,idle,0.928,2,0
2026-06-23T06:40:00.559444+00:00,cam-01,behavior,15,unknown,working,0.351,2,0
2026-06-23T06:40:00.592843+00:00,cam-01,behavior,1,unknown,idle,0.933,1,0
2026-06-23T06:40:00.634263+00:00,cam-01,behavior,1,unknown,idle,0.93,1,0
2026-06-23T06:40:00.651575+00:00,cam-01,behavior,1,unknown,idle,0.93,1,0
2026-06-23T06:40:00.696112+00:00,cam-01,behavior,1,unknown,idle,0.93,1,0
2026-06-23T06:40:00.731225+00:00,cam-01,behavior,1,unknown,idle,0.923,1,0
2026-06-23T06:40:00.766263+00:00,cam-01,behavior,1,unknown,idle,0.923,1,0
2026-06-23T06:40:00.800727+00:00,cam-01,behavior,1,unknown,idle,0.944,1,0
2026-06-23T06:40:00.835564+00:00,cam-01,behavior,1,unknown,working,0.944,1,0
2026-06-23T06:40:00.869255+00:00,cam-01,behavior,1,unknown,working,0.929,1,0
2026-06-23T06:40:00.949826+00:00,cam-01,behavior,1,unknown,working,0.94,1,0
2026-06-23T06:40:00.986829+00:00,cam-01,behavior,1,unknown,working,0.94,1,0
2026-06-23T06:40:01.014138+00:00,cam-01,behavior,1,unknown,working,0.945,1,0
2026-06-23T06:40:01.048052+00:00,cam-01,behavior,1,unknown,working,0.945,1,0
2026-06-23T06:40:01.087850+00:00,cam-01,behavior,1,unknown,working,0.94,1,0
2026-06-23T06:40:01.121207+00:00,cam-01,behavior,1,unknown,working,0.94,1,0
2026-06-23T06:40:01.155705+00:00,cam-01,behavior,1,unknown,working,0.945,1,0
2026-06-23T06:40:01.194512+00:00,cam-01,behavior,1,unknown,working,0.945,1,0
2026-06-23T06:40:01.226403+00:00,cam-01,behavior,1,unknown,working,0.924,1,0
2026-06-23T06:40:01.256281+00:00,cam-01,behavior,1,unknown,phone,0.924,1,1
2026-06-23T06:40:01.289781+00:00,cam-01,behavior,1,unknown,phone,0.927,1,1
2026-06-23T06:40:01.323593+00:00,cam-01,behavior,1,unknown,phone,0.927,1,1
2026-06-23T06:40:01.358708+00:00,cam-01,behavior,1,unknown,phone,0.923,1,1
2026-06-23T06:40:01.393590+00:00,cam-01,behavior,1,unknown,phone,0.923,1,1
2026-06-23T06:40:01.431296+00:00,cam-01,behavior,1,unknown,phone,0.921,1,1
2026-06-23T06:40:01.463106+00:00,cam-01,behavior,1,unknown,phone,0.921,1,1
2026-06-23T06:40:01.497834+00:00,cam-01,behavior,1,unknown,phone,0.919,1,1
2026-06-23T06:40:01.520842+00:00,cam-01,behavior,1,unknown,phone,0.919,1,1
2026-06-23T06:40:01.565080+00:00,cam-01,behavior,1,unknown,phone,0.926,1,1
2026-06-23T06:40:01.599102+00:00,cam-01,behavior,1,unknown,phone,0.926,1,1
2026-06-23T06:40:01.630299+00:00,cam-01,behavior,1,unknown,phone,0.928,1,1
2026-06-23T06:40:01.657537+00:00,cam-01,behavior,1,unknown,phone,0.928,1,1
2026-06-23T06:40:01.691500+00:00,cam-01,behavior,1,unknown,phone,0.927,1,1
2026-06-23T06:40:01.729367+00:00,cam-01,behavior,1,unknown,phone,0.927,1,1
2026-06-23T06:40:01.763017+00:00,cam-01,behavior,1,unknown,phone,0.928,1,1
2026-06-23T06:40:01.795148+00:00,cam-01,behavior,1,unknown,phone,0.928,1,1
2026-06-23T06:40:01.829575+00:00,cam-01,behavior,1,unknown,phone,0.921,1,1
2026-06-23T06:40:01.853038+00:00,cam-01,behavior,1,unknown,phone,0.921,1,1
2026-06-23T06:40:01.897574+00:00,cam-01,behavior,1,unknown,phone,0.909,1,1
2026-06-23T06:40:01.932390+00:00,cam-01,behavior,1,unknown,phone,0.909,1,1
2026-06-23T06:40:01.967104+00:00,cam-01,behavior,1,unknown,phone,0.907,1,1
2026-06-23T06:40:02.001548+00:00,cam-01,behavior,1,unknown,phone,0.907,1,1
2026-06-23T06:40:02.035914+00:00,cam-01,behavior,1,unknown,phone,0.907,1,1
2026-06-23T06:40:02.072351+00:00,cam-01,behavior,1,unknown,phone,0.907,1,1
2026-06-23T06:40:02.106828+00:00,cam-01,behavior,1,unknown,phone,0.91,1,1
2026-06-23T06:40:02.140146+00:00,cam-01,behavior,1,unknown,phone,0.91,1,1
2026-06-23T06:40:02.174680+00:00,cam-01,behavior,1,unknown,phone,0.9,1,1
2026-06-23T06:40:02.208487+00:00,cam-01,behavior,1,unknown,phone,0.9,1,1
2026-06-23T06:40:02.246132+00:00,cam-01,behavior,1,unknown,phone,0.897,1,1
2026-06-23T06:40:02.278528+00:00,cam-01,behavior,1,unknown,phone,0.897,1,1
2026-06-23T06:40:02.312236+00:00,cam-01,behavior,1,unknown,phone,0.9,1,1
2026-06-23T06:40:02.348821+00:00,cam-01,behavior,1,unknown,phone,0.9,1,1
2026-06-23T06:40:02.379414+00:00,cam-01,behavior,1,unknown,phone,0.899,1,1
2026-06-23T06:40:02.412335+00:00,cam-01,behavior,1,unknown,phone,0.899,1,1
2026-06-23T06:40:02.447863+00:00,cam-01,behavior,1,unknown,phone,0.899,1,1
2026-06-23T06:40:02.484879+00:00,cam-01,behavior,1,unknown,phone,0.899,1,1
2026-06-23T06:40:02.518011+00:00,cam-01,behavior,1,unknown,phone,0.902,1,1
2026-06-23T06:40:02.549820+00:00,cam-01,behavior,1,unknown,phone,0.902,1,1
2026-06-23T06:40:02.586103+00:00,cam-01,behavior,1,unknown,phone,0.908,1,1
2026-06-23T06:40:02.617651+00:00,cam-01,behavior,1,unknown,phone,0.908,1,1
2026-06-23T06:40:02.656207+00:00,cam-01,behavior,1,unknown,phone,0.912,1,1
2026-06-23T06:40:02.688273+00:00,cam-01,behavior,1,unknown,phone,0.912,1,1
2026-06-23T06:40:02.723447+00:00,cam-01,behavior,1,unknown,phone,0.914,1,1
2026-06-23T06:40:02.760504+00:00,cam-01,behavior,1,unknown,phone,0.914,1,1
2026-06-23T06:40:02.791959+00:00,cam-01,behavior,1,unknown,phone,0.918,1,1
2026-06-23T06:40:02.832992+00:00,cam-01,behavior,1,unknown,phone,0.918,1,1
2026-06-23T06:40:02.858819+00:00,cam-01,behavior,1,unknown,phone,0.919,1,1
2026-06-23T06:40:02.893782+00:00,cam-01,behavior,1,unknown,phone,0.919,1,1
2026-06-23T06:40:02.921307+00:00,cam-01,behavior,1,unknown,phone,0.916,1,1
2026-06-23T06:40:02.956070+00:00,cam-01,behavior,1,unknown,phone,0.916,1,1
2026-06-23T06:40:02.990163+00:00,cam-01,behavior,1,unknown,phone,0.917,1,1
2026-06-23T06:40:03.023522+00:00,cam-01,behavior,1,unknown,phone,0.917,1,1
2026-06-23T06:40:03.058076+00:00,cam-01,behavior,1,unknown,phone,0.912,1,1
2026-06-23T06:40:03.091434+00:00,cam-01,behavior,1,unknown,phone,0.912,1,1
2026-06-23T06:40:03.126266+00:00,cam-01,behavior,1,unknown,phone,0.909,1,1
2026-06-23T06:40:03.162011+00:00,cam-01,behavior,1,unknown,phone,0.909,1,1
2026-06-23T06:40:03.196003+00:00,cam-01,behavior,1,unknown,phone,0.903,1,1
2026-06-23T06:40:03.221141+00:00,cam-01,behavior,1,unknown,phone,0.903,1,1
2026-06-23T06:40:03.264504+00:00,cam-01,behavior,1,unknown,phone,0.901,1,1
2026-06-23T06:40:03.302859+00:00,cam-01,behavior,1,unknown,phone,0.901,1,1
2026-06-23T06:40:03.324537+00:00,cam-01,behavior,1,unknown,phone,0.91,1,1
2026-06-23T06:40:03.370179+00:00,cam-01,behavior,1,unknown,phone,0.91,1,1
2026-06-23T06:40:03.404442+00:00,cam-01,behavior,1,unknown,phone,0.906,1,1
2026-06-23T06:40:03.441259+00:00,cam-01,behavior,1,unknown,phone,0.906,1,1
2026-06-23T06:40:03.473136+00:00,cam-01,behavior,1,unknown,phone,0.905,1,1
2026-06-23T06:40:03.528808+00:00,cam-01,behavior,1,unknown,phone,0.894,1,1
2026-06-23T06:40:03.573733+00:00,cam-01,behavior,1,unknown,phone,0.894,1,1
2026-06-23T06:40:03.608262+00:00,cam-01,behavior,1,unknown,phone,0.902,1,1
2026-06-23T06:40:03.642843+00:00,cam-01,behavior,1,unknown,phone,0.902,1,1
2026-06-23T06:40:03.680709+00:00,cam-01,behavior,1,unknown,phone,0.897,1,1
2026-06-23T06:40:03.715251+00:00,cam-01,behavior,1,unknown,phone,0.897,1,1
2026-06-23T06:40:03.747699+00:00,cam-01,behavior,1,unknown,phone,0.888,1,1
2026-06-23T06:40:03.782966+00:00,cam-01,behavior,1,unknown,phone,0.888,1,1
2026-06-23T06:40:03.816187+00:00,cam-01,behavior,1,unknown,phone,0.902,1,1
2026-06-23T06:40:03.849977+00:00,cam-01,behavior,1,unknown,phone,0.902,1,1
2026-06-23T06:40:03.883796+00:00,cam-01,behavior,1,unknown,phone,0.902,1,1
2026-06-23T06:40:03.919114+00:00,cam-01,behavior,1,unknown,phone,0.902,1,1
2026-06-23T06:40:03.953524+00:00,cam-01,behavior,1,unknown,phone,0.902,1,1
2026-06-23T06:40:03.990128+00:00,cam-01,behavior,1,unknown,phone,0.902,1,1
2026-06-23T06:40:04.022952+00:00,cam-01,behavior,1,unknown,phone,0.897,1,1
2026-06-23T06:40:04.048238+00:00,cam-01,behavior,1,unknown,phone,0.897,1,1
2026-06-23T06:40:04.090132+00:00,cam-01,behavior,1,unknown,phone,0.907,1,1
2026-06-23T06:40:04.123475+00:00,cam-01,behavior,1,unknown,phone,0.907,1,1
2026-06-23T06:40:04.159407+00:00,cam-01,behavior,1,unknown,phone,0.909,1,1
2026-06-23T06:40:04.193353+00:00,cam-01,behavior,1,unknown,phone,0.909,1,1
2026-06-23T06:40:04.233247+00:00,cam-01,behavior,1,unknown,phone,0.902,1,1
2026-06-23T06:40:04.262642+00:00,cam-01,behavior,1,unknown,phone,0.902,1,1
2026-06-23T06:40:04.303947+00:00,cam-01,behavior,1,unknown,phone,0.899,1,1
2026-06-23T06:40:04.324154+00:00,cam-01,behavior,1,unknown,phone,0.899,1,1
2026-06-23T06:40:04.348829+00:00,cam-01,behavior,1,unknown,phone,0.907,1,1
2026-06-23T06:40:04.387028+00:00,cam-01,behavior,1,unknown,phone,0.907,1,1
2026-06-23T06:40:04.422736+00:00,cam-01,behavior,1,unknown,phone,0.904,1,1
2026-06-23T06:40:04.453561+00:00,cam-01,behavior,1,unknown,phone,0.904,1,1
2026-06-23T06:40:04.487872+00:00,cam-01,behavior,1,unknown,phone,0.905,1,1
2026-06-23T06:40:04.521810+00:00,cam-01,behavior,1,unknown,phone,0.905,1,1
2026-06-23T06:40:04.555923+00:00,cam-01,behavior,1,unknown,phone,0.906,1,1
2026-06-23T06:40:04.592075+00:00,cam-01,behavior,1,unknown,phone,0.906,1,1
2026-06-23T06:40:04.633418+00:00,cam-01,behavior,1,unknown,phone,0.902,1,1
2026-06-23T06:40:04.652697+00:00,cam-01,behavior,1,unknown,phone,0.902,1,1
2026-06-23T06:40:04.680751+00:00,cam-01,behavior,1,unknown,phone,0.907,1,1
2026-06-23T06:40:04.717706+00:00,cam-01,behavior,1,unknown,phone,0.907,1,1
2026-06-23T06:40:04.748930+00:00,cam-01,behavior,1,unknown,phone,0.91,1,1
2026-06-23T06:40:04.785294+00:00,cam-01,behavior,1,unknown,phone,0.91,1,1
2026-06-23T06:40:04.816557+00:00,cam-01,behavior,1,unknown,phone,0.907,1,1
2026-06-23T06:40:04.851167+00:00,cam-01,behavior,1,unknown,phone,0.907,1,1
2026-06-23T06:40:04.885365+00:00,cam-01,behavior,1,unknown,phone,0.916,1,1
2026-06-23T06:40:04.919603+00:00,cam-01,behavior,1,unknown,phone,0.916,1,1
2026-06-23T06:40:04.954127+00:00,cam-01,behavior,1,unknown,phone,0.91,1,1
2026-06-23T06:40:04.987979+00:00,cam-01,behavior,1,unknown,phone,0.91,1,1
2026-06-23T06:40:05.012723+00:00,cam-01,behavior,1,unknown,phone,0.912,1,1
2026-06-23T06:40:05.056294+00:00,cam-01,behavior,1,unknown,phone,0.912,1,1
2026-06-23T06:40:05.090533+00:00,cam-01,behavior,1,unknown,phone,0.91,1,1
2026-06-23T06:40:05.124914+00:00,cam-01,behavior,1,unknown,phone,0.91,1,1
2026-06-23T06:40:05.160231+00:00,cam-01,behavior,1,unknown,phone,0.909,1,1
2026-06-23T06:40:05.194166+00:00,cam-01,behavior,1,unknown,phone,0.909,1,1
2026-06-23T06:40:05.228776+00:00,cam-01,behavior,1,unknown,phone,0.902,1,1
2026-06-23T06:40:05.262383+00:00,cam-01,behavior,1,unknown,phone,0.902,1,1
2026-06-23T06:40:05.296837+00:00,cam-01,behavior,1,unknown,phone,0.903,1,1
2026-06-23T06:40:05.331361+00:00,cam-01,behavior,1,unknown,phone,0.903,1,1
2026-06-23T06:40:05.366702+00:00,cam-01,behavior,1,unknown,phone,0.905,1,1
2026-06-23T06:40:05.390042+00:00,cam-01,behavior,1,unknown,phone,0.905,1,1
2026-06-23T06:40:05.433771+00:00,cam-01,behavior,1,unknown,phone,0.885,1,1
2026-06-23T06:40:05.467869+00:00,cam-01,behavior,1,unknown,phone,0.885,1,1
2026-06-23T06:40:05.497130+00:00,cam-01,behavior,1,unknown,phone,0.876,1,1
2026-06-23T06:40:05.537376+00:00,cam-01,behavior,1,unknown,phone,0.876,1,1
2026-06-23T06:40:05.588206+00:00,cam-01,behavior,1,unknown,phone,0.869,1,1
2026-06-23T06:40:05.622009+00:00,cam-01,behavior,1,unknown,phone,0.869,1,1
2026-06-23T06:40:05.658008+00:00,cam-01,behavior,1,unknown,phone,0.885,1,1
2026-06-23T06:40:05.692861+00:00,cam-01,behavior,1,unknown,phone,0.885,1,1
2026-06-23T06:40:05.713982+00:00,cam-01,behavior,1,unknown,phone,0.876,1,1
2026-06-23T06:40:05.749797+00:00,cam-01,behavior,1,unknown,phone,0.876,1,1
2026-06-23T06:40:05.782917+00:00,cam-01,behavior,1,unknown,phone,0.891,1,1
2026-06-23T06:40:05.816447+00:00,cam-01,behavior,1,unknown,phone,0.891,1,1
2026-06-23T06:40:05.851572+00:00,cam-01,behavior,1,unknown,phone,0.853,1,1
2026-06-23T06:40:05.885167+00:00,cam-01,behavior,1,unknown,phone,0.853,1,1
2026-06-23T06:40:05.919406+00:00,cam-01,behavior,1,unknown,phone,0.872,1,1
2026-06-23T06:40:05.962045+00:00,cam-01,behavior,1,unknown,phone,0.872,1,1
2026-06-23T06:40:05.989046+00:00,cam-01,behavior,1,unknown,phone,0.872,1,1
2026-06-23T06:40:06.054876+00:00,cam-01,behavior,1,unknown,phone,0.872,1,1
2026-06-23T06:40:06.089619+00:00,cam-01,behavior,1,unknown,phone,0.854,1,1
2026-06-23T06:40:06.145193+00:00,cam-01,behavior,1,unknown,phone,0.862,1,1
2026-06-23T06:40:06.179603+00:00,cam-01,behavior,1,unknown,phone,0.862,1,1
2026-06-23T06:40:06.214793+00:00,cam-01,behavior,1,unknown,phone,0.868,1,1
2026-06-23T06:40:06.250345+00:00,cam-01,behavior,1,unknown,phone,0.868,1,1
2026-06-23T06:40:06.283957+00:00,cam-01,behavior,1,unknown,phone,0.887,1,1
2026-06-23T06:40:06.318540+00:00,cam-01,behavior,1,unknown,phone,0.887,1,1
2026-06-23T06:40:06.352475+00:00,cam-01,behavior,1,unknown,phone,0.894,1,1
2026-06-23T06:40:06.386707+00:00,cam-01,behavior,1,unknown,phone,0.894,1,1
2026-06-23T06:40:06.420477+00:00,cam-01,behavior,1,unknown,phone,0.901,1,1
2026-06-23T06:40:06.465219+00:00,cam-01,behavior,1,unknown,phone,0.901,1,1
2026-06-23T06:40:06.488831+00:00,cam-01,behavior,1,unknown,phone,0.905,1,1
2026-06-23T06:40:06.521685+00:00,cam-01,behavior,1,unknown,phone,0.905,1,1
2026-06-23T06:40:06.550476+00:00,cam-01,behavior,1,unknown,phone,0.884,1,1
2026-06-23T06:40:06.590491+00:00,cam-01,behavior,1,unknown,phone,0.884,1,1
2026-06-23T06:40:06.624830+00:00,cam-01,behavior,1,unknown,phone,0.888,1,1
2026-06-23T06:40:06.650703+00:00,cam-01,behavior,1,unknown,phone,0.888,1,1
2026-06-23T06:40:06.682797+00:00,cam-01,behavior,1,unknown,phone,0.878,1,1
2026-06-23T06:40:06.726811+00:00,cam-01,behavior,1,unknown,phone,0.878,1,1
2026-06-23T06:40:06.750997+00:00,cam-01,behavior,1,unknown,phone,0.892,1,1
2026-06-23T06:40:06.796593+00:00,cam-01,behavior,1,unknown,phone,0.892,1,1
2026-06-23T06:40:06.829892+00:00,cam-01,behavior,1,unknown,phone,0.875,1,1
2026-06-23T06:40:06.864335+00:00,cam-01,behavior,1,unknown,phone,0.875,1,1
2026-06-23T06:40:06.898258+00:00,cam-01,behavior,1,unknown,phone,0.893,1,1
2026-06-23T06:40:06.932875+00:00,cam-01,behavior,1,unknown,phone,0.893,1,1
2026-06-23T06:40:06.974049+00:00,cam-01,behavior,1,unknown,phone,0.9,1,1
2026-06-23T06:40:07.001608+00:00,cam-01,behavior,1,unknown,phone,0.9,1,1
2026-06-23T06:40:07.036122+00:00,cam-01,behavior,1,unknown,phone,0.885,1,1
2026-06-23T06:40:07.070925+00:00,cam-01,behavior,1,unknown,phone,0.885,1,1
2026-06-23T06:40:07.114980+00:00,cam-01,behavior,1,unknown,phone,0.908,1,1
2026-06-23T06:40:07.140905+00:00,cam-01,behavior,1,unknown,phone,0.908,1,1
2026-06-23T06:40:07.177518+00:00,cam-01,behavior,1,unknown,phone,0.906,1,1
2026-06-23T06:40:07.210081+00:00,cam-01,behavior,1,unknown,phone,0.906,1,1
2026-06-23T06:40:07.244078+00:00,cam-01,behavior,1,unknown,phone,0.901,1,1
2026-06-23T06:40:07.278507+00:00,cam-01,behavior,1,unknown,phone,0.901,1,1
2026-06-23T06:40:07.313208+00:00,cam-01,behavior,1,unknown,phone,0.885,1,1
2026-06-23T06:40:07.351732+00:00,cam-01,behavior,1,unknown,phone,0.885,1,1
2026-06-23T06:40:07.382339+00:00,cam-01,behavior,1,unknown,phone,0.889,1,1
2026-06-23T06:40:07.416691+00:00,cam-01,behavior,1,unknown,phone,0.889,1,1
2026-06-23T06:40:07.453667+00:00,cam-01,behavior,1,unknown,phone,0.906,1,1
2026-06-23T06:40:07.486542+00:00,cam-01,behavior,1,unknown,phone,0.906,1,1
2026-06-23T06:40:07.524720+00:00,cam-01,behavior,1,unknown,phone,0.904,1,1
2026-06-23T06:40:07.556102+00:00,cam-01,behavior,1,unknown,phone,0.904,1,1
2026-06-23T06:40:07.591052+00:00,cam-01,behavior,1,unknown,phone,0.918,1,1
2026-06-23T06:40:07.616033+00:00,cam-01,behavior,1,unknown,phone,0.918,1,1
2026-06-23T06:40:07.662114+00:00,cam-01,behavior,1,unknown,idle,0.92,1,0
2026-06-23T06:40:07.695922+00:00,cam-01,behavior,1,unknown,idle,0.92,1,0
2026-06-23T06:40:07.731001+00:00,cam-01,behavior,1,unknown,idle,0.938,1,0
2026-06-23T06:40:07.766107+00:00,cam-01,behavior,1,unknown,idle,0.938,1,0
2026-06-23T06:40:07.801040+00:00,cam-01,behavior,1,unknown,idle,0.945,1,0
2026-06-23T06:40:07.838011+00:00,cam-01,behavior,1,unknown,idle,0.945,1,0
2026-06-23T06:40:07.870114+00:00,cam-01,behavior,1,unknown,idle,0.942,1,0
2026-06-23T06:40:07.903568+00:00,cam-01,behavior,1,unknown,idle,0.942,1,0
2026-06-23T06:40:07.943115+00:00,cam-01,behavior,1,unknown,idle,0.944,1,0
2026-06-23T06:40:07.976114+00:00,cam-01,behavior,1,unknown,idle,0.944,1,0
2026-06-23T06:40:08.008511+00:00,cam-01,behavior,1,unknown,idle,0.943,1,0
2026-06-23T06:40:08.047891+00:00,cam-01,behavior,1,unknown,idle,0.943,1,0
2026-06-23T06:40:08.078910+00:00,cam-01,behavior,1,unknown,idle,0.942,1,0
2026-06-23T06:40:08.113920+00:00,cam-01,behavior,1,unknown,idle,0.942,1,0
2026-06-23T06:40:08.152606+00:00,cam-01,behavior,1,unknown,idle,0.943,1,0
2026-06-23T06:40:08.209184+00:00,cam-01,behavior,1,unknown,idle,0.943,1,0
2026-06-23T06:40:08.244168+00:00,cam-01,behavior,1,unknown,idle,0.943,1,0
2026-06-23T06:40:08.277992+00:00,cam-01,behavior,1,unknown,idle,0.942,1,0
2026-06-23T06:40:08.313937+00:00,cam-01,behavior,1,unknown,idle,0.942,1,0
2026-06-23T06:40:08.353688+00:00,cam-01,behavior,1,unknown,idle,0.945,1,0
2026-06-23T06:40:08.393335+00:00,cam-01,behavior,1,unknown,idle,0.945,1,0
2026-06-23T06:40:08.423168+00:00,cam-01,behavior,1,unknown,idle,0.944,1,0
2026-06-23T06:40:08.477816+00:00,cam-01,behavior,1,unknown,idle,0.944,1,0
2026-06-23T06:40:08.507314+00:00,cam-01,behavior,1,unknown,idle,0.945,1,0
2026-06-23T06:40:08.534964+00:00,cam-01,behavior,1,unknown,idle,0.945,1,0
2026-06-23T06:40:08.581706+00:00,cam-01,behavior,1,unknown,idle,0.943,1,0
2026-06-23T06:40:08.609844+00:00,cam-01,behavior,1,unknown,idle,0.943,1,0
2026-06-23T06:40:08.644138+00:00,cam-01,behavior,1,unknown,idle,0.944,1,0
2026-06-23T06:40:08.678520+00:00,cam-01,behavior,1,unknown,idle,0.944,1,0
2026-06-23T06:40:08.713190+00:00,cam-01,behavior,1,unknown,idle,0.942,1,0
2026-06-23T06:40:08.746068+00:00,cam-01,behavior,1,unknown,idle,0.942,1,0
2026-06-23T06:40:08.779628+00:00,cam-01,behavior,1,unknown,idle,0.943,1,0
2026-06-23T06:40:08.803553+00:00,cam-01,behavior,1,unknown,idle,0.943,1,0
2026-06-23T06:40:08.848488+00:00,cam-01,behavior,1,unknown,idle,0.946,1,0
2026-06-23T06:40:08.886310+00:00,cam-01,behavior,1,unknown,idle,0.946,1,0
2026-06-23T06:40:08.918842+00:00,cam-01,behavior,1,unknown,idle,0.944,1,0
2026-06-23T06:40:08.954568+00:00,cam-01,behavior,1,unknown,idle,0.944,1,0
2026-06-23T06:40:08.994691+00:00,cam-01,behavior,1,unknown,idle,0.946,1,0
2026-06-23T06:40:09.022154+00:00,cam-01,behavior,1,unknown,idle,0.946,1,0
2026-06-23T06:40:09.056680+00:00,cam-01,behavior,1,unknown,idle,0.94,1,0
2026-06-23T06:40:09.090484+00:00,cam-01,behavior,1,unknown,idle,0.94,1,0
2026-06-23T06:40:09.124026+00:00,cam-01,behavior,1,unknown,idle,0.937,1,0
2026-06-23T06:40:09.158407+00:00,cam-01,behavior,1,unknown,idle,0.937,1,0
2026-06-23T06:40:09.191772+00:00,cam-01,behavior,1,unknown,idle,0.942,1,0
2026-06-23T06:40:09.225600+00:00,cam-01,behavior,1,unknown,idle,0.942,1,0
2026-06-23T06:40:09.277313+00:00,cam-01,behavior,1,unknown,idle,0.944,1,0
2026-06-23T06:40:09.314120+00:00,cam-01,behavior,1,unknown,idle,0.944,1,0
2026-06-23T06:40:09.369840+00:00,cam-01,behavior,1,unknown,idle,0.935,1,0
2026-06-23T06:40:09.409973+00:00,cam-01,behavior,1,unknown,idle,0.933,1,0
2026-06-23T06:40:09.449334+00:00,cam-01,behavior,1,unknown,idle,0.933,1,0
2026-06-23T06:40:09.489981+00:00,cam-01,behavior,1,unknown,idle,0.938,1,0
2026-06-23T06:40:09.532874+00:00,cam-01,behavior,1,unknown,idle,0.938,1,0
2026-06-23T06:40:09.554525+00:00,cam-01,behavior,1,unknown,idle,0.932,1,0
2026-06-23T06:40:09.586126+00:00,cam-01,behavior,1,unknown,idle,0.932,1,0
2026-06-23T06:40:09.627040+00:00,cam-01,behavior,1,unknown,idle,0.935,1,0
2026-06-23T06:40:09.661689+00:00,cam-01,behavior,1,unknown,idle,0.935,1,0
2026-06-23T06:40:09.695364+00:00,cam-01,behavior,1,unknown,idle,0.936,1,0
2026-06-23T06:40:09.729229+00:00,cam-01,behavior,1,unknown,idle,0.936,1,0
2026-06-23T06:40:09.763984+00:00,cam-01,behavior,1,unknown,idle,0.936,1,0
2026-06-23T06:40:09.789817+00:00,cam-01,behavior,1,unknown,idle,0.936,1,0
2026-06-23T06:40:09.822019+00:00,cam-01,behavior,1,unknown,idle,0.938,1,0
2026-06-23T06:40:09.855103+00:00,cam-01,behavior,1,unknown,idle,0.938,1,0
2026-06-23T06:40:09.889577+00:00,cam-01,behavior,1,unknown,idle,0.938,1,0
2026-06-23T06:40:09.913501+00:00,cam-01,behavior,1,unknown,idle,0.938,1,0
2026-06-23T06:40:09.957138+00:00,cam-01,behavior,1,unknown,idle,0.936,1,0
2026-06-23T06:40:09.996691+00:00,cam-01,behavior,1,unknown,idle,0.936,1,0
2026-06-23T06:40:10.026862+00:00,cam-01,behavior,1,unknown,idle,0.939,1,0
2026-06-23T06:40:10.055395+00:00,cam-01,behavior,1,unknown,idle,0.939,1,0
2026-06-23T06:40:10.098752+00:00,cam-01,behavior,1,unknown,idle,0.94,1,0
2026-06-23T06:40:10.134151+00:00,cam-01,behavior,1,unknown,idle,0.94,1,0
2026-06-23T06:40:10.169119+00:00,cam-01,behavior,1,unknown,idle,0.942,1,0
2026-06-23T06:40:10.202492+00:00,cam-01,behavior,1,unknown,idle,0.942,1,0
2026-06-23T06:40:10.238202+00:00,cam-01,behavior,1,unknown,idle,0.939,1,0
2026-06-23T06:40:10.271444+00:00,cam-01,behavior,1,unknown,idle,0.939,1,0
2026-06-23T06:40:10.312882+00:00,cam-01,behavior,1,unknown,idle,0.94,1,0
2026-06-23T06:40:10.342925+00:00,cam-01,behavior,1,unknown,phone,0.94,1,1
2026-06-23T06:40:10.377103+00:00,cam-01,behavior,1,unknown,idle,0.94,1,0
2026-06-23T06:40:10.405217+00:00,cam-01,behavior,1,unknown,idle,0.94,1,0
2026-06-23T06:40:10.445369+00:00,cam-01,behavior,1,unknown,idle,0.939,1,0
2026-06-23T06:40:10.480408+00:00,cam-01,behavior,1,unknown,idle,0.939,1,0
2026-06-23T06:40:10.514303+00:00,cam-01,behavior,1,unknown,idle,0.939,1,0
2026-06-23T06:40:10.550621+00:00,cam-01,behavior,1,unknown,idle,0.939,1,0
2026-06-23T06:40:10.583846+00:00,cam-01,behavior,1,unknown,idle,0.936,1,0
2026-06-23T06:40:10.618608+00:00,cam-01,behavior,1,unknown,idle,0.936,1,0
2026-06-23T06:40:10.653941+00:00,cam-01,behavior,1,unknown,idle,0.937,1,0
2026-06-23T06:40:10.689938+00:00,cam-01,behavior,1,unknown,idle,0.937,1,0
2026-06-23T06:40:10.727052+00:00,cam-01,behavior,1,unknown,idle,0.942,1,0
2026-06-23T06:40:10.757394+00:00,cam-01,behavior,1,unknown,idle,0.942,1,0
2026-06-23T06:40:10.793422+00:00,cam-01,behavior,1,unknown,idle,0.941,1,0
2026-06-23T06:40:10.844368+00:00,cam-01,behavior,1,unknown,idle,0.941,1,0
2026-06-23T06:40:10.877904+00:00,cam-01,behavior,1,unknown,idle,0.934,1,0
2026-06-23T06:40:10.912483+00:00,cam-01,behavior,1,unknown,phone,0.934,1,1
2026-06-23T06:40:10.946121+00:00,cam-01,behavior,1,unknown,phone,0.93,1,1
2026-06-23T06:40:11.026059+00:00,cam-01,behavior,1,unknown,idle,0.937,1,0
2026-06-23T06:40:11.068937+00:00,cam-01,behavior,1,unknown,idle,0.937,1,0
2026-06-23T06:40:11.094724+00:00,cam-01,behavior,1,unknown,phone,0.94,1,1
2026-06-23T06:40:11.129386+00:00,cam-01,behavior,1,unknown,phone,0.94,1,1
2026-06-23T06:40:11.163166+00:00,cam-01,behavior,1,unknown,idle,0.941,1,0
2026-06-23T06:40:11.204178+00:00,cam-01,behavior,1,unknown,idle,0.941,1,0
2026-06-23T06:40:11.243710+00:00,cam-01,behavior,1,unknown,idle,0.936,1,0
2026-06-23T06:40:11.284539+00:00,cam-01,behavior,1,unknown,idle,0.936,1,0
2026-06-23T06:40:11.324447+00:00,cam-01,behavior,1,unknown,idle,0.936,1,0
2026-06-23T06:40:11.353534+00:00,cam-01,behavior,1,unknown,idle,0.936,1,0
2026-06-23T06:40:11.385849+00:00,cam-01,behavior,1,unknown,idle,0.934,1,0
2026-06-23T06:40:11.420540+00:00,cam-01,behavior,1,unknown,idle,0.934,1,0
2026-06-23T06:40:11.456877+00:00,cam-01,behavior,1,unknown,idle,0.935,1,0
2026-06-23T06:40:11.489252+00:00,cam-01,behavior,1,unknown,idle,0.935,1,0
2026-06-23T06:40:11.524471+00:00,cam-01,behavior,1,unknown,phone,0.937,1,1
2026-06-23T06:40:11.558856+00:00,cam-01,behavior,1,unknown,phone,0.937,1,1
2026-06-23T06:40:11.593994+00:00,cam-01,behavior,1,unknown,phone,0.936,1,1
2026-06-23T06:40:11.628372+00:00,cam-01,behavior,1,unknown,phone,0.936,1,1
2026-06-23T06:40:11.664044+00:00,cam-01,behavior,1,unknown,phone,0.934,1,1
2026-06-23T06:40:11.698627+00:00,cam-01,behavior,1,unknown,phone,0.934,1,1
2026-06-23T06:40:11.734254+00:00,cam-01,behavior,1,unknown,phone,0.937,1,1
2026-06-23T06:40:11.769773+00:00,cam-01,behavior,1,unknown,phone,0.937,1,1
2026-06-23T06:40:11.808774+00:00,cam-01,behavior,1,unknown,idle,0.937,1,0
2026-06-23T06:40:11.840377+00:00,cam-01,behavior,1,unknown,idle,0.937,1,0
2026-06-23T06:40:11.874634+00:00,cam-01,behavior,1,unknown,idle,0.932,1,0
2026-06-23T06:40:11.912890+00:00,cam-01,behavior,1,unknown,idle,0.932,1,0
2026-06-23T06:40:11.943555+00:00,cam-01,behavior,1,unknown,idle,0.93,1,0
2026-06-23T06:40:11.977634+00:00,cam-01,behavior,1,unknown,idle,0.93,1,0
2026-06-23T06:40:12.011726+00:00,cam-01,behavior,1,unknown,idle,0.933,1,0
2026-06-23T06:40:12.047355+00:00,cam-01,behavior,1,unknown,idle,0.933,1,0
2026-06-23T06:40:12.072168+00:00,cam-01,behavior,1,unknown,idle,0.935,1,0
2026-06-23T06:40:12.093188+00:00,cam-01,behavior,1,unknown,idle,0.935,1,0
2026-06-23T06:40:12.128028+00:00,cam-01,behavior,1,unknown,idle,0.931,1,0
2026-06-23T06:40:12.161444+00:00,cam-01,behavior,1,unknown,idle,0.931,1,0
2026-06-23T06:40:12.201013+00:00,cam-01,behavior,1,unknown,idle,0.935,1,0
2026-06-23T06:40:12.230690+00:00,cam-01,behavior,1,unknown,idle,0.935,1,0
2026-06-23T06:40:12.265413+00:00,cam-01,behavior,1,unknown,idle,0.93,1,0
2026-06-23T06:40:12.300589+00:00,cam-01,behavior,1,unknown,idle,0.93,1,0
2026-06-23T06:40:12.353205+00:00,cam-01,behavior,1,unknown,idle,0.934,1,0
2026-06-23T06:40:12.385693+00:00,cam-01,behavior,1,unknown,idle,0.934,1,0
2026-06-23T06:40:12.415190+00:00,cam-01,behavior,1,unknown,idle,0.933,1,0
2026-06-23T06:40:12.480877+00:00,cam-01,behavior,1,unknown,idle,0.932,1,0
2026-06-23T06:40:12.515580+00:00,cam-01,behavior,1,unknown,idle,0.932,1,0
2026-06-23T06:40:12.549690+00:00,cam-01,behavior,1,unknown,idle,0.928,1,0
2026-06-23T06:40:12.571172+00:00,cam-01,behavior,1,unknown,idle,0.928,1,0
2026-06-23T06:40:12.623465+00:00,cam-01,behavior,1,unknown,idle,0.93,1,0
2026-06-23T06:40:12.658813+00:00,cam-01,behavior,1,unknown,idle,0.93,1,0
2026-06-23T06:40:12.692739+00:00,cam-01,behavior,1,unknown,idle,0.934,1,0
2026-06-23T06:40:12.726805+00:00,cam-01,behavior,1,unknown,idle,0.934,1,0
2026-06-23T06:40:12.760571+00:00,cam-01,behavior,1,unknown,idle,0.934,1,0
2026-06-23T06:40:12.795478+00:00,cam-01,behavior,1,unknown,idle,0.934,1,0
2026-06-23T06:40:12.829168+00:00,cam-01,behavior,1,unknown,idle,0.937,1,0
2026-06-23T06:40:12.864062+00:00,cam-01,behavior,1,unknown,idle,0.937,1,0
2026-06-23T06:40:12.898914+00:00,cam-01,behavior,1,unknown,idle,0.936,1,0
2026-06-23T06:40:12.933514+00:00,cam-01,behavior,1,unknown,idle,0.936,1,0
2026-06-23T06:40:12.967195+00:00,cam-01,behavior,1,unknown,idle,0.935,1,0
2026-06-23T06:40:13.001605+00:00,cam-01,behavior,1,unknown,idle,0.935,1,0
2026-06-23T06:40:13.035271+00:00,cam-01,behavior,1,unknown,idle,0.934,1,0
2026-06-23T06:40:13.069830+00:00,cam-01,behavior,1,unknown,phone,0.934,1,1
2026-06-23T06:40:13.104714+00:00,cam-01,behavior,1,unknown,idle,0.937,1,0
2026-06-23T06:40:13.139239+00:00,cam-01,behavior,1,unknown,idle,0.937,1,0
2026-06-23T06:40:13.177894+00:00,cam-01,behavior,1,unknown,idle,0.936,1,0
2026-06-23T06:40:13.209642+00:00,cam-01,behavior,1,unknown,idle,0.936,1,0
2026-06-23T06:40:13.244903+00:00,cam-01,behavior,1,unknown,idle,0.937,1,0
2026-06-23T06:40:13.279077+00:00,cam-01,behavior,1,unknown,idle,0.937,1,0
2026-06-23T06:40:13.320862+00:00,cam-01,behavior,1,unknown,idle,0.936,1,0
2026-06-23T06:40:13.351654+00:00,cam-01,behavior,1,unknown,idle,0.936,1,0
2026-06-23T06:40:13.386300+00:00,cam-01,behavior,1,unknown,idle,0.939,1,0
2026-06-23T06:40:13.422644+00:00,cam-01,behavior,1,unknown,idle,0.939,1,0
2026-06-23T06:40:13.458412+00:00,cam-01,behavior,1,unknown,idle,0.943,1,0
2026-06-23T06:40:13.486932+00:00,cam-01,behavior,1,unknown,idle,0.943,1,0
2026-06-23T06:40:13.521864+00:00,cam-01,behavior,1,unknown,idle,0.942,1,0
2026-06-23T06:40:13.558264+00:00,cam-01,behavior,1,unknown,idle,0.942,1,0
2026-06-23T06:40:13.581140+00:00,cam-01,behavior,1,unknown,idle,0.938,1,0
2026-06-23T06:40:13.625439+00:00,cam-01,behavior,1,unknown,idle,0.938,1,0
2026-06-23T06:40:13.661239+00:00,cam-01,behavior,1,unknown,idle,0.936,1,0
2026-06-23T06:40:13.696822+00:00,cam-01,behavior,1,unknown,idle,0.936,1,0
2026-06-23T06:40:13.721419+00:00,cam-01,behavior,1,unknown,idle,0.936,1,0
2026-06-23T06:40:13.763788+00:00,cam-01,behavior,1,unknown,idle,0.936,1,0
2026-06-23T06:40:13.798253+00:00,cam-01,behavior,1,unknown,idle,0.934,1,0
2026-06-23T06:40:13.832474+00:00,cam-01,behavior,1,unknown,idle,0.934,1,0
2026-06-23T06:40:13.871524+00:00,cam-01,behavior,1,unknown,idle,0.943,1,0
2026-06-23T06:40:13.901218+00:00,cam-01,behavior,1,unknown,idle,0.943,1,0
2026-06-23T06:40:13.935776+00:00,cam-01,behavior,1,unknown,idle,0.943,1,0
2026-06-23T06:40:13.960281+00:00,cam-01,behavior,1,unknown,idle,0.943,1,0
2026-06-23T06:40:14.005310+00:00,cam-01,behavior,1,unknown,idle,0.943,1,0
2026-06-23T06:40:14.039546+00:00,cam-01,behavior,1,unknown,idle,0.943,1,0
2026-06-23T06:40:14.074600+00:00,cam-01,behavior,1,unknown,idle,0.941,1,0
2026-06-23T06:40:14.105823+00:00,cam-01,behavior,1,unknown,idle,0.941,1,0
2026-06-23T06:40:14.139616+00:00,cam-01,behavior,1,unknown,idle,0.939,1,0
2026-06-23T06:40:14.174228+00:00,cam-01,behavior,1,unknown,idle,0.939,1,0
2026-06-23T06:40:14.207703+00:00,cam-01,behavior,1,unknown,idle,0.939,1,0
2026-06-23T06:40:14.232116+00:00,cam-01,behavior,1,unknown,idle,0.939,1,0
2026-06-23T06:40:14.267333+00:00,cam-01,behavior,1,unknown,idle,0.929,1,0
2026-06-23T06:40:14.302257+00:00,cam-01,behavior,1,unknown,idle,0.929,1,0
2026-06-23T06:40:14.335687+00:00,cam-01,behavior,1,unknown,idle,0.916,1,0
2026-06-23T06:40:14.378921+00:00,cam-01,behavior,1,unknown,idle,0.916,1,0
2026-06-23T06:40:14.402688+00:00,cam-01,behavior,1,unknown,idle,0.912,1,0
2026-06-23T06:40:14.446346+00:00,cam-01,behavior,1,unknown,idle,0.912,1,0
2026-06-23T06:40:14.471328+00:00,cam-01,behavior,1,unknown,idle,0.919,1,0
2026-06-23T06:40:14.516059+00:00,cam-01,behavior,1,unknown,idle,0.919,1,0
2026-06-23T06:40:14.553378+00:00,cam-01,behavior,1,unknown,idle,0.916,1,0
2026-06-23T06:40:14.585415+00:00,cam-01,behavior,1,unknown,idle,0.916,1,0
2026-06-23T06:40:14.619594+00:00,cam-01,behavior,1,unknown,idle,0.913,1,0
2026-06-23T06:40:14.654119+00:00,cam-01,behavior,1,unknown,idle,0.913,1,0
2026-06-23T06:40:14.705740+00:00,cam-01,behavior,1,unknown,idle,0.912,1,0
2026-06-23T06:40:14.754333+00:00,cam-01,behavior,1,unknown,idle,0.911,1,0
2026-06-23T06:40:14.791269+00:00,cam-01,behavior,1,unknown,idle,0.911,1,0
2026-06-23T06:40:14.822689+00:00,cam-01,behavior,1,unknown,idle,0.916,1,0
2026-06-23T06:40:14.857819+00:00,cam-01,behavior,1,unknown,idle,0.916,1,0
2026-06-23T06:40:14.885456+00:00,cam-01,behavior,1,unknown,idle,0.916,1,0
2026-06-23T06:40:14.930371+00:00,cam-01,behavior,1,unknown,idle,0.916,1,0
2026-06-23T06:40:14.967194+00:00,cam-01,behavior,1,unknown,idle,0.916,1,0
2026-06-23T06:40:14.998936+00:00,cam-01,behavior,1,unknown,idle,0.925,1,0
2026-06-23T06:40:15.032596+00:00,cam-01,behavior,1,unknown,idle,0.933,1,0
2026-06-23T06:40:15.066616+00:00,cam-01,behavior,1,unknown,idle,0.933,1,0
2026-06-23T06:40:15.102190+00:00,cam-01,behavior,1,unknown,idle,0.925,1,0
2026-06-23T06:40:15.136528+00:00,cam-01,behavior,1,unknown,idle,0.925,1,0
2026-06-23T06:40:15.177226+00:00,cam-01,behavior,1,unknown,idle,0.911,1,0
2026-06-23T06:40:15.206065+00:00,cam-01,behavior,1,unknown,idle,0.911,1,0
2026-06-23T06:40:15.239338+00:00,cam-01,behavior,1,unknown,idle,0.916,1,0
2026-06-23T06:40:15.277436+00:00,cam-01,behavior,1,unknown,idle,0.916,1,0
2026-06-23T06:40:15.321283+00:00,cam-01,behavior,1,unknown,idle,0.92,1,0
2026-06-23T06:40:15.343605+00:00,cam-01,behavior,1,unknown,idle,0.92,1,0
2026-06-23T06:40:15.385922+00:00,cam-01,behavior,1,unknown,idle,0.92,1,0
2026-06-23T06:40:15.425406+00:00,cam-01,behavior,1,unknown,idle,0.92,1,0
2026-06-23T06:40:15.475594+00:00,cam-01,behavior,1,unknown,idle,0.926,1,0
2026-06-23T06:40:15.513124+00:00,cam-01,behavior,1,unknown,idle,0.926,1,0
2026-06-23T06:40:15.545776+00:00,cam-01,behavior,1,unknown,idle,0.924,1,0
2026-06-23T06:40:15.579179+00:00,cam-01,behavior,1,unknown,idle,0.924,1,0
2026-06-23T06:40:15.601034+00:00,cam-01,behavior,1,unknown,idle,0.933,1,0
2026-06-23T06:40:15.635302+00:00,cam-01,behavior,1,unknown,idle,0.933,1,0
2026-06-23T06:40:15.663344+00:00,cam-01,behavior,1,unknown,idle,0.94,1,0
2026-06-23T06:40:15.698035+00:00,cam-01,behavior,1,unknown,idle,0.938,1,0
2026-06-23T06:40:15.760290+00:00,cam-01,behavior,1,unknown,idle,0.935,1,0
2026-06-23T06:40:15.826431+00:00,cam-01,behavior,1,unknown,idle,0.919,1,0
2026-06-23T06:40:15.861580+00:00,cam-01,behavior,1,unknown,idle,0.919,1,0
2026-06-23T06:40:15.896188+00:00,cam-01,behavior,1,unknown,idle,0.902,1,0
2026-06-23T06:40:15.930850+00:00,cam-01,behavior,1,unknown,idle,0.902,1,0
2026-06-23T06:40:15.966054+00:00,cam-01,behavior,1,unknown,idle,0.903,1,0
2026-06-23T06:40:16.000074+00:00,cam-01,behavior,1,unknown,idle,0.903,1,0
2026-06-23T06:40:16.026659+00:00,cam-01,behavior,1,unknown,idle,0.852,1,0
2026-06-23T06:40:16.060500+00:00,cam-01,behavior,1,unknown,working,0.852,1,0
2026-06-23T06:40:16.096930+00:00,cam-01,behavior,1,unknown,idle,0.861,1,0
2026-06-23T06:40:16.132119+00:00,cam-01,behavior,1,unknown,working,0.861,1,0
2026-06-23T06:40:16.165891+00:00,cam-01,behavior,1,unknown,idle,0.861,1,0
2026-06-23T06:40:16.199536+00:00,cam-01,behavior,1,unknown,idle,0.85,1,0
2026-06-23T06:40:16.236495+00:00,cam-01,behavior,1,unknown,idle,0.908,1,0
2026-06-23T06:40:16.270359+00:00,cam-01,behavior,1,unknown,idle,0.908,1,0
2026-06-23T06:40:16.302212+00:00,cam-01,behavior,1,unknown,idle,0.909,1,0
2026-06-23T06:40:16.337387+00:00,cam-01,behavior,1,unknown,idle,0.909,1,0
2026-06-23T06:40:16.375439+00:00,cam-01,behavior,1,unknown,idle,0.907,1,0
2026-06-23T06:40:16.405977+00:00,cam-01,behavior,1,unknown,idle,0.907,1,0
2026-06-23T06:40:16.441462+00:00,cam-01,behavior,1,unknown,idle,0.885,1,0
2026-06-23T06:40:16.479764+00:00,cam-01,behavior,1,unknown,idle,0.885,1,0
2026-06-23T06:40:16.509900+00:00,cam-01,behavior,1,unknown,idle,0.878,1,0
2026-06-23T06:40:16.540960+00:00,cam-01,behavior,1,unknown,idle,0.878,1,0
2026-06-23T06:40:16.578830+00:00,cam-01,behavior,1,unknown,idle,0.878,1,0
2026-06-23T06:40:16.615557+00:00,cam-01,behavior,1,unknown,idle,0.877,1,0
2026-06-23T06:40:16.647786+00:00,cam-01,behavior,1,unknown,idle,0.875,1,0
2026-06-23T06:40:16.677395+00:00,cam-01,behavior,1,unknown,idle,0.875,1,0
2026-06-23T06:40:16.710793+00:00,cam-01,behavior,1,unknown,idle,0.766,1,0
2026-06-23T06:40:16.746524+00:00,cam-01,behavior,1,unknown,idle,0.766,1,0
2026-06-23T06:40:16.778788+00:00,cam-01,behavior,1,unknown,idle,0.74,1,0
2026-06-23T06:40:16.813025+00:00,cam-01,behavior,1,unknown,idle,0.74,1,0
2026-06-23T06:40:16.849623+00:00,cam-01,behavior,1,unknown,idle,0.802,1,0
2026-06-23T06:40:16.874001+00:00,cam-01,behavior,1,unknown,idle,0.802,1,0
2026-06-23T06:40:16.922480+00:00,cam-01,behavior,1,unknown,idle,0.802,1,0
2026-06-23T06:40:16.953901+00:00,cam-01,behavior,1,unknown,idle,0.638,1,0
2026-06-23T06:40:16.988392+00:00,cam-01,behavior,1,unknown,idle,0.638,1,0
2026-06-23T06:40:17.025604+00:00,cam-01,behavior,1,unknown,idle,0.823,1,0
2026-06-23T06:40:17.058402+00:00,cam-01,behavior,1,unknown,idle,0.838,1,0
2026-06-23T06:40:17.091975+00:00,cam-01,behavior,1,unknown,idle,0.838,1,0
2026-06-23T06:40:17.127174+00:00,cam-01,behavior,1,unknown,idle,0.612,1,0
2026-06-23T06:40:17.162434+00:00,cam-01,behavior,1,unknown,idle,0.612,1,0
2026-06-23T06:40:17.198255+00:00,cam-01,behavior,1,unknown,idle,0.695,1,0
2026-06-23T06:40:17.233113+00:00,cam-01,behavior,1,unknown,idle,0.695,1,0
2026-06-23T06:40:17.271409+00:00,cam-01,behavior,1,unknown,working,0.781,1,0
2026-06-23T06:40:17.303230+00:00,cam-01,behavior,1,unknown,working,0.827,1,0
2026-06-23T06:40:17.364347+00:00,cam-01,behavior,1,unknown,working,0.84,1,0
2026-06-23T06:40:17.425597+00:00,cam-01,behavior,1,unknown,working,0.856,1,0
2026-06-23T06:40:17.462463+00:00,cam-01,behavior,1,unknown,working,0.856,1,0
2026-06-23T06:40:17.494837+00:00,cam-01,behavior,1,unknown,working,0.86,1,0
2026-06-23T06:40:17.528872+00:00,cam-01,behavior,1,unknown,working,0.86,1,0
2026-06-23T06:40:17.562701+00:00,cam-01,behavior,1,unknown,working,0.873,1,0
2026-06-23T06:40:17.600160+00:00,cam-01,behavior,1,unknown,working,0.873,1,0
2026-06-23T06:40:17.632289+00:00,cam-01,behavior,1,unknown,idle,0.904,1,0
2026-06-23T06:40:17.677227+00:00,cam-01,behavior,1,unknown,idle,0.904,1,0
2026-06-23T06:40:17.702561+00:00,cam-01,behavior,1,unknown,idle,0.904,1,0
2026-06-23T06:40:17.737267+00:00,cam-01,behavior,1,unknown,idle,0.902,1,0
2026-06-23T06:40:17.771055+00:00,cam-01,behavior,1,unknown,idle,0.902,1,0
2026-06-23T06:40:17.811383+00:00,cam-01,behavior,1,unknown,idle,0.901,1,0
2026-06-23T06:40:17.841579+00:00,cam-01,behavior,1,unknown,idle,0.914,1,0
2026-06-23T06:40:17.866996+00:00,cam-01,behavior,1,unknown,idle,0.914,1,0
2026-06-23T06:40:17.911249+00:00,cam-01,behavior,1,unknown,idle,0.912,1,0
2026-06-23T06:40:17.943254+00:00,cam-01,behavior,1,unknown,idle,0.912,1,0
2026-06-23T06:40:17.977443+00:00,cam-01,behavior,1,unknown,idle,0.918,1,0
2026-06-23T06:40:18.011752+00:00,cam-01,behavior,1,unknown,idle,0.918,1,0
2026-06-23T06:40:18.046516+00:00,cam-01,behavior,1,unknown,idle,0.911,1,0
2026-06-23T06:40:18.080375+00:00,cam-01,behavior,1,unknown,idle,0.911,1,0
2026-06-23T06:40:18.118998+00:00,cam-01,behavior,1,unknown,idle,0.911,1,0
2026-06-23T06:40:18.148813+00:00,cam-01,behavior,1,unknown,idle,0.897,1,0
2026-06-23T06:40:18.185594+00:00,cam-01,behavior,1,unknown,idle,0.897,1,0
2026-06-23T06:40:18.217548+00:00,cam-01,behavior,1,unknown,idle,0.916,1,0
2026-06-23T06:40:18.252021+00:00,cam-01,behavior,1,unknown,idle,0.91,1,0
2026-06-23T06:40:18.288961+00:00,cam-01,behavior,1,unknown,idle,0.91,1,0
2026-06-23T06:40:18.323008+00:00,cam-01,behavior,1,unknown,idle,0.896,1,0
2026-06-23T06:40:18.363727+00:00,cam-01,behavior,1,unknown,idle,0.896,1,0
2026-06-23T06:40:18.391802+00:00,cam-01,behavior,1,unknown,idle,0.863,1,0
2026-06-23T06:40:18.432016+00:00,cam-01,behavior,1,unknown,idle,0.863,1,0
2026-06-23T06:40:18.463500+00:00,cam-01,behavior,1,unknown,idle,0.858,1,0
2026-06-23T06:40:18.521174+00:00,cam-01,behavior,1,unknown,idle,0.868,1,0
2026-06-23T06:40:18.563700+00:00,cam-01,behavior,1,unknown,idle,0.888,1,0
2026-06-23T06:40:18.631316+00:00,cam-01,behavior,1,unknown,idle,0.887,1,0
2026-06-23T06:40:18.663574+00:00,cam-01,behavior,1,unknown,idle,0.887,1,0
2026-06-23T06:40:18.695090+00:00,cam-01,behavior,1,unknown,idle,0.92,1,0
2026-06-23T06:40:18.730118+00:00,cam-01,behavior,1,unknown,idle,0.92,1,0
2026-06-23T06:40:18.769029+00:00,cam-01,behavior,1,unknown,idle,0.894,1,0
2026-06-23T06:40:18.804416+00:00,cam-01,behavior,1,unknown,idle,0.894,1,0
2026-06-23T06:40:18.837065+00:00,cam-01,behavior,1,unknown,idle,0.887,1,0
2026-06-23T06:40:18.871341+00:00,cam-01,behavior,1,unknown,idle,0.887,1,0
2026-06-23T06:40:18.906265+00:00,cam-01,behavior,1,unknown,idle,0.887,1,0
2026-06-23T06:40:18.941555+00:00,cam-01,behavior,1,unknown,idle,0.873,1,0
2026-06-23T06:40:18.973422+00:00,cam-01,behavior,1,unknown,idle,0.873,1,0
2026-06-23T06:40:18.995314+00:00,cam-01,behavior,1,unknown,idle,0.869,1,0
2026-06-23T06:40:19.030293+00:00,cam-01,behavior,1,unknown,idle,0.885,1,0
2026-06-23T06:40:19.064785+00:00,cam-01,behavior,1,unknown,idle,0.885,1,0
2026-06-23T06:40:19.097708+00:00,cam-01,behavior,1,unknown,idle,0.891,1,0
2026-06-23T06:40:19.133109+00:00,cam-01,behavior,1,unknown,idle,0.891,1,0
2026-06-23T06:40:19.167723+00:00,cam-01,behavior,1,unknown,idle,0.881,1,0
2026-06-23T06:40:19.201369+00:00,cam-01,behavior,1,unknown,idle,0.881,1,0
2026-06-23T06:40:19.235850+00:00,cam-01,behavior,1,unknown,idle,0.881,1,0
2026-06-23T06:40:19.275342+00:00,cam-01,behavior,1,unknown,idle,0.893,1,0
2026-06-23T06:40:19.305704+00:00,cam-01,behavior,1,unknown,idle,0.893,1,0
2026-06-23T06:40:19.343068+00:00,cam-01,behavior,1,unknown,working,0.856,1,0
2026-06-23T06:40:19.374248+00:00,cam-01,behavior,1,unknown,working,0.856,1,0
2026-06-23T06:40:19.408176+00:00,cam-01,behavior,1,unknown,working,0.846,1,0
2026-06-23T06:40:19.449391+00:00,cam-01,behavior,1,unknown,working,0.901,1,0
2026-06-23T06:40:19.493097+00:00,cam-01,behavior,1,unknown,working,0.901,1,0
2026-06-23T06:40:19.529439+00:00,cam-01,behavior,1,unknown,working,0.883,1,0
2026-06-23T06:40:19.563607+00:00,cam-01,behavior,1,unknown,working,0.883,1,0
2026-06-23T06:40:19.596561+00:00,cam-01,behavior,1,unknown,working,0.815,1,0
2026-06-23T06:40:19.635166+00:00,cam-01,behavior,1,unknown,working,0.815,1,0
2026-06-23T06:40:19.687670+00:00,cam-01,behavior,1,unknown,working,0.815,1,0
2026-06-23T06:40:19.721610+00:00,cam-01,behavior,1,unknown,working,0.933,1,0
2026-06-23T06:40:19.759333+00:00,cam-01,behavior,1,unknown,working,0.926,1,0
2026-06-23T06:40:19.825207+00:00,cam-01,behavior,1,unknown,working,0.926,1,0
2026-06-23T06:40:19.863715+00:00,cam-01,behavior,1,unknown,working,0.926,1,0
2026-06-23T06:40:19.897975+00:00,cam-01,behavior,1,unknown,working,0.932,1,0
2026-06-23T06:40:19.932570+00:00,cam-01,behavior,1,unknown,idle,0.932,1,0
2026-06-23T06:40:19.970859+00:00,cam-01,behavior,1,unknown,idle,0.929,1,0
2026-06-23T06:40:19.994153+00:00,cam-01,behavior,1,unknown,idle,0.929,1,0
2026-06-23T06:40:20.025251+00:00,cam-01,behavior,1,unknown,idle,0.929,1,0
2026-06-23T06:40:20.063966+00:00,cam-01,behavior,1,unknown,idle,0.935,1,0
2026-06-23T06:40:20.094225+00:00,cam-01,behavior,1,unknown,idle,0.935,1,0
2026-06-23T06:40:20.128658+00:00,cam-01,behavior,1,unknown,idle,0.932,1,0
2026-06-23T06:40:20.154354+00:00,cam-01,behavior,1,unknown,idle,0.932,1,0
2026-06-23T06:40:20.198815+00:00,cam-01,behavior,1,unknown,idle,0.932,1,0
2026-06-23T06:40:20.233687+00:00,cam-01,behavior,1,unknown,idle,0.935,1,0
2026-06-23T06:40:20.268556+00:00,cam-01,behavior,1,unknown,idle,0.935,1,0
2026-06-23T06:40:20.301818+00:00,cam-01,behavior,1,unknown,idle,0.933,1,0
2026-06-23T06:40:20.335225+00:00,cam-01,behavior,1,unknown,idle,0.933,1,0
2026-06-23T06:40:20.370412+00:00,cam-01,behavior,1,unknown,idle,0.933,1,0
2026-06-23T06:40:20.413162+00:00,cam-01,behavior,1,unknown,idle,0.933,1,0
2026-06-23T06:40:20.442390+00:00,cam-01,behavior,1,unknown,idle,0.933,1,0
2026-06-23T06:40:20.478923+00:00,cam-01,behavior,1,unknown,idle,0.932,1,0
2026-06-23T06:40:20.516651+00:00,cam-01,behavior,1,unknown,idle,0.932,1,0
2026-06-23T06:40:20.543845+00:00,cam-01,behavior,1,unknown,idle,0.935,1,0
2026-06-23T06:40:20.592956+00:00,cam-01,behavior,1,unknown,idle,0.935,1,0
2026-06-23T06:40:20.644767+00:00,cam-01,behavior,1,unknown,idle,0.932,1,0
2026-06-23T06:40:20.682935+00:00,cam-01,behavior,1,unknown,idle,0.933,1,0
2026-06-23T06:40:20.720654+00:00,cam-01,behavior,1,unknown,idle,0.933,1,0
2026-06-23T06:40:20.764148+00:00,cam-01,behavior,1,unknown,idle,0.934,1,0
2026-06-23T06:40:20.799591+00:00,cam-01,behavior,1,unknown,idle,0.934,1,0
2026-06-23T06:40:20.857439+00:00,cam-01,behavior,1,unknown,idle,0.936,1,0
2026-06-23T06:40:20.889220+00:00,cam-01,behavior,1,unknown,idle,0.936,1,0
2026-06-23T06:40:20.921338+00:00,cam-01,behavior,1,unknown,idle,0.934,1,0
2026-06-23T06:40:20.954605+00:00,cam-01,behavior,1,unknown,idle,0.934,1,0
2026-06-23T06:40:20.987313+00:00,cam-01,behavior,1,unknown,idle,0.933,1,0
2026-06-23T06:40:21.008965+00:00,cam-01,behavior,1,unknown,idle,0.935,1,0
2026-06-23T06:40:21.056625+00:00,cam-01,behavior,1,unknown,idle,0.935,1,0
2026-06-23T06:40:21.109098+00:00,cam-01,behavior,1,unknown,idle,0.933,1,0
2026-06-23T06:40:21.139932+00:00,cam-01,behavior,1,unknown,idle,0.933,1,0
2026-06-23T06:40:21.171118+00:00,cam-01,behavior,1,unknown,idle,0.933,1,0
2026-06-23T06:40:21.208537+00:00,cam-01,behavior,1,unknown,idle,0.933,1,0
2026-06-23T06:40:21.243230+00:00,cam-01,behavior,1,unknown,idle,0.933,1,0
2026-06-23T06:40:21.278932+00:00,cam-01,behavior,1,unknown,idle,0.931,1,0
2026-06-23T06:40:21.312596+00:00,cam-01,behavior,1,unknown,idle,0.931,1,0
2026-06-23T06:40:21.348237+00:00,cam-01,behavior,1,unknown,idle,0.931,1,0
2026-06-23T06:40:21.375024+00:00,cam-01,behavior,1,unknown,idle,0.931,1,0
2026-06-23T06:40:21.415977+00:00,cam-01,behavior,1,unknown,idle,0.931,1,0
2026-06-23T06:40:21.451826+00:00,cam-01,behavior,1,unknown,idle,0.933,1,0
2026-06-23T06:40:21.484372+00:00,cam-01,behavior,1,unknown,idle,0.933,1,0
2026-06-23T06:40:21.519884+00:00,cam-01,behavior,1,unknown,idle,0.931,1,0
2026-06-23T06:40:21.552395+00:00,cam-01,behavior,1,unknown,idle,0.931,1,0
2026-06-23T06:40:21.591331+00:00,cam-01,behavior,1,unknown,idle,0.931,1,0
2026-06-23T06:40:21.621125+00:00,cam-01,behavior,1,unknown,idle,0.934,1,0
2026-06-23T06:40:21.656781+00:00,cam-01,behavior,1,unknown,idle,0.934,1,0
2026-06-23T06:40:21.689696+00:00,cam-01,behavior,1,unknown,idle,0.931,1,0
2026-06-23T06:40:21.725638+00:00,cam-01,behavior,1,unknown,idle,0.931,1,0
2026-06-23T06:40:21.759236+00:00,cam-01,behavior,1,unknown,idle,0.93,1,0
2026-06-23T06:40:21.794069+00:00,cam-01,behavior,1,unknown,idle,0.93,1,0
2026-06-23T06:40:21.807601+00:00,cam-01,behavior,1,unknown,idle,0.93,1,0
2026-06-23T06:40:21.851741+00:00,cam-01,behavior,1,unknown,idle,0.928,1,0
2026-06-23T06:40:21.892869+00:00,cam-01,behavior,1,unknown,idle,0.928,1,0
2026-06-23T06:40:21.920996+00:00,cam-01,behavior,1,unknown,idle,0.93,1,0
2026-06-23T06:40:21.955454+00:00,cam-01,behavior,1,unknown,idle,0.93,1,0
2026-06-23T06:40:21.991400+00:00,cam-01,behavior,1,unknown,idle,0.93,1,0
2026-06-23T06:40:22.024439+00:00,cam-01,behavior,1,unknown,idle,0.926,1,0
2026-06-23T06:40:22.057662+00:00,cam-01,behavior,1,unknown,idle,0.926,1,0
2026-06-23T06:40:22.091989+00:00,cam-01,behavior,1,unknown,idle,0.924,1,0
2026-06-23T06:40:22.121113+00:00,cam-01,behavior,1,unknown,idle,0.924,1,0
2026-06-23T06:40:22.155304+00:00,cam-01,behavior,1,unknown,idle,0.927,1,0
2026-06-23T06:40:22.189268+00:00,cam-01,behavior,1,unknown,idle,0.927,1,0
2026-06-23T06:40:22.222893+00:00,cam-01,behavior,1,unknown,idle,0.929,1,0
2026-06-23T06:40:22.257894+00:00,cam-01,behavior,1,unknown,idle,0.927,1,0
2026-06-23T06:40:22.291893+00:00,cam-01,behavior,1,unknown,idle,0.927,1,0
2026-06-23T06:40:22.326604+00:00,cam-01,behavior,1,unknown,idle,0.933,1,0
2026-06-23T06:40:22.358946+00:00,cam-01,behavior,1,unknown,idle,0.933,1,0
2026-06-23T06:40:22.408328+00:00,cam-01,behavior,1,unknown,idle,0.933,1,0
2026-06-23T06:40:22.432655+00:00,cam-01,behavior,1,unknown,idle,0.93,1,0
2026-06-23T06:40:22.497481+00:00,cam-01,behavior,1,unknown,idle,0.928,1,0
2026-06-23T06:40:22.532593+00:00,cam-01,behavior,1,unknown,idle,0.928,1,0
2026-06-23T06:40:22.570271+00:00,cam-01,behavior,1,unknown,idle,0.927,1,0
2026-06-23T06:40:22.624013+00:00,cam-01,behavior,1,unknown,idle,0.927,1,0
2026-06-23T06:40:22.671309+00:00,cam-01,behavior,1,unknown,idle,0.927,1,0
2026-06-23T06:40:22.710782+00:00,cam-01,behavior,1,unknown,idle,0.926,1,0
2026-06-23T06:40:22.742683+00:00,cam-01,behavior,1,unknown,idle,0.926,1,0
2026-06-23T06:40:22.777817+00:00,cam-01,behavior,1,unknown,idle,0.926,1,0
2026-06-23T06:40:22.804127+00:00,cam-01,behavior,1,unknown,idle,0.927,1,0
2026-06-23T06:40:22.835688+00:00,cam-01,behavior,1,unknown,idle,0.927,1,0
2026-06-23T06:40:22.879408+00:00,cam-01,behavior,1,unknown,idle,0.925,1,0
2026-06-23T06:40:22.913990+00:00,cam-01,behavior,1,unknown,idle,0.925,1,0
2026-06-23T06:40:22.948637+00:00,cam-01,behavior,1,unknown,idle,0.921,1,0
2026-06-23T06:40:22.982850+00:00,cam-01,behavior,1,unknown,idle,0.921,1,0
2026-06-23T06:40:23.007715+00:00,cam-01,behavior,1,unknown,idle,0.919,1,0
2026-06-23T06:40:23.050231+00:00,cam-01,behavior,1,unknown,idle,0.916,1,0
2026-06-23T06:40:23.088632+00:00,cam-01,behavior,1,unknown,idle,0.916,1,0
2026-06-23T06:40:23.122985+00:00,cam-01,behavior,1,unknown,idle,0.916,1,0
2026-06-23T06:40:23.153722+00:00,cam-01,behavior,1,unknown,idle,0.921,1,0
2026-06-23T06:40:23.193498+00:00,cam-01,behavior,1,unknown,idle,0.921,1,0
2026-06-23T06:40:23.222434+00:00,cam-01,behavior,1,unknown,idle,0.924,1,0
2026-06-23T06:40:23.259536+00:00,cam-01,behavior,1,unknown,idle,0.924,1,0
2026-06-23T06:40:23.291663+00:00,cam-01,behavior,1,unknown,idle,0.928,1,0
2026-06-23T06:40:23.326919+00:00,cam-01,behavior,1,unknown,idle,0.928,1,0
2026-06-23T06:40:23.361105+00:00,cam-01,behavior,1,unknown,idle,0.926,1,0
2026-06-23T06:40:23.395105+00:00,cam-01,behavior,1,unknown,idle,0.926,1,0
2026-06-23T06:40:23.431968+00:00,cam-01,behavior,1,unknown,idle,0.932,1,0
2026-06-23T06:40:23.462724+00:00,cam-01,behavior,1,unknown,idle,0.932,1,0
2026-06-23T06:40:23.497569+00:00,cam-01,behavior,1,unknown,idle,0.932,1,0
2026-06-23T06:40:23.531072+00:00,cam-01,behavior,1,unknown,idle,0.932,1,0
2026-06-23T06:40:23.570068+00:00,cam-01,behavior,1,unknown,idle,0.93,1,0
2026-06-23T06:40:23.599746+00:00,cam-01,behavior,1,unknown,idle,0.93,1,0
2026-06-23T06:40:23.635024+00:00,cam-01,behavior,1,unknown,idle,0.932,1,0
2026-06-23T06:40:23.668377+00:00,cam-01,behavior,1,unknown,idle,0.932,1,0
2026-06-23T06:40:23.704133+00:00,cam-01,behavior,1,unknown,idle,0.925,1,0
2026-06-23T06:40:23.751041+00:00,cam-01,behavior,1,unknown,idle,0.925,1,0
2026-06-23T06:40:23.839124+00:00,cam-01,behavior,1,unknown,idle,0.929,1,0
2026-06-23T06:40:23.873985+00:00,cam-01,behavior,1,unknown,idle,0.929,1,0
2026-06-23T06:40:23.908160+00:00,cam-01,behavior,1,unknown,idle,0.929,1,0
2026-06-23T06:40:23.942383+00:00,cam-01,behavior,1,unknown,idle,0.93,1,0
2026-06-23T06:40:23.974074+00:00,cam-01,behavior,1,unknown,idle,0.93,1,0
2026-06-23T06:40:24.009705+00:00,cam-01,behavior,1,unknown,idle,0.932,1,0
2026-06-23T06:40:24.043716+00:00,cam-01,behavior,1,unknown,idle,0.932,1,0
2026-06-23T06:40:24.069744+00:00,cam-01,behavior,1,unknown,idle,0.931,1,0
2026-06-23T06:40:24.111101+00:00,cam-01,behavior,1,unknown,idle,0.931,1,0
2026-06-23T06:40:24.134864+00:00,cam-01,behavior,1,unknown,idle,0.924,1,0
2026-06-23T06:40:24.178068+00:00,cam-01,behavior,1,unknown,idle,0.924,1,0
2026-06-23T06:40:24.212285+00:00,cam-01,behavior,1,unknown,idle,0.925,1,0
2026-06-23T06:40:24.248489+00:00,cam-01,behavior,1,unknown,idle,0.929,1,0
2026-06-23T06:40:24.281401+00:00,cam-01,behavior,1,unknown,idle,0.929,1,0
2026-06-23T06:40:24.315231+00:00,cam-01,behavior,1,unknown,idle,0.929,1,0
2026-06-23T06:40:24.350134+00:00,cam-01,behavior,1,unknown,idle,0.925,1,0
2026-06-23T06:40:24.373984+00:00,cam-01,behavior,1,unknown,idle,0.925,1,0
2026-06-23T06:40:24.418997+00:00,cam-01,behavior,1,unknown,idle,0.926,1,0
2026-06-23T06:40:24.456136+00:00,cam-01,behavior,1,unknown,idle,0.926,1,0
2026-06-23T06:40:24.488289+00:00,cam-01,behavior,1,unknown,idle,0.931,1,0
2026-06-23T06:40:24.524452+00:00,cam-01,behavior,1,unknown,idle,0.931,1,0
2026-06-23T06:40:24.557005+00:00,cam-01,behavior,1,unknown,idle,0.93,1,0
2026-06-23T06:40:24.582449+00:00,cam-01,behavior,1,unknown,idle,0.93,1,0
2026-06-23T06:40:24.625566+00:00,cam-01,behavior,1,unknown,idle,0.935,1,0
2026-06-23T06:40:24.660475+00:00,cam-01,behavior,1,unknown,idle,0.934,1,0
2026-06-23T06:40:24.690198+00:00,cam-01,behavior,1,unknown,idle,0.934,1,0
2026-06-23T06:40:24.730245+00:00,cam-01,behavior,1,unknown,idle,0.934,1,0
2026-06-23T06:40:24.764503+00:00,cam-01,behavior,1,unknown,idle,0.933,1,0
2026-06-23T06:40:24.799388+00:00,cam-01,behavior,1,unknown,idle,0.933,1,0
2026-06-23T06:40:24.833768+00:00,cam-01,behavior,1,unknown,idle,0.935,1,0
2026-06-23T06:40:24.897102+00:00,cam-01,behavior,1,unknown,idle,0.937,1,0
2026-06-23T06:40:24.937642+00:00,cam-01,behavior,1,unknown,idle,0.937,1,0
2026-06-23T06:40:24.977253+00:00,cam-01,behavior,1,unknown,idle,0.941,1,0
2026-06-23T06:40:25.014205+00:00,cam-01,behavior,1,unknown,idle,0.941,1,0
2026-06-23T06:40:25.048878+00:00,cam-01,behavior,1,unknown,idle,0.938,1,0
2026-06-23T06:40:25.091308+00:00,cam-01,behavior,1,unknown,idle,0.938,1,0
2026-06-23T06:40:25.138631+00:00,cam-01,behavior,1,unknown,idle,0.93,1,0
2026-06-23T06:40:25.170641+00:00,cam-01,behavior,1,unknown,idle,0.93,1,0
2026-06-23T06:40:25.195659+00:00,cam-01,behavior,1,unknown,idle,0.927,1,0
2026-06-23T06:40:25.229295+00:00,cam-01,behavior,1,unknown,idle,0.927,1,0
2026-06-23T06:40:25.263016+00:00,cam-01,behavior,1,unknown,idle,0.918,1,0
2026-06-23T06:40:25.299251+00:00,cam-01,behavior,1,unknown,idle,0.92,1,0
2026-06-23T06:40:25.331799+00:00,cam-01,behavior,1,unknown,idle,0.918,1,0
2026-06-23T06:40:25.374736+00:00,cam-01,behavior,1,unknown,idle,0.915,1,0
2026-06-23T06:40:25.399102+00:00,cam-01,behavior,1,unknown,idle,0.914,1,0
2026-06-23T06:40:25.434438+00:00,cam-01,behavior,1,unknown,idle,0.914,1,0
2026-06-23T06:40:25.467159+00:00,cam-01,behavior,1,unknown,idle,0.916,1,0
2026-06-23T06:40:25.503572+00:00,cam-01,behavior,1,unknown,idle,0.916,1,0
2026-06-23T06:40:25.535494+00:00,cam-01,behavior,1,unknown,idle,0.918,1,0
2026-06-23T06:40:25.570929+00:00,cam-01,behavior,1,unknown,idle,0.919,1,0
2026-06-23T06:40:25.604234+00:00,cam-01,behavior,1,unknown,idle,0.922,1,0
2026-06-23T06:40:25.629412+00:00,cam-01,behavior,1,unknown,idle,0.921,1,0
2026-06-23T06:40:25.672743+00:00,cam-01,behavior,1,unknown,idle,0.92,1,0
2026-06-23T06:40:25.707167+00:00,cam-01,behavior,1,unknown,idle,0.917,1,0
2026-06-23T06:40:25.741402+00:00,cam-01,behavior,1,unknown,idle,0.915,1,0
2026-06-23T06:40:25.776387+00:00,cam-01,behavior,1,unknown,idle,0.915,1,0
2026-06-23T06:40:25.810408+00:00,cam-01,behavior,1,unknown,idle,0.918,1,0
2026-06-23T06:40:25.845262+00:00,cam-01,behavior,1,unknown,idle,0.918,1,0
2026-06-23T06:40:25.871222+00:00,cam-01,behavior,1,unknown,idle,0.919,1,0
2026-06-23T06:40:25.913213+00:00,cam-01,behavior,1,unknown,idle,0.915,1,0
2026-06-23T06:40:25.948739+00:00,cam-01,behavior,1,unknown,idle,0.914,1,0
2026-06-23T06:40:25.983471+00:00,cam-01,behavior,1,unknown,idle,0.916,1,0
2026-06-23T06:40:26.017492+00:00,cam-01,behavior,1,unknown,idle,0.917,1,0
2026-06-23T06:40:26.042127+00:00,cam-01,behavior,1,unknown,idle,0.916,1,0
2026-06-23T06:40:26.075585+00:00,cam-01,behavior,1,unknown,idle,0.913,1,0
2026-06-23T06:40:26.110397+00:00,cam-01,behavior,1,unknown,idle,0.914,1,0
2026-06-23T06:40:26.143317+00:00,cam-01,behavior,1,unknown,idle,0.914,1,0
2026-06-23T06:40:26.176801+00:00,cam-01,behavior,1,unknown,idle,0.912,1,0
2026-06-23T06:40:26.201442+00:00,cam-01,behavior,1,unknown,idle,0.912,1,0
2026-06-23T06:40:26.230829+00:00,cam-01,behavior,1,unknown,idle,0.911,1,0
2026-06-23T06:40:26.264869+00:00,cam-01,behavior,1,unknown,idle,0.911,1,0
2026-06-23T06:40:26.298777+00:00,cam-01,behavior,1,unknown,idle,0.913,1,0
2026-06-23T06:40:26.335364+00:00,cam-01,behavior,1,unknown,idle,0.909,1,0
2026-06-23T06:40:26.368265+00:00,cam-01,behavior,1,unknown,idle,0.916,1,0
2026-06-23T06:40:26.402251+00:00,cam-01,behavior,1,unknown,idle,0.913,1,0
2026-06-23T06:40:26.438629+00:00,cam-01,behavior,1,unknown,idle,0.911,1,0
2026-06-23T06:40:26.472495+00:00,cam-01,behavior,1,unknown,idle,0.91,1,0
2026-06-23T06:40:26.508009+00:00,cam-01,behavior,1,unknown,idle,0.911,1,0
2026-06-23T06:40:26.539964+00:00,cam-01,behavior,1,unknown,idle,0.907,1,0
2026-06-23T06:40:26.574768+00:00,cam-01,behavior,1,unknown,idle,0.91,1,0
2026-06-23T06:40:26.609907+00:00,cam-01,behavior,1,unknown,idle,0.909,1,0
2026-06-23T06:40:26.665310+00:00,cam-01,behavior,1,unknown,idle,0.912,1,0
2026-06-23T06:40:26.698071+00:00,cam-01,behavior,1,unknown,idle,0.91,1,0
2026-06-23T06:40:26.729325+00:00,cam-01,behavior,1,unknown,idle,0.911,1,0
2026-06-23T06:40:26.763244+00:00,cam-01,behavior,1,unknown,idle,0.91,1,0
2026-06-23T06:40:26.797580+00:00,cam-01,behavior,1,unknown,idle,0.916,1,0
2026-06-23T06:40:26.832699+00:00,cam-01,behavior,1,unknown,idle,0.915,1,0
2026-06-23T06:40:26.872022+00:00,cam-01,behavior,1,unknown,idle,0.919,1,0
2026-06-23T06:40:26.905957+00:00,cam-01,behavior,1,unknown,idle,0.91,1,0
2026-06-23T06:40:26.939827+00:00,cam-01,behavior,1,unknown,idle,0.921,1,0
2026-06-23T06:40:26.975933+00:00,cam-01,behavior,1,unknown,idle,0.915,1,0
2026-06-23T06:40:27.007668+00:00,cam-01,behavior,1,unknown,idle,0.916,1,0
2026-06-23T06:40:27.042533+00:00,cam-01,behavior,1,unknown,idle,0.92,1,0
2026-06-23T06:40:27.076133+00:00,cam-01,behavior,1,unknown,idle,0.92,1,0
2026-06-23T06:40:27.111177+00:00,cam-01,behavior,1,unknown,idle,0.925,1,0
2026-06-23T06:40:27.145758+00:00,cam-01,behavior,1,unknown,idle,0.927,1,0
2026-06-23T06:40:27.179951+00:00,cam-01,behavior,1,unknown,idle,0.925,1,0
2026-06-23T06:40:27.214719+00:00,cam-01,behavior,1,unknown,idle,0.926,1,0
2026-06-23T06:40:27.250412+00:00,cam-01,behavior,1,unknown,idle,0.925,1,0
2026-06-23T06:40:27.276155+00:00,cam-01,behavior,1,unknown,idle,0.923,1,0
2026-06-23T06:40:27.318657+00:00,cam-01,behavior,1,unknown,idle,0.919,1,0
2026-06-23T06:40:27.344017+00:00,cam-01,behavior,1,unknown,idle,0.921,1,0
2026-06-23T06:40:27.386507+00:00,cam-01,behavior,1,unknown,idle,0.923,1,0
2026-06-23T06:40:27.419963+00:00,cam-01,behavior,1,unknown,idle,0.927,1,0
2026-06-23T06:40:27.455382+00:00,cam-01,behavior,1,unknown,idle,0.923,1,0
2026-06-23T06:40:27.491213+00:00,cam-01,behavior,1,unknown,idle,0.922,1,0
2026-06-23T06:40:27.522638+00:00,cam-01,behavior,1,unknown,idle,0.925,1,0
2026-06-23T06:40:27.547546+00:00,cam-01,behavior,1,unknown,idle,0.927,1,0
2026-06-23T06:40:27.581516+00:00,cam-01,behavior,1,unknown,idle,0.925,1,0
2026-06-23T06:40:27.625101+00:00,cam-01,behavior,1,unknown,idle,0.929,1,0
2026-06-23T06:40:27.659267+00:00,cam-01,behavior,1,unknown,idle,0.926,1,0
2026-06-23T06:40:27.697189+00:00,cam-01,behavior,1,unknown,idle,0.922,1,0
2026-06-23T06:40:27.720041+00:00,cam-01,behavior,1,unknown,idle,0.925,1,0
2026-06-23T06:40:27.772109+00:00,cam-01,behavior,1,unknown,idle,0.923,1,0
2026-06-23T06:40:27.789452+00:00,cam-01,behavior,1,unknown,idle,0.921,1,0
2026-06-23T06:40:27.810748+00:00,cam-01,behavior,1,unknown,idle,0.922,1,0
2026-06-23T06:40:27.845887+00:00,cam-01,behavior,1,unknown,idle,0.919,1,0
2026-06-23T06:40:27.889090+00:00,cam-01,behavior,1,unknown,idle,0.925,1,0
2026-06-23T06:40:27.898902+00:00,cam-01,behavior,1,unknown,idle,0.917,1,0
2026-06-23T06:40:27.942826+00:00,cam-01,behavior,1,unknown,idle,0.923,1,0
2026-06-23T06:40:27.984489+00:00,cam-01,behavior,1,unknown,idle,0.919,1,0
2026-06-23T06:40:28.018702+00:00,cam-01,behavior,1,unknown,idle,0.921,1,0
2026-06-23T06:40:28.052646+00:00,cam-01,behavior,1,unknown,idle,0.921,1,0
2026-06-23T06:40:28.086752+00:00,cam-01,behavior,1,unknown,idle,0.922,1,0
2026-06-23T06:40:28.118733+00:00,cam-01,behavior,1,unknown,idle,0.926,1,0
2026-06-23T06:40:28.153325+00:00,cam-01,behavior,1,unknown,idle,0.923,1,0
2026-06-23T06:40:28.184892+00:00,cam-01,behavior,1,unknown,idle,0.921,1,0
2026-06-23T06:40:28.225297+00:00,cam-01,behavior,1,unknown,idle,0.926,1,0
2026-06-23T06:40:28.251967+00:00,cam-01,behavior,1,unknown,idle,0.918,1,0
2026-06-23T06:40:28.265502+00:00,cam-01,behavior,1,unknown,idle,0.911,1,0
2026-06-23T06:40:28.306236+00:00,cam-01,behavior,1,unknown,idle,0.903,1,0
2026-06-23T06:40:28.343068+00:00,cam-01,behavior,1,unknown,idle,0.895,1,0
2026-06-23T06:40:28.383442+00:00,cam-01,behavior,1,unknown,idle,0.904,1,0
2026-06-23T06:40:28.416662+00:00,cam-01,behavior,1,unknown,idle,0.896,1,0
2026-06-23T06:40:28.452846+00:00,cam-01,behavior,1,unknown,idle,0.878,1,0
2026-06-23T06:40:28.485454+00:00,cam-01,behavior,1,unknown,idle,0.887,1,0
2026-06-23T06:40:28.519212+00:00,cam-01,behavior,1,unknown,idle,0.897,1,0
2026-06-23T06:40:28.543744+00:00,cam-01,behavior,1,unknown,idle,0.896,1,0
2026-06-23T06:40:28.586843+00:00,cam-01,behavior,1,unknown,idle,0.906,1,0
2026-06-23T06:40:28.621351+00:00,cam-01,behavior,1,unknown,idle,0.908,1,0
2026-06-23T06:40:28.663438+00:00,cam-01,behavior,1,unknown,idle,0.914,1,0
2026-06-23T06:40:28.690486+00:00,cam-01,behavior,1,unknown,idle,0.908,1,0
2026-06-23T06:40:28.715479+00:00,cam-01,behavior,1,unknown,idle,0.863,1,0
2026-06-23T06:40:28.758528+00:00,cam-01,behavior,1,unknown,idle,0.921,1,0
2026-06-23T06:40:28.792411+00:00,cam-01,behavior,1,unknown,idle,0.921,1,0
2026-06-23T06:40:28.828739+00:00,cam-01,behavior,1,unknown,idle,0.922,1,0
2026-06-23T06:40:28.861505+00:00,cam-01,behavior,1,unknown,idle,0.919,1,0
2026-06-23T06:40:28.880631+00:00,cam-01,behavior,1,unknown,idle,0.909,1,0
2026-06-23T06:40:28.914658+00:00,cam-01,behavior,1,unknown,idle,0.911,1,0
2026-06-23T06:40:28.960556+00:00,cam-01,behavior,1,unknown,idle,0.901,1,0
2026-06-23T06:40:28.983136+00:00,cam-01,behavior,1,unknown,idle,0.914,1,0
2026-06-23T06:40:29.032418+00:00,cam-01,behavior,1,unknown,idle,0.903,1,0
2026-06-23T06:40:29.059787+00:00,cam-01,behavior,1,unknown,idle,0.901,1,0
2026-06-23T06:40:29.097405+00:00,cam-01,behavior,1,unknown,idle,0.909,1,0
2026-06-23T06:40:29.127317+00:00,cam-01,behavior,1,unknown,idle,0.912,1,0
2026-06-23T06:40:29.154301+00:00,cam-01,behavior,1,unknown,idle,0.917,1,0
2026-06-23T06:40:29.192269+00:00,cam-01,behavior,1,unknown,idle,0.91,1,0
2026-06-23T06:40:29.230753+00:00,cam-01,behavior,1,unknown,idle,0.918,1,0
2026-06-23T06:40:29.258813+00:00,cam-01,behavior,1,unknown,idle,0.902,1,0
2026-06-23T06:40:29.293033+00:00,cam-01,behavior,1,unknown,idle,0.89,1,0
2026-06-23T06:40:29.327342+00:00,cam-01,behavior,1,unknown,idle,0.9,1,0
2026-06-23T06:40:29.361179+00:00,cam-01,behavior,1,unknown,idle,0.889,1,0
2026-06-23T06:40:29.392634+00:00,cam-01,behavior,1,unknown,idle,0.887,1,0
2026-06-23T06:40:29.428554+00:00,cam-01,behavior,1,unknown,idle,0.891,1,0
2026-06-23T06:40:29.462361+00:00,cam-01,behavior,1,unknown,idle,0.904,1,0
2026-06-23T06:40:29.496452+00:00,cam-01,behavior,1,unknown,idle,0.905,1,0
2026-06-23T06:40:29.530833+00:00,cam-01,behavior,1,unknown,idle,0.916,1,0
2026-06-23T06:40:29.565221+00:00,cam-01,behavior,1,unknown,idle,0.911,1,0
2026-06-23T06:40:29.599696+00:00,cam-01,behavior,1,unknown,idle,0.898,1,0
2026-06-23T06:40:29.634181+00:00,cam-01,behavior,1,unknown,idle,0.909,1,0
2026-06-23T06:40:29.667467+00:00,cam-01,behavior,1,unknown,idle,0.906,1,0
2026-06-23T06:40:29.693395+00:00,cam-01,behavior,1,unknown,idle,0.922,1,0
2026-06-23T06:40:29.725609+00:00,cam-01,behavior,1,unknown,idle,0.919,1,0
2026-06-23T06:40:29.754599+00:00,cam-01,behavior,1,unknown,idle,0.93,1,0
2026-06-23T06:40:29.785983+00:00,cam-01,behavior,1,unknown,idle,0.928,1,0
2026-06-23T06:40:29.820376+00:00,cam-01,behavior,1,unknown,idle,0.922,1,0
2026-06-23T06:40:29.849199+00:00,cam-01,behavior,1,unknown,idle,0.923,1,0
2026-06-23T06:40:29.888548+00:00,cam-01,behavior,1,unknown,idle,0.928,1,0
2026-06-23T06:40:29.923716+00:00,cam-01,behavior,1,unknown,idle,0.927,1,0
2026-06-23T06:40:29.948670+00:00,cam-01,behavior,1,unknown,idle,0.933,1,0
2026-06-23T06:40:29.992418+00:00,cam-01,behavior,1,unknown,idle,0.926,1,0
2026-06-23T06:40:30.026351+00:00,cam-01,behavior,1,unknown,idle,0.924,1,0
2026-06-23T06:40:30.050162+00:00,cam-01,behavior,1,unknown,idle,0.915,1,0
2026-06-23T06:40:30.104917+00:00,cam-01,behavior,1,unknown,idle,0.91,1,0
2026-06-23T06:40:30.128343+00:00,cam-01,behavior,1,unknown,idle,0.901,1,0
2026-06-23T06:40:30.166144+00:00,cam-01,behavior,1,unknown,idle,0.911,1,0
2026-06-23T06:40:30.183240+00:00,cam-01,behavior,1,unknown,idle,0.91,1,0
2026-06-23T06:40:30.216731+00:00,cam-01,behavior,1,unknown,idle,0.9,1,0
2026-06-23T06:40:30.255276+00:00,cam-01,behavior,1,unknown,idle,0.887,1,0
2026-06-23T06:40:30.288306+00:00,cam-01,behavior,1,unknown,idle,0.887,1,0
2026-06-23T06:40:30.323076+00:00,cam-01,behavior,1,unknown,idle,0.886,1,0
2026-06-23T06:40:30.357910+00:00,cam-01,behavior,1,unknown,idle,0.877,1,0
2026-06-23T06:40:30.377741+00:00,cam-01,behavior,1,unknown,idle,0.889,1,0
2026-06-23T06:40:30.409130+00:00,cam-01,behavior,1,unknown,idle,0.883,1,0
2026-06-23T06:40:30.450138+00:00,cam-01,behavior,1,unknown,idle,0.884,1,0
2026-06-23T06:40:30.483410+00:00,cam-01,behavior,1,unknown,idle,0.876,1,0
2026-06-23T06:40:30.516838+00:00,cam-01,behavior,1,unknown,idle,0.872,1,0
2026-06-23T06:40:30.549456+00:00,cam-01,behavior,1,unknown,idle,0.886,1,0
2026-06-23T06:40:30.585021+00:00,cam-01,behavior,1,unknown,idle,0.874,1,0
2026-06-23T06:40:30.624801+00:00,cam-01,behavior,1,unknown,idle,0.873,1,0
2026-06-23T06:40:30.655477+00:00,cam-01,behavior,1,unknown,idle,0.872,1,0
2026-06-23T06:40:30.695359+00:00,cam-01,behavior,1,unknown,idle,0.852,1,0
2026-06-23T06:40:30.728406+00:00,cam-01,behavior,1,unknown,idle,0.86,1,0
2026-06-23T06:40:30.767301+00:00,cam-01,behavior,1,unknown,idle,0.848,1,0
2026-06-23T06:40:30.795990+00:00,cam-01,behavior,1,unknown,idle,0.86,1,0
2026-06-23T06:40:30.830308+00:00,cam-01,behavior,1,unknown,idle,0.876,1,0
2026-06-23T06:40:30.873353+00:00,cam-01,behavior,1,unknown,idle,0.863,1,0
2026-06-23T06:40:30.889241+00:00,cam-01,behavior,1,unknown,idle,0.866,1,0
2026-06-23T06:40:30.933969+00:00,cam-01,behavior,1,unknown,idle,0.865,1,0
2026-06-23T06:40:30.971681+00:00,cam-01,behavior,1,unknown,idle,0.866,1,0
2026-06-23T06:40:31.002274+00:00,cam-01,behavior,1,unknown,idle,0.857,1,0
2026-06-23T06:40:31.026143+00:00,cam-01,behavior,1,unknown,idle,0.866,1,0
2026-06-23T06:40:31.071952+00:00,cam-01,behavior,1,unknown,idle,0.862,1,0
2026-06-23T06:40:31.104810+00:00,cam-01,behavior,1,unknown,idle,0.867,1,0
2026-06-23T06:40:31.139822+00:00,cam-01,behavior,1,unknown,idle,0.868,1,0
2026-06-23T06:40:31.175913+00:00,cam-01,behavior,1,unknown,idle,0.862,1,0
2026-06-23T06:40:31.209479+00:00,cam-01,behavior,1,unknown,idle,0.867,1,0
2026-06-23T06:40:31.242488+00:00,cam-01,behavior,1,unknown,idle,0.84,1,0
2026-06-23T06:40:31.276775+00:00,cam-01,behavior,1,unknown,idle,0.85,1,0
2026-06-23T06:40:31.311396+00:00,cam-01,behavior,1,unknown,idle,0.858,1,0
2026-06-23T06:40:31.346517+00:00,cam-01,behavior,1,unknown,idle,0.85,1,0
2026-06-23T06:40:31.380298+00:00,cam-01,behavior,1,unknown,idle,0.855,1,0
2026-06-23T06:40:31.416855+00:00,cam-01,behavior,1,unknown,idle,0.795,1,0
2026-06-23T06:40:31.451444+00:00,cam-01,behavior,1,unknown,idle,0.844,1,0
2026-06-23T06:40:31.482598+00:00,cam-01,behavior,1,unknown,idle,0.848,1,0
2026-06-23T06:40:31.517146+00:00,cam-01,behavior,1,unknown,idle,0.836,1,0
2026-06-23T06:40:31.552301+00:00,cam-01,behavior,1,unknown,idle,0.83,1,0
2026-06-23T06:40:31.587297+00:00,cam-01,behavior,1,unknown,idle,0.857,1,0
2026-06-23T06:40:31.620751+00:00,cam-01,behavior,1,unknown,idle,0.864,1,0
2026-06-23T06:40:31.655936+00:00,cam-01,behavior,1,unknown,idle,0.868,1,0
2026-06-23T06:40:31.688294+00:00,cam-01,behavior,1,unknown,idle,0.867,1,0
2026-06-23T06:40:31.721965+00:00,cam-01,behavior,1,unknown,idle,0.873,1,0
2026-06-23T06:40:31.759231+00:00,cam-01,behavior,1,unknown,idle,0.879,1,0
2026-06-23T06:40:31.793611+00:00,cam-01,behavior,1,unknown,idle,0.879,1,0
2026-06-23T06:40:31.828293+00:00,cam-01,behavior,1,unknown,idle,0.903,1,0
2026-06-23T06:40:31.853205+00:00,cam-01,behavior,1,unknown,idle,0.892,1,0
2026-06-23T06:40:31.895413+00:00,cam-01,behavior,1,unknown,idle,0.899,1,0
2026-06-23T06:40:31.946525+00:00,cam-01,behavior,1,unknown,idle,0.9,1,0
2026-06-23T06:40:31.979277+00:00,cam-01,behavior,1,unknown,idle,0.905,1,0
2026-06-23T06:40:32.013306+00:00,cam-01,behavior,1,unknown,idle,0.899,1,0
2026-06-23T06:40:32.051560+00:00,cam-01,behavior,1,unknown,idle,0.895,1,0
2026-06-23T06:40:32.082936+00:00,cam-01,behavior,1,unknown,idle,0.899,1,0
2026-06-23T06:40:32.116656+00:00,cam-01,behavior,1,unknown,idle,0.886,1,0
2026-06-23T06:40:32.152297+00:00,cam-01,behavior,1,unknown,idle,0.894,1,0
2026-06-23T06:40:32.188689+00:00,cam-01,behavior,1,unknown,idle,0.893,1,0
2026-06-23T06:40:32.220287+00:00,cam-01,behavior,1,unknown,idle,0.908,1,0
2026-06-23T06:40:32.255394+00:00,cam-01,behavior,1,unknown,idle,0.908,1,0
2026-06-23T06:40:32.289715+00:00,cam-01,behavior,1,unknown,idle,0.902,1,0
2026-06-23T06:40:32.314497+00:00,cam-01,behavior,1,unknown,idle,0.91,1,0
2026-06-23T06:40:32.359686+00:00,cam-01,behavior,1,unknown,idle,0.913,1,0
2026-06-23T06:40:32.391081+00:00,cam-01,behavior,1,unknown,idle,0.914,1,0
2026-06-23T06:40:32.428543+00:00,cam-01,behavior,1,unknown,idle,0.911,1,0
2026-06-23T06:40:32.461433+00:00,cam-01,behavior,1,unknown,idle,0.896,1,0
2026-06-23T06:40:32.496321+00:00,cam-01,behavior,1,unknown,idle,0.912,1,0
2026-06-23T06:40:32.529276+00:00,cam-01,behavior,1,unknown,idle,0.914,1,0
2026-06-23T06:40:32.555105+00:00,cam-01,behavior,1,unknown,idle,0.916,1,0
2026-06-23T06:40:32.598405+00:00,cam-01,behavior,1,unknown,idle,0.915,1,0
2026-06-23T06:40:32.633519+00:00,cam-01,behavior,1,unknown,idle,0.9,1,0
2026-06-23T06:40:32.667387+00:00,cam-01,behavior,1,unknown,idle,0.916,1,0
2026-06-23T06:40:32.701411+00:00,cam-01,behavior,1,unknown,idle,0.921,1,0
2026-06-23T06:40:32.735974+00:00,cam-01,behavior,1,unknown,idle,0.926,1,0
2026-06-23T06:40:32.771256+00:00,cam-01,behavior,1,unknown,idle,0.927,1,0
2026-06-23T06:40:32.809315+00:00,cam-01,behavior,1,unknown,idle,0.931,1,0
2026-06-23T06:40:32.830000+00:00,cam-01,behavior,1,unknown,idle,0.927,1,0
2026-06-23T06:40:32.873314+00:00,cam-01,behavior,1,unknown,idle,0.933,1,0
2026-06-23T06:40:32.907545+00:00,cam-01,behavior,1,unknown,idle,0.926,1,0
2026-06-23T06:40:32.962247+00:00,cam-01,behavior,1,unknown,idle,0.925,1,0
2026-06-23T06:40:32.996267+00:00,cam-01,behavior,1,unknown,idle,0.922,1,0
2026-06-23T06:40:33.030421+00:00,cam-01,behavior,1,unknown,idle,0.929,1,0
2026-06-23T06:40:33.063311+00:00,cam-01,behavior,1,unknown,idle,0.922,1,0
2026-06-23T06:40:33.113164+00:00,cam-01,behavior,1,unknown,idle,0.917,1,0
2026-06-23T06:40:33.147167+00:00,cam-01,behavior,1,unknown,idle,0.918,1,0
2026-06-23T06:40:33.180309+00:00,cam-01,behavior,1,unknown,idle,0.916,1,0
2026-06-23T06:40:33.214937+00:00,cam-01,behavior,1,unknown,idle,0.911,1,0
2026-06-23T06:40:33.254290+00:00,cam-01,behavior,1,unknown,idle,0.894,1,0
2026-06-23T06:40:33.290221+00:00,cam-01,behavior,1,unknown,idle,0.898,1,0
2026-06-23T06:40:33.321766+00:00,cam-01,behavior,1,unknown,idle,0.898,1,0
2026-06-23T06:40:33.360980+00:00,cam-01,behavior,1,unknown,idle,0.903,1,0
2026-06-23T06:40:33.387698+00:00,cam-01,behavior,1,unknown,idle,0.897,1,0
2026-06-23T06:40:33.421983+00:00,cam-01,behavior,1,unknown,idle,0.899,1,0
2026-06-23T06:40:33.455145+00:00,cam-01,behavior,1,unknown,idle,0.871,1,0
2026-06-23T06:40:33.489420+00:00,cam-01,behavior,1,unknown,idle,0.907,1,0
2026-06-23T06:40:33.523696+00:00,cam-01,behavior,1,unknown,idle,0.897,1,0
2026-06-23T06:40:33.558092+00:00,cam-01,behavior,1,unknown,idle,0.9,1,0
2026-06-23T06:40:33.597350+00:00,cam-01,behavior,1,unknown,idle,0.887,1,0
2026-06-23T06:40:33.628274+00:00,cam-01,behavior,1,unknown,idle,0.851,1,0
2026-06-23T06:40:33.662549+00:00,cam-01,behavior,1,unknown,idle,0.895,1,0
2026-06-23T06:40:33.697118+00:00,cam-01,behavior,1,unknown,idle,0.895,1,0
2026-06-23T06:40:33.731064+00:00,cam-01,behavior,1,unknown,idle,0.883,1,0
2026-06-23T06:40:33.765589+00:00,cam-01,behavior,1,unknown,idle,0.9,1,0
2026-06-23T06:40:33.791517+00:00,cam-01,behavior,1,unknown,idle,0.906,1,0
2026-06-23T06:40:33.824317+00:00,cam-01,behavior,1,unknown,working,0.911,1,0
2026-06-23T06:40:33.873828+00:00,cam-01,behavior,1,unknown,working,0.919,1,0
2026-06-23T06:40:33.902354+00:00,cam-01,behavior,1,unknown,working,0.931,1,0
2026-06-23T06:40:33.929411+00:00,cam-01,behavior,1,unknown,working,0.92,1,0
2026-06-23T06:40:33.966128+00:00,cam-01,behavior,1,unknown,idle,0.91,1,0
2026-06-23T06:40:33.997370+00:00,cam-01,behavior,1,unknown,idle,0.916,1,0
2026-06-23T06:40:34.035240+00:00,cam-01,behavior,1,unknown,idle,0.911,1,0
2026-06-23T06:40:34.066315+00:00,cam-01,behavior,1,unknown,idle,0.905,1,0
2026-06-23T06:40:34.101688+00:00,cam-01,behavior,1,unknown,idle,0.905,1,0
2026-06-23T06:40:34.135412+00:00,cam-01,behavior,1,unknown,idle,0.902,1,0
2026-06-23T06:40:34.169422+00:00,cam-01,behavior,1,unknown,idle,0.903,1,0
2026-06-23T06:40:34.194247+00:00,cam-01,behavior,1,unknown,idle,0.879,1,0
2026-06-23T06:40:34.238488+00:00,cam-01,behavior,1,unknown,idle,0.891,1,0
2026-06-23T06:40:34.275600+00:00,cam-01,behavior,1,unknown,idle,0.883,1,0
2026-06-23T06:40:34.310576+00:00,cam-01,behavior,1,unknown,idle,0.892,1,0
2026-06-23T06:40:34.343087+00:00,cam-01,behavior,1,unknown,idle,0.899,1,0
2026-06-23T06:40:34.380011+00:00,cam-01,behavior,1,unknown,idle,0.907,1,0
2026-06-23T06:40:34.400617+00:00,cam-01,behavior,1,unknown,idle,0.912,1,0
2026-06-23T06:40:34.445007+00:00,cam-01,behavior,1,unknown,idle,0.908,1,0
2026-06-23T06:40:34.474495+00:00,cam-01,behavior,1,unknown,idle,0.908,1,0
2026-06-23T06:40:34.509751+00:00,cam-01,behavior,1,unknown,idle,0.91,1,0
2026-06-23T06:40:34.537475+00:00,cam-01,behavior,1,unknown,idle,0.899,1,0
2026-06-23T06:40:34.575266+00:00,cam-01,behavior,1,unknown,idle,0.909,1,0
2026-06-23T06:40:34.610488+00:00,cam-01,behavior,1,unknown,idle,0.899,1,0
2026-06-23T06:40:34.644755+00:00,cam-01,behavior,1,unknown,idle,0.9,1,0
2026-06-23T06:40:34.676851+00:00,cam-01,behavior,1,unknown,idle,0.9,1,0
2026-06-23T06:40:34.711309+00:00,cam-01,behavior,1,unknown,idle,0.902,1,0
2026-06-23T06:40:34.745164+00:00,cam-01,behavior,1,unknown,idle,0.894,1,0
2026-06-23T06:40:34.781716+00:00,cam-01,behavior,1,unknown,idle,0.895,1,0
2026-06-23T06:40:34.819022+00:00,cam-01,behavior,1,unknown,idle,0.891,1,0
2026-06-23T06:40:34.847945+00:00,cam-01,behavior,1,unknown,idle,0.891,1,0
2026-06-23T06:40:34.883143+00:00,cam-01,behavior,1,unknown,idle,0.899,1,0
2026-06-23T06:40:34.910495+00:00,cam-01,behavior,1,unknown,idle,0.901,1,0
2026-06-23T06:40:34.945716+00:00,cam-01,behavior,1,unknown,idle,0.874,1,0
2026-06-23T06:40:34.983169+00:00,cam-01,behavior,1,unknown,idle,0.863,1,0
2026-06-23T06:40:35.015935+00:00,cam-01,behavior,1,unknown,idle,0.897,1,0
2026-06-23T06:40:35.049037+00:00,cam-01,behavior,1,unknown,idle,0.9,1,0
2026-06-23T06:40:35.084066+00:00,cam-01,behavior,1,unknown,idle,0.908,1,0
2026-06-23T06:40:35.119828+00:00,cam-01,behavior,1,unknown,idle,0.888,1,0
2026-06-23T06:40:35.152567+00:00,cam-01,behavior,1,unknown,idle,0.904,1,0
2026-06-23T06:40:35.204059+00:00,cam-01,behavior,1,unknown,idle,0.904,1,0
2026-06-23T06:40:35.257030+00:00,cam-01,behavior,1,unknown,idle,0.903,1,0
2026-06-23T06:40:35.293172+00:00,cam-01,behavior,1,unknown,idle,0.907,1,0
2026-06-23T06:40:35.323466+00:00,cam-01,behavior,1,unknown,idle,0.899,1,0
2026-06-23T06:40:35.353269+00:00,cam-01,behavior,1,unknown,idle,0.906,1,0
2026-06-23T06:40:35.394897+00:00,cam-01,behavior,1,unknown,idle,0.908,1,0
2026-06-23T06:40:35.429674+00:00,cam-01,behavior,1,unknown,idle,0.905,1,0
2026-06-23T06:40:35.464352+00:00,cam-01,behavior,1,unknown,idle,0.906,1,0
2026-06-23T06:40:35.505123+00:00,cam-01,behavior,1,unknown,idle,0.902,1,0
2026-06-23T06:40:35.539622+00:00,cam-01,behavior,1,unknown,idle,0.902,1,0
2026-06-23T06:40:35.576671+00:00,cam-01,behavior,1,unknown,idle,0.911,1,0
2026-06-23T06:40:35.609490+00:00,cam-01,behavior,1,unknown,idle,0.909,1,0
2026-06-23T06:40:35.644311+00:00,cam-01,behavior,1,unknown,idle,0.914,1,0
2026-06-23T06:40:35.672538+00:00,cam-01,behavior,1,unknown,idle,0.906,1,0
2026-06-23T06:40:35.698932+00:00,cam-01,behavior,1,unknown,idle,0.913,1,0
2026-06-23T06:40:35.733589+00:00,cam-01,behavior,1,unknown,idle,0.918,1,0
2026-06-23T06:40:35.767355+00:00,cam-01,behavior,1,unknown,idle,0.904,1,0
2026-06-23T06:40:35.801519+00:00,cam-01,behavior,1,unknown,idle,0.906,1,0
2026-06-23T06:40:35.836235+00:00,cam-01,behavior,1,unknown,idle,0.907,1,0
2026-06-23T06:40:35.871006+00:00,cam-01,behavior,1,unknown,idle,0.902,1,0
2026-06-23T06:40:35.896709+00:00,cam-01,behavior,1,unknown,idle,0.888,1,0
2026-06-23T06:40:35.938740+00:00,cam-01,behavior,1,unknown,idle,0.888,1,0
2026-06-23T06:40:35.973290+00:00,cam-01,behavior,1,unknown,idle,0.91,1,0
2026-06-23T06:40:36.009343+00:00,cam-01,behavior,1,unknown,idle,0.898,1,0
2026-06-23T06:40:36.032396+00:00,cam-01,behavior,1,unknown,idle,0.897,1,0
2026-06-23T06:40:36.075747+00:00,cam-01,behavior,1,unknown,idle,0.902,1,0
2026-06-23T06:40:36.109971+00:00,cam-01,behavior,1,unknown,idle,0.885,1,0
2026-06-23T06:40:36.144255+00:00,cam-01,behavior,1,unknown,idle,0.899,1,0
2026-06-23T06:40:36.185850+00:00,cam-01,behavior,1,unknown,idle,0.893,1,0
2026-06-23T06:40:36.215419+00:00,cam-01,behavior,1,unknown,idle,0.891,1,0
2026-06-23T06:40:36.249298+00:00,cam-01,behavior,1,unknown,idle,0.905,1,0
2026-06-23T06:40:36.282715+00:00,cam-01,behavior,1,unknown,idle,0.908,1,0
2026-06-23T06:40:36.317704+00:00,cam-01,behavior,1,unknown,idle,0.908,1,0
2026-06-23T06:40:36.354435+00:00,cam-01,behavior,1,unknown,idle,0.899,1,0
2026-06-23T06:40:36.393624+00:00,cam-01,behavior,1,unknown,idle,0.899,1,0
2026-06-23T06:40:36.421986+00:00,cam-01,behavior,1,unknown,idle,0.909,1,0
2026-06-23T06:40:36.459747+00:00,cam-01,behavior,1,unknown,idle,0.885,1,0
2026-06-23T06:40:36.492818+00:00,cam-01,behavior,1,unknown,idle,0.905,1,0
2026-06-23T06:40:36.533475+00:00,cam-01,behavior,1,unknown,idle,0.893,1,0
2026-06-23T06:40:36.561603+00:00,cam-01,behavior,1,unknown,idle,0.898,1,0
2026-06-23T06:40:36.598192+00:00,cam-01,behavior,1,unknown,idle,0.909,1,0
2026-06-23T06:40:36.618801+00:00,cam-01,behavior,1,unknown,idle,0.906,1,0
2026-06-23T06:40:36.644010+00:00,cam-01,behavior,1,unknown,idle,0.897,1,0
2026-06-23T06:40:36.688486+00:00,cam-01,behavior,1,unknown,idle,0.897,1,0
2026-06-23T06:40:36.722457+00:00,cam-01,behavior,1,unknown,idle,0.909,1,0
2026-06-23T06:40:36.747644+00:00,cam-01,behavior,1,unknown,idle,0.904,1,0
2026-06-23T06:40:36.793215+00:00,cam-01,behavior,1,unknown,idle,0.904,1,0
2026-06-23T06:40:36.828573+00:00,cam-01,behavior,1,unknown,idle,0.897,1,0
2026-06-23T06:40:36.862491+00:00,cam-01,behavior,1,unknown,idle,0.902,1,0
2026-06-23T06:40:36.888467+00:00,cam-01,behavior,1,unknown,idle,0.9,1,0
2026-06-23T06:40:36.917642+00:00,cam-01,behavior,1,unknown,idle,0.9,1,0
2026-06-23T06:40:36.950721+00:00,cam-01,behavior,1,unknown,idle,0.898,1,0
2026-06-23T06:40:36.986008+00:00,cam-01,behavior,1,unknown,idle,0.891,1,0
2026-06-23T06:40:37.021647+00:00,cam-01,behavior,1,unknown,idle,0.888,1,0
2026-06-23T06:40:37.055175+00:00,cam-01,behavior,1,unknown,idle,0.888,1,0
2026-06-23T06:40:37.090453+00:00,cam-01,behavior,1,unknown,idle,0.891,1,0
2026-06-23T06:40:37.115095+00:00,cam-01,behavior,1,unknown,idle,0.895,1,0
2026-06-23T06:40:37.161704+00:00,cam-01,behavior,1,unknown,idle,0.895,1,0
2026-06-23T06:40:37.191707+00:00,cam-01,behavior,1,unknown,idle,0.892,1,0
2026-06-23T06:40:37.232162+00:00,cam-01,behavior,1,unknown,idle,0.896,1,0
2026-06-23T06:40:37.259822+00:00,cam-01,behavior,1,unknown,idle,0.896,1,0
2026-06-23T06:40:37.292972+00:00,cam-01,behavior,1,unknown,idle,0.888,1,0
2026-06-23T06:40:37.328103+00:00,cam-01,behavior,1,unknown,idle,0.893,1,0
2026-06-23T06:40:37.381138+00:00,cam-01,behavior,1,unknown,idle,0.89,1,0
2026-06-23T06:40:37.410125+00:00,cam-01,behavior,1,unknown,idle,0.906,1,0
2026-06-23T06:40:37.443697+00:00,cam-01,behavior,1,unknown,idle,0.894,1,0
2026-06-23T06:40:37.465720+00:00,cam-01,behavior,1,unknown,idle,0.894,1,0
2026-06-23T06:40:37.512375+00:00,cam-01,behavior,1,unknown,idle,0.894,1,0
2026-06-23T06:40:37.546721+00:00,cam-01,behavior,1,unknown,idle,0.894,1,0
2026-06-23T06:40:37.582581+00:00,cam-01,behavior,1,unknown,idle,0.903,1,0
2026-06-23T06:40:37.622797+00:00,cam-01,behavior,1,unknown,idle,0.905,1,0
2026-06-23T06:40:37.665040+00:00,cam-01,behavior,1,unknown,idle,0.899,1,0
2026-06-23T06:40:37.698864+00:00,cam-01,behavior,1,unknown,idle,0.9,1,0
2026-06-23T06:40:37.775613+00:00,cam-01,behavior,1,unknown,idle,0.902,1,0
2026-06-23T06:40:37.810246+00:00,cam-01,behavior,1,unknown,idle,0.902,1,0
2026-06-23T06:40:37.844251+00:00,cam-01,behavior,1,unknown,idle,0.9,1,0
2026-06-23T06:40:37.877845+00:00,cam-01,behavior,1,unknown,idle,0.891,1,0
2026-06-23T06:40:37.899008+00:00,cam-01,behavior,1,unknown,idle,0.888,1,0
2026-06-23T06:40:37.948943+00:00,cam-01,behavior,1,unknown,idle,0.904,1,0
2026-06-23T06:40:37.982829+00:00,cam-01,behavior,1,unknown,idle,0.881,1,0
2026-06-23T06:40:38.013895+00:00,cam-01,behavior,1,unknown,idle,0.889,1,0
2026-06-23T06:40:38.047256+00:00,cam-01,behavior,1,unknown,idle,0.9,1,0
2026-06-23T06:40:38.084992+00:00,cam-01,behavior,1,unknown,idle,0.897,1,0
2026-06-23T06:40:38.121400+00:00,cam-01,behavior,1,unknown,idle,0.903,1,0
2026-06-23T06:40:38.154205+00:00,cam-01,behavior,1,unknown,idle,0.902,1,0
2026-06-23T06:40:38.179833+00:00,cam-01,behavior,1,unknown,idle,0.905,1,0
2026-06-23T06:40:38.213695+00:00,cam-01,behavior,1,unknown,idle,0.898,1,0
2026-06-23T06:40:38.246641+00:00,cam-01,behavior,1,unknown,idle,0.899,1,0
2026-06-23T06:40:38.282660+00:00,cam-01,behavior,1,unknown,idle,0.903,1,0
2026-06-23T06:40:38.316863+00:00,cam-01,behavior,1,unknown,idle,0.896,1,0
2026-06-23T06:40:38.347836+00:00,cam-01,behavior,1,unknown,idle,0.907,1,0
2026-06-23T06:40:38.373406+00:00,cam-01,behavior,1,unknown,idle,0.905,1,0
2026-06-23T06:40:38.415922+00:00,cam-01,behavior,1,unknown,idle,0.917,1,0
2026-06-23T06:40:38.450085+00:00,cam-01,behavior,1,unknown,idle,0.91,1,0
2026-06-23T06:40:38.484487+00:00,cam-01,behavior,1,unknown,idle,0.913,1,0
2026-06-23T06:40:38.510126+00:00,cam-01,behavior,1,unknown,idle,0.91,1,0
2026-06-23T06:40:38.546988+00:00,cam-01,behavior,1,unknown,idle,0.909,1,0
2026-06-23T06:40:38.586279+00:00,cam-01,behavior,1,unknown,idle,0.905,1,0
2026-06-23T06:40:38.619054+00:00,cam-01,behavior,1,unknown,idle,0.912,1,0
2026-06-23T06:40:38.658584+00:00,cam-01,behavior,1,unknown,idle,0.907,1,0
2026-06-23T06:40:38.689495+00:00,cam-01,behavior,1,unknown,idle,0.901,1,0
2026-06-23T06:40:38.733431+00:00,cam-01,behavior,1,unknown,idle,0.906,1,0
2026-06-23T06:40:38.787389+00:00,cam-01,behavior,1,unknown,idle,0.905,1,0
2026-06-23T06:40:38.819717+00:00,cam-01,behavior,1,unknown,idle,0.899,1,0
2026-06-23T06:40:38.854673+00:00,cam-01,behavior,1,unknown,idle,0.903,1,0
2026-06-23T06:40:38.875537+00:00,cam-01,behavior,1,unknown,idle,0.903,1,0
2026-06-23T06:40:38.910059+00:00,cam-01,behavior,1,unknown,idle,0.885,1,0
2026-06-23T06:40:38.944510+00:00,cam-01,behavior,1,unknown,idle,0.892,1,0
2026-06-23T06:40:38.977996+00:00,cam-01,behavior,1,unknown,idle,0.884,1,0
2026-06-23T06:40:39.004744+00:00,cam-01,behavior,1,unknown,idle,0.884,1,0
2026-06-23T06:40:39.048357+00:00,cam-01,behavior,1,unknown,idle,0.85,1,0
2026-06-23T06:40:39.069428+00:00,cam-01,behavior,1,unknown,idle,0.824,1,0
2026-06-23T06:40:39.120708+00:00,cam-01,behavior,1,unknown,idle,0.763,1,0
2026-06-23T06:40:39.154914+00:00,cam-01,behavior,1,unknown,idle,0.782,1,0
2026-06-23T06:40:39.190045+00:00,cam-01,behavior,1,unknown,idle,0.782,1,0
2026-06-23T06:40:39.212570+00:00,cam-01,behavior,1,unknown,idle,0.824,1,0
2026-06-23T06:40:39.246807+00:00,cam-01,behavior,1,unknown,idle,0.816,1,0
2026-06-23T06:40:39.283670+00:00,cam-01,behavior,1,unknown,idle,0.878,1,0
2026-06-23T06:40:39.315854+00:00,cam-01,behavior,1,unknown,idle,0.876,1,0
2026-06-23T06:40:39.350228+00:00,cam-01,behavior,1,unknown,working,0.741,1,0
2026-06-23T06:40:39.383570+00:00,cam-01,behavior,1,unknown,working,0.899,1,0
2026-06-23T06:40:39.418192+00:00,cam-01,behavior,1,unknown,working,0.783,1,0
2026-06-23T06:40:39.457836+00:00,cam-01,behavior,1,unknown,working,0.793,1,0
2026-06-23T06:40:39.487468+00:00,cam-01,behavior,1,unknown,working,0.843,1,0
2026-06-23T06:40:39.522269+00:00,cam-01,behavior,1,unknown,working,0.914,1,0
2026-06-23T06:40:39.557001+00:00,cam-01,behavior,1,unknown,working,0.895,1,0
2026-06-23T06:40:39.591760+00:00,cam-01,behavior,1,unknown,working,0.908,1,0
2026-06-23T06:40:39.625835+00:00,cam-01,behavior,1,unknown,working,0.894,1,0
2026-06-23T06:40:39.660392+00:00,cam-01,behavior,1,unknown,working,0.902,1,0
2026-06-23T06:40:39.693845+00:00,cam-01,behavior,1,unknown,working,0.902,1,0
2026-06-23T06:40:39.728676+00:00,cam-01,behavior,1,unknown,idle,0.917,1,0
2026-06-23T06:40:39.764082+00:00,cam-01,behavior,1,unknown,idle,0.915,1,0
2026-06-23T06:40:39.799645+00:00,cam-01,behavior,1,unknown,idle,0.913,1,0
2026-06-23T06:40:39.833000+00:00,cam-01,behavior,1,unknown,idle,0.922,1,0
2026-06-23T06:40:39.870783+00:00,cam-01,behavior,1,unknown,idle,0.922,1,0
2026-06-23T06:40:39.901123+00:00,cam-01,behavior,1,unknown,idle,0.915,1,0
2026-06-23T06:40:39.938727+00:00,cam-01,behavior,1,unknown,idle,0.891,1,0
2026-06-23T06:40:39.975274+00:00,cam-01,behavior,1,unknown,idle,0.905,1,0
2026-06-23T06:40:40.017222+00:00,cam-01,behavior,1,unknown,idle,0.905,1,0
2026-06-23T06:40:40.050931+00:00,cam-01,behavior,1,unknown,idle,0.902,1,0
2026-06-23T06:40:40.095624+00:00,cam-01,behavior,1,unknown,idle,0.906,1,0
2026-06-23T06:40:40.134947+00:00,cam-01,behavior,1,unknown,idle,0.903,1,0
2026-06-23T06:40:40.170613+00:00,cam-01,behavior,1,unknown,idle,0.912,1,0
2026-06-23T06:40:40.203477+00:00,cam-01,behavior,1,unknown,idle,0.912,1,0
2026-06-23T06:40:40.239209+00:00,cam-01,behavior,1,unknown,idle,0.917,1,0
2026-06-23T06:40:40.274684+00:00,cam-01,behavior,1,unknown,idle,0.917,1,0
2026-06-23T06:40:40.306595+00:00,cam-01,behavior,1,unknown,idle,0.917,1,0
2026-06-23T06:40:40.345329+00:00,cam-01,behavior,1,unknown,idle,0.912,1,0
2026-06-23T06:40:40.379171+00:00,cam-01,behavior,1,unknown,idle,0.912,1,0
2026-06-23T06:40:40.413407+00:00,cam-01,behavior,1,unknown,idle,0.911,1,0
2026-06-23T06:40:40.447555+00:00,cam-01,behavior,1,unknown,idle,0.91,1,0
2026-06-23T06:40:40.485123+00:00,cam-01,behavior,1,unknown,idle,0.911,1,0
2026-06-23T06:40:40.515105+00:00,cam-01,behavior,1,unknown,idle,0.918,1,0
2026-06-23T06:40:40.549365+00:00,cam-01,behavior,1,unknown,idle,0.912,1,0
2026-06-23T06:40:40.585423+00:00,cam-01,behavior,1,unknown,idle,0.897,1,0
2026-06-23T06:40:40.617344+00:00,cam-01,behavior,1,unknown,idle,0.899,1,0
2026-06-23T06:40:40.651863+00:00,cam-01,behavior,1,unknown,idle,0.911,1,0
2026-06-23T06:40:40.686662+00:00,cam-01,behavior,1,unknown,idle,0.831,1,0
2026-06-23T06:40:40.719727+00:00,cam-01,behavior,1,unknown,working,0.852,1,0
2026-06-23T06:40:40.754022+00:00,cam-01,behavior,1,unknown,working,0.852,2,0
2026-06-23T06:40:40.754022+00:00,cam-01,behavior,20,unknown,working,0.438,2,0
2026-06-23T06:40:40.803283+00:00,cam-01,behavior,1,unknown,working,0.853,2,0
2026-06-23T06:40:40.806337+00:00,cam-01,behavior,20,unknown,working,0.642,2,0
2026-06-23T06:40:40.840813+00:00,cam-01,behavior,1,unknown,working,0.834,1,0
2026-06-23T06:40:40.872772+00:00,cam-01,behavior,1,unknown,working,0.811,1,0
2026-06-23T06:40:40.906886+00:00,cam-01,behavior,1,unknown,working,0.85,1,0
2026-06-23T06:40:40.941184+00:00,cam-01,behavior,1,unknown,working,0.82,1,0
2026-06-23T06:40:40.976028+00:00,cam-01,behavior,1,unknown,working,0.855,1,0
2026-06-23T06:40:41.010511+00:00,cam-01,behavior,1,unknown,working,0.833,1,0
2026-06-23T06:40:41.049517+00:00,cam-01,behavior,1,unknown,working,0.832,1,0
2026-06-23T06:40:41.080654+00:00,cam-01,behavior,1,unknown,working,0.894,1,0
2026-06-23T06:40:41.113169+00:00,cam-01,behavior,1,unknown,working,0.812,1,0
2026-06-23T06:40:41.146980+00:00,cam-01,behavior,1,unknown,working,0.811,1,0
2026-06-23T06:40:41.180494+00:00,cam-01,behavior,1,unknown,working,0.844,1,0
2026-06-23T06:40:41.214601+00:00,cam-01,behavior,1,unknown,working,0.853,1,0
2026-06-23T06:40:41.258488+00:00,cam-01,behavior,1,unknown,idle,0.881,1,0
2026-06-23T06:40:41.282145+00:00,cam-01,behavior,1,unknown,idle,0.867,1,0
2026-06-23T06:40:41.316637+00:00,cam-01,behavior,1,unknown,idle,0.894,1,0
2026-06-23T06:40:41.356804+00:00,cam-01,behavior,1,unknown,idle,0.92,1,0
2026-06-23T06:40:41.389988+00:00,cam-01,behavior,1,unknown,idle,0.92,1,0
2026-06-23T06:40:41.418649+00:00,cam-01,behavior,1,unknown,idle,0.928,1,0
2026-06-23T06:40:41.461502+00:00,cam-01,behavior,1,unknown,idle,0.921,1,0
2026-06-23T06:40:41.503236+00:00,cam-01,behavior,1,unknown,idle,0.925,1,0
2026-06-23T06:40:41.537058+00:00,cam-01,behavior,1,unknown,idle,0.92,1,0
2026-06-23T06:40:41.570700+00:00,cam-01,behavior,1,unknown,idle,0.907,1,0
2026-06-23T06:40:41.609123+00:00,cam-01,behavior,1,unknown,idle,0.908,1,0
2026-06-23T06:40:41.640894+00:00,cam-01,behavior,1,unknown,idle,0.897,1,0
2026-06-23T06:40:41.674753+00:00,cam-01,behavior,1,unknown,idle,0.897,1,0
2026-06-23T06:40:41.704179+00:00,cam-01,behavior,1,unknown,idle,0.899,1,0
2026-06-23T06:40:41.738324+00:00,cam-01,behavior,1,unknown,idle,0.906,1,0
2026-06-23T06:40:41.772402+00:00,cam-01,behavior,1,unknown,idle,0.901,1,0
2026-06-23T06:40:41.806839+00:00,cam-01,behavior,1,unknown,idle,0.903,1,0
2026-06-23T06:40:41.840714+00:00,cam-01,behavior,1,unknown,idle,0.891,1,0
2026-06-23T06:40:41.875167+00:00,cam-01,behavior,1,unknown,idle,0.88,1,0
2026-06-23T06:40:41.917119+00:00,cam-01,behavior,1,unknown,idle,0.878,1,0
2026-06-23T06:40:41.952313+00:00,cam-01,behavior,1,unknown,idle,0.902,1,0
2026-06-23T06:40:41.987119+00:00,cam-01,behavior,1,unknown,idle,0.901,1,0
2026-06-23T06:40:42.011613+00:00,cam-01,behavior,1,unknown,idle,0.904,1,0
2026-06-23T06:40:42.055374+00:00,cam-01,behavior,1,unknown,idle,0.894,1,0
2026-06-23T06:40:42.086945+00:00,cam-01,behavior,1,unknown,idle,0.891,1,0
2026-06-23T06:40:42.115343+00:00,cam-01,behavior,1,unknown,idle,0.859,1,0
2026-06-23T06:40:42.149233+00:00,cam-01,behavior,1,unknown,phone,0.879,1,1
2026-06-23T06:40:42.187061+00:00,cam-01,behavior,1,unknown,idle,0.893,1,0
2026-06-23T06:40:42.218840+00:00,cam-01,behavior,1,unknown,idle,0.892,1,0
2026-06-23T06:40:42.251594+00:00,cam-01,behavior,1,unknown,idle,0.867,1,0
2026-06-23T06:40:42.286938+00:00,cam-01,behavior,1,unknown,idle,0.874,1,0
2026-06-23T06:40:42.321068+00:00,cam-01,behavior,1,unknown,phone,0.877,1,1
2026-06-23T06:40:42.356205+00:00,cam-01,behavior,1,unknown,idle,0.875,1,0
2026-06-23T06:40:42.390441+00:00,cam-01,behavior,1,unknown,idle,0.84,1,0
2026-06-23T06:40:42.428074+00:00,cam-01,behavior,1,unknown,working,0.837,1,0
2026-06-23T06:40:42.457261+00:00,cam-01,behavior,1,unknown,working,0.845,1,0
2026-06-23T06:40:42.491669+00:00,cam-01,behavior,1,unknown,working,0.85,1,0
2026-06-23T06:40:42.526630+00:00,cam-01,behavior,1,unknown,working,0.847,1,0
2026-06-23T06:40:42.570444+00:00,cam-01,behavior,1,unknown,working,0.867,1,0
2026-06-23T06:40:42.596255+00:00,cam-01,behavior,1,unknown,working,0.885,1,0
2026-06-23T06:40:42.634422+00:00,cam-01,behavior,1,unknown,phone,0.889,1,1
2026-06-23T06:40:42.672465+00:00,cam-01,behavior,1,unknown,working,0.869,1,0
2026-06-23T06:40:42.701125+00:00,cam-01,behavior,1,unknown,working,0.875,1,0
2026-06-23T06:40:42.733698+00:00,cam-01,behavior,1,unknown,working,0.87,1,0
2026-06-23T06:40:42.767407+00:00,cam-01,behavior,1,unknown,working,0.867,1,0
2026-06-23T06:40:42.802381+00:00,cam-01,behavior,1,unknown,idle,0.893,1,0
2026-06-23T06:40:42.856721+00:00,cam-01,behavior,1,unknown,phone,0.899,1,1
2026-06-23T06:40:42.888996+00:00,cam-01,behavior,1,unknown,idle,0.884,1,0
2026-06-23T06:40:42.920044+00:00,cam-01,behavior,1,unknown,phone,0.887,1,1
2026-06-23T06:40:42.956651+00:00,cam-01,behavior,1,unknown,phone,0.884,1,1
2026-06-23T06:40:42.988697+00:00,cam-01,behavior,1,unknown,phone,0.891,1,1
2026-06-23T06:40:43.031170+00:00,cam-01,behavior,1,unknown,idle,0.888,1,0
2026-06-23T06:40:43.055231+00:00,cam-01,behavior,1,unknown,idle,0.854,1,0
2026-06-23T06:40:43.089036+00:00,cam-01,behavior,1,unknown,idle,0.874,1,0
2026-06-23T06:40:43.112892+00:00,cam-01,behavior,1,unknown,phone,0.861,1,1
2026-06-23T06:40:43.158227+00:00,cam-01,behavior,1,unknown,phone,0.885,1,1
2026-06-23T06:40:43.193785+00:00,cam-01,behavior,1,unknown,phone,0.895,1,1
2026-06-23T06:40:43.229552+00:00,cam-01,behavior,1,unknown,phone,0.891,1,1
2026-06-23T06:40:43.266393+00:00,cam-01,behavior,1,unknown,idle,0.898,1,0
2026-06-23T06:40:43.289432+00:00,cam-01,behavior,1,unknown,phone,0.901,1,2
2026-06-23T06:40:43.337490+00:00,cam-01,behavior,1,unknown,phone,0.894,1,2
2026-06-23T06:40:43.368082+00:00,cam-01,behavior,1,unknown,phone,0.893,1,1
2026-06-23T06:40:43.402529+00:00,cam-01,behavior,1,unknown,phone,0.893,1,1
2026-06-23T06:40:43.436343+00:00,cam-01,behavior,1,unknown,phone,0.891,1,1
2026-06-23T06:40:43.480823+00:00,cam-01,behavior,1,unknown,phone,0.894,1,1
2026-06-23T06:40:43.521724+00:00,cam-01,behavior,1,unknown,phone,0.882,1,1
2026-06-23T06:40:43.555528+00:00,cam-01,behavior,1,unknown,phone,0.896,1,1
2026-06-23T06:40:43.589911+00:00,cam-01,behavior,1,unknown,phone,0.862,1,1
2026-06-23T06:40:43.623932+00:00,cam-01,behavior,1,unknown,phone,0.869,1,1
2026-06-23T06:40:43.674330+00:00,cam-01,behavior,1,unknown,phone,0.892,1,2
2026-06-23T06:40:43.707796+00:00,cam-01,behavior,1,unknown,phone,0.897,1,2
2026-06-23T06:40:43.741192+00:00,cam-01,behavior,1,unknown,phone,0.889,1,1
2026-06-23T06:40:43.781968+00:00,cam-01,behavior,1,unknown,phone,0.89,1,1
2026-06-23T06:40:43.812524+00:00,cam-01,behavior,1,unknown,phone,0.882,1,1
2026-06-23T06:40:43.847318+00:00,cam-01,behavior,1,unknown,phone,0.884,1,1
2026-06-23T06:40:43.879424+00:00,cam-01,behavior,1,unknown,phone,0.86,1,1
2026-06-23T06:40:43.902430+00:00,cam-01,behavior,1,unknown,phone,0.895,1,1
2026-06-23T06:40:43.936508+00:00,cam-01,behavior,1,unknown,phone,0.9,1,2
2026-06-23T06:40:43.971116+00:00,cam-01,behavior,1,unknown,phone,0.896,1,1
2026-06-23T06:40:44.009025+00:00,cam-01,behavior,1,unknown,phone,0.89,1,1
2026-06-23T06:40:44.041654+00:00,cam-01,behavior,1,unknown,idle,0.889,1,0
2026-06-23T06:40:44.075166+00:00,cam-01,behavior,1,unknown,phone,0.908,1,1
2026-06-23T06:40:44.110372+00:00,cam-01,behavior,1,unknown,phone,0.905,1,1
2026-06-23T06:40:44.135250+00:00,cam-01,behavior,1,unknown,phone,0.898,1,1
2026-06-23T06:40:44.171253+00:00,cam-01,behavior,1,unknown,phone,0.902,1,1
2026-06-23T06:40:44.217462+00:00,cam-01,behavior,1,unknown,phone,0.901,1,1
2026-06-23T06:40:44.248984+00:00,cam-01,behavior,1,unknown,phone,0.896,1,1
2026-06-23T06:40:44.283156+00:00,cam-01,behavior,1,unknown,phone,0.902,1,1
2026-06-23T06:40:44.318304+00:00,cam-01,behavior,1,unknown,phone,0.898,1,1
2026-06-23T06:40:44.352801+00:00,cam-01,behavior,1,unknown,phone,0.886,1,1
2026-06-23T06:40:44.388360+00:00,cam-01,behavior,1,unknown,phone,0.889,1,1
2026-06-23T06:40:44.420430+00:00,cam-01,behavior,1,unknown,phone,0.87,1,1
2026-06-23T06:40:44.455197+00:00,cam-01,behavior,1,unknown,phone,0.887,1,1
2026-06-23T06:40:44.491409+00:00,cam-01,behavior,1,unknown,idle,0.892,1,0
2026-06-23T06:40:44.529242+00:00,cam-01,behavior,1,unknown,idle,0.896,1,0
2026-06-23T06:40:44.563594+00:00,cam-01,behavior,1,unknown,idle,0.902,1,0
2026-06-23T06:40:44.598107+00:00,cam-01,behavior,1,unknown,idle,0.891,1,0
2026-06-23T06:40:44.631162+00:00,cam-01,behavior,1,unknown,idle,0.905,1,0
2026-06-23T06:40:44.664643+00:00,cam-01,behavior,1,unknown,idle,0.899,1,0
2026-06-23T06:40:44.699149+00:00,cam-01,behavior,1,unknown,idle,0.877,1,0
2026-06-23T06:40:44.732951+00:00,cam-01,behavior,1,unknown,idle,0.879,1,0
2026-06-23T06:40:44.767567+00:00,cam-01,behavior,1,unknown,idle,0.895,1,0
2026-06-23T06:40:44.800346+00:00,cam-01,behavior,1,unknown,idle,0.896,1,0
2026-06-23T06:40:44.825109+00:00,cam-01,behavior,1,unknown,idle,0.893,1,0
2026-06-23T06:40:44.868614+00:00,cam-01,behavior,1,unknown,idle,0.9,1,0
2026-06-23T06:40:44.906191+00:00,cam-01,behavior,1,unknown,idle,0.907,1,0
2026-06-23T06:40:44.938022+00:00,cam-01,behavior,1,unknown,idle,0.905,1,0
2026-06-23T06:40:44.972993+00:00,cam-01,behavior,1,unknown,idle,0.881,1,0
2026-06-23T06:40:45.007632+00:00,cam-01,behavior,1,unknown,idle,0.9,1,0
2026-06-23T06:40:45.042253+00:00,cam-01,behavior,1,unknown,idle,0.883,1,0
2026-06-23T06:40:45.080575+00:00,cam-01,behavior,1,unknown,idle,0.878,1,0
2026-06-23T06:40:45.109622+00:00,cam-01,behavior,1,unknown,idle,0.874,1,0
2026-06-23T06:40:45.145522+00:00,cam-01,behavior,1,unknown,idle,0.895,1,0
2026-06-23T06:40:45.177222+00:00,cam-01,behavior,1,unknown,idle,0.904,1,0
2026-06-23T06:40:45.212180+00:00,cam-01,behavior,1,unknown,idle,0.896,1,0
2026-06-23T06:40:45.247116+00:00,cam-01,behavior,1,unknown,idle,0.894,1,0
2026-06-23T06:40:45.267613+00:00,cam-01,behavior,1,unknown,idle,0.895,1,0
2026-06-23T06:40:45.302218+00:00,cam-01,behavior,1,unknown,idle,0.901,1,0
2026-06-23T06:40:45.351361+00:00,cam-01,behavior,1,unknown,idle,0.901,1,0
2026-06-23T06:40:45.389078+00:00,cam-01,behavior,1,unknown,idle,0.905,1,0
2026-06-23T06:40:45.422049+00:00,cam-01,behavior,1,unknown,idle,0.897,1,0
2026-06-23T06:40:45.455553+00:00,cam-01,behavior,1,unknown,idle,0.908,1,0
2026-06-23T06:40:45.489211+00:00,cam-01,behavior,1,unknown,idle,0.902,1,0
2026-06-23T06:40:45.523319+00:00,cam-01,behavior,1,unknown,idle,0.909,1,0
2026-06-23T06:40:45.559696+00:00,cam-01,behavior,1,unknown,idle,0.895,1,0
2026-06-23T06:40:45.592828+00:00,cam-01,behavior,1,unknown,idle,0.892,1,0
2026-06-23T06:40:45.627489+00:00,cam-01,behavior,1,unknown,idle,0.898,1,0
2026-06-23T06:40:45.664430+00:00,cam-01,behavior,1,unknown,idle,0.9,1,0
2026-06-23T06:40:45.693961+00:00,cam-01,behavior,1,unknown,idle,0.899,1,0
2026-06-23T06:40:45.726983+00:00,cam-01,behavior,1,unknown,idle,0.899,1,0
2026-06-23T06:40:45.761132+00:00,cam-01,behavior,1,unknown,idle,0.902,1,0
2026-06-23T06:40:45.795092+00:00,cam-01,behavior,1,unknown,idle,0.899,1,0
2026-06-23T06:40:45.828709+00:00,cam-01,behavior,1,unknown,idle,0.889,1,0
2026-06-23T06:40:45.863622+00:00,cam-01,behavior,1,unknown,idle,0.896,1,0
2026-06-23T06:40:45.898330+00:00,cam-01,behavior,1,unknown,idle,0.898,1,0
2026-06-23T06:40:45.949304+00:00,cam-01,behavior,1,unknown,idle,0.903,1,0
2026-06-23T06:40:45.980284+00:00,cam-01,behavior,1,unknown,idle,0.902,1,0
2026-06-23T06:40:46.015440+00:00,cam-01,behavior,1,unknown,idle,0.891,1,0
2026-06-23T06:40:46.048869+00:00,cam-01,behavior,1,unknown,idle,0.897,1,0
2026-06-23T06:40:46.088661+00:00,cam-01,behavior,1,unknown,idle,0.894,1,0
2026-06-23T06:40:46.129881+00:00,cam-01,behavior,1,unknown,idle,0.894,1,0
2026-06-23T06:40:46.164528+00:00,cam-01,behavior,1,unknown,idle,0.889,1,0
2026-06-23T06:40:46.189754+00:00,cam-01,behavior,1,unknown,idle,0.888,1,0
2026-06-23T06:40:46.216791+00:00,cam-01,behavior,1,unknown,idle,0.892,1,0
2026-06-23T06:40:46.256088+00:00,cam-01,behavior,1,unknown,idle,0.878,1,0
2026-06-23T06:40:46.289842+00:00,cam-01,behavior,1,unknown,idle,0.876,1,0
2026-06-23T06:40:46.323774+00:00,cam-01,behavior,1,unknown,idle,0.907,1,0
2026-06-23T06:40:46.358921+00:00,cam-01,behavior,1,unknown,phone,0.911,1,1
2026-06-23T06:40:46.392715+00:00,cam-01,behavior,1,unknown,idle,0.911,1,0
2026-06-23T06:40:46.428059+00:00,cam-01,behavior,1,unknown,idle,0.908,1,0
2026-06-23T06:40:46.461532+00:00,cam-01,behavior,1,unknown,idle,0.904,1,0
2026-06-23T06:40:46.496037+00:00,cam-01,behavior,1,unknown,idle,0.91,1,0
2026-06-23T06:40:46.529991+00:00,cam-01,behavior,1,unknown,idle,0.91,1,0
2026-06-23T06:40:46.563184+00:00,cam-01,behavior,1,unknown,idle,0.921,1,0
2026-06-23T06:40:46.601686+00:00,cam-01,behavior,1,unknown,idle,0.922,1,0
2026-06-23T06:40:46.632998+00:00,cam-01,behavior,1,unknown,idle,0.924,1,0
2026-06-23T06:40:46.667141+00:00,cam-01,behavior,1,unknown,idle,0.892,1,0
2026-06-23T06:40:46.701137+00:00,cam-01,behavior,1,unknown,idle,0.919,1,0
2026-06-23T06:40:46.736279+00:00,cam-01,behavior,1,unknown,idle,0.894,1,0
2026-06-23T06:40:46.770853+00:00,cam-01,behavior,1,unknown,idle,0.916,1,0
2026-06-23T06:40:46.811202+00:00,cam-01,behavior,1,unknown,idle,0.913,1,0
2026-06-23T06:40:46.838591+00:00,cam-01,behavior,1,unknown,idle,0.911,1,0
2026-06-23T06:40:46.874081+00:00,cam-01,behavior,1,unknown,idle,0.909,1,0
2026-06-23T06:40:46.911081+00:00,cam-01,behavior,1,unknown,idle,0.903,1,0
2026-06-23T06:40:46.982917+00:00,cam-01,behavior,1,unknown,idle,0.911,1,0
2026-06-23T06:40:47.017166+00:00,cam-01,behavior,1,unknown,phone,0.912,1,1
2026-06-23T06:40:47.059836+00:00,cam-01,behavior,1,unknown,phone,0.911,1,1
2026-06-23T06:40:47.090429+00:00,cam-01,behavior,1,unknown,phone,0.917,1,1
2026-06-23T06:40:47.116775+00:00,cam-01,behavior,1,unknown,idle,0.916,1,0
2026-06-23T06:40:47.151069+00:00,cam-01,behavior,1,unknown,idle,0.912,1,0
2026-06-23T06:40:47.190431+00:00,cam-01,behavior,1,unknown,idle,0.908,1,0
2026-06-23T06:40:47.221018+00:00,cam-01,behavior,1,unknown,idle,0.908,1,0
2026-06-23T06:40:47.259488+00:00,cam-01,behavior,1,unknown,idle,0.908,1,0
2026-06-23T06:40:47.290328+00:00,cam-01,behavior,1,unknown,idle,0.907,1,0
2026-06-23T06:40:47.323506+00:00,cam-01,behavior,1,unknown,idle,0.913,1,0
2026-06-23T06:40:47.358169+00:00,cam-01,behavior,1,unknown,idle,0.915,1,0
2026-06-23T06:40:47.397252+00:00,cam-01,behavior,1,unknown,idle,0.91,1,0
2026-06-23T06:40:47.425966+00:00,cam-01,behavior,1,unknown,idle,0.915,1,0
2026-06-23T06:40:47.460485+00:00,cam-01,behavior,1,unknown,idle,0.916,1,0
2026-06-23T06:40:47.495088+00:00,cam-01,behavior,1,unknown,idle,0.914,1,0
2026-06-23T06:40:47.529323+00:00,cam-01,behavior,1,unknown,idle,0.91,1,0
2026-06-23T06:40:47.562385+00:00,cam-01,behavior,1,unknown,idle,0.91,1,0
2026-06-23T06:40:47.597342+00:00,cam-01,behavior,1,unknown,idle,0.91,1,0
2026-06-23T06:40:47.633159+00:00,cam-01,behavior,1,unknown,idle,0.914,1,0
2026-06-23T06:40:47.667214+00:00,cam-01,behavior,1,unknown,idle,0.918,1,0
2026-06-23T06:40:47.701843+00:00,cam-01,behavior,1,unknown,idle,0.916,1,0
2026-06-23T06:40:47.726675+00:00,cam-01,behavior,1,unknown,idle,0.92,1,0
2026-06-23T06:40:47.781829+00:00,cam-01,behavior,1,unknown,idle,0.92,1,0
2026-06-23T06:40:47.809165+00:00,cam-01,behavior,1,unknown,idle,0.917,1,0
2026-06-23T06:40:47.837429+00:00,cam-01,behavior,1,unknown,idle,0.915,1,0
2026-06-23T06:40:47.874208+00:00,cam-01,behavior,1,unknown,idle,0.914,1,0
2026-06-23T06:40:47.905937+00:00,cam-01,behavior,1,unknown,idle,0.911,1,0
2026-06-23T06:40:47.940124+00:00,cam-01,behavior,1,unknown,phone,0.91,1,1
2026-06-23T06:40:47.992924+00:00,cam-01,behavior,1,unknown,phone,0.913,1,1
2026-06-23T06:40:48.024201+00:00,cam-01,behavior,1,unknown,phone,0.913,1,1
2026-06-23T06:40:48.057626+00:00,cam-01,behavior,1,unknown,idle,0.91,1,0
2026-06-23T06:40:48.091839+00:00,cam-01,behavior,1,unknown,idle,0.916,1,0
2026-06-23T06:40:48.126491+00:00,cam-01,behavior,1,unknown,idle,0.919,1,0
2026-06-23T06:40:48.160870+00:00,cam-01,behavior,1,unknown,idle,0.923,1,0
2026-06-23T06:40:48.201574+00:00,cam-01,behavior,1,unknown,idle,0.916,1,0
2026-06-23T06:40:48.231728+00:00,cam-01,behavior,1,unknown,idle,0.915,1,0
2026-06-23T06:40:48.265382+00:00,cam-01,behavior,1,unknown,idle,0.912,1,0
2026-06-23T06:40:48.313988+00:00,cam-01,behavior,1,unknown,idle,0.923,1,0
2026-06-23T06:40:48.351289+00:00,cam-01,behavior,1,unknown,idle,0.918,1,0
2026-06-23T06:40:48.382759+00:00,cam-01,behavior,1,unknown,idle,0.923,1,0
2026-06-23T06:40:48.417053+00:00,cam-01,behavior,1,unknown,idle,0.923,1,0
2026-06-23T06:40:48.451111+00:00,cam-01,behavior,1,unknown,idle,0.921,1,0
2026-06-23T06:40:48.490883+00:00,cam-01,behavior,1,unknown,idle,0.911,1,0
2026-06-23T06:40:48.519766+00:00,cam-01,behavior,1,unknown,idle,0.915,1,0
2026-06-23T06:40:48.560795+00:00,cam-01,behavior,1,unknown,idle,0.916,1,0
2026-06-23T06:40:48.597599+00:00,cam-01,behavior,1,unknown,idle,0.918,1,0
2026-06-23T06:40:48.632465+00:00,cam-01,behavior,1,unknown,idle,0.917,1,0
2026-06-23T06:40:48.670290+00:00,cam-01,behavior,1,unknown,idle,0.917,1,0
2026-06-23T06:40:48.697004+00:00,cam-01,behavior,1,unknown,idle,0.917,1,0
2026-06-23T06:40:48.736414+00:00,cam-01,behavior,1,unknown,idle,0.913,1,0
2026-06-23T06:40:48.770196+00:00,cam-01,behavior,1,unknown,idle,0.918,1,0
2026-06-23T06:40:48.803734+00:00,cam-01,behavior,1,unknown,idle,0.912,1,0
2026-06-23T06:40:48.839401+00:00,cam-01,behavior,1,unknown,idle,0.916,1,0
2026-06-23T06:40:48.877187+00:00,cam-01,behavior,1,unknown,idle,0.913,1,0
2026-06-23T06:40:48.908734+00:00,cam-01,behavior,1,unknown,idle,0.907,1,0
2026-06-23T06:40:48.952788+00:00,cam-01,behavior,1,unknown,idle,0.919,1,0
2026-06-23T06:40:48.967706+00:00,cam-01,behavior,1,unknown,idle,0.911,1,0
2026-06-23T06:40:49.011452+00:00,cam-01,behavior,1,unknown,idle,0.868,1,0
2026-06-23T06:40:49.046625+00:00,cam-01,behavior,1,unknown,idle,0.819,1,0
2026-06-23T06:40:49.082883+00:00,cam-01,behavior,1,unknown,idle,0.819,1,0
2026-06-23T06:40:49.116802+00:00,cam-01,behavior,1,unknown,idle,0.825,1,0
2026-06-23T06:40:49.152329+00:00,cam-01,behavior,1,unknown,working,0.901,1,0
2026-06-23T06:40:49.187868+00:00,cam-01,behavior,1,unknown,working,0.853,2,0
2026-06-23T06:40:49.187868+00:00,cam-01,behavior,29,unknown,working,0.691,2,0
2026-06-23T06:40:49.222362+00:00,cam-01,behavior,1,unknown,working,0.867,2,0
2026-06-23T06:40:49.222362+00:00,cam-01,behavior,29,unknown,working,0.528,2,0
2026-06-23T06:40:49.255663+00:00,cam-01,behavior,1,unknown,working,0.907,1,0
2026-06-23T06:40:49.292286+00:00,cam-01,behavior,1,unknown,working,0.909,1,0
2026-06-23T06:40:49.322666+00:00,cam-01,behavior,1,unknown,working,0.915,1,0
2026-06-23T06:40:49.357052+00:00,cam-01,behavior,1,unknown,working,0.916,1,0
2026-06-23T06:40:49.381101+00:00,cam-01,behavior,1,unknown,working,0.902,1,0
2026-06-23T06:40:49.430566+00:00,cam-01,behavior,1,unknown,working,0.903,1,0
2026-06-23T06:40:49.450187+00:00,cam-01,behavior,1,unknown,working,0.907,1,0
2026-06-23T06:40:49.483496+00:00,cam-01,behavior,1,unknown,working,0.907,1,0
2026-06-23T06:40:49.504991+00:00,cam-01,behavior,1,unknown,working,0.908,1,0
2026-06-23T06:40:49.548503+00:00,cam-01,behavior,1,unknown,working,0.911,1,0
2026-06-23T06:40:49.586134+00:00,cam-01,behavior,1,unknown,idle,0.908,1,0
2026-06-23T06:40:49.617640+00:00,cam-01,behavior,1,unknown,idle,0.906,1,0
2026-06-23T06:40:49.667986+00:00,cam-01,behavior,1,unknown,idle,0.913,1,0
2026-06-23T06:40:49.692914+00:00,cam-01,behavior,1,unknown,idle,0.907,1,0
2026-06-23T06:40:49.722538+00:00,cam-01,behavior,1,unknown,idle,0.908,1,0
2026-06-23T06:40:49.770316+00:00,cam-01,behavior,1,unknown,idle,0.915,1,0
2026-06-23T06:40:49.804108+00:00,cam-01,behavior,1,unknown,idle,0.91,1,0
2026-06-23T06:40:49.838988+00:00,cam-01,behavior,1,unknown,idle,0.907,1,0
2026-06-23T06:40:49.872620+00:00,cam-01,behavior,1,unknown,idle,0.907,1,0
2026-06-23T06:40:49.908902+00:00,cam-01,behavior,1,unknown,idle,0.912,1,0
2026-06-23T06:40:49.960529+00:00,cam-01,behavior,1,unknown,idle,0.915,1,0
2026-06-23T06:40:49.993496+00:00,cam-01,behavior,1,unknown,idle,0.912,1,0
2026-06-23T06:40:50.026749+00:00,cam-01,behavior,1,unknown,idle,0.914,1,0
2026-06-23T06:40:50.060211+00:00,cam-01,behavior,1,unknown,idle,0.916,1,0
2026-06-23T06:40:50.098500+00:00,cam-01,behavior,1,unknown,idle,0.912,1,0
2026-06-23T06:40:50.127651+00:00,cam-01,behavior,1,unknown,idle,0.914,1,0
2026-06-23T06:40:50.162042+00:00,cam-01,behavior,1,unknown,idle,0.908,1,0
2026-06-23T06:40:50.200728+00:00,cam-01,behavior,1,unknown,idle,0.905,1,0
2026-06-23T06:40:50.229624+00:00,cam-01,behavior,1,unknown,idle,0.892,1,0
2026-06-23T06:40:50.264772+00:00,cam-01,behavior,1,unknown,idle,0.892,1,0
2026-06-23T06:40:50.298506+00:00,cam-01,behavior,1,unknown,idle,0.896,1,0
2026-06-23T06:40:50.333212+00:00,cam-01,behavior,1,unknown,idle,0.89,1,0
2026-06-23T06:40:50.367107+00:00,cam-01,behavior,1,unknown,idle,0.9,1,0
2026-06-23T06:40:50.402025+00:00,cam-01,behavior,1,unknown,idle,0.89,1,0
2026-06-23T06:40:50.436734+00:00,cam-01,behavior,1,unknown,idle,0.904,1,0
2026-06-23T06:40:50.464503+00:00,cam-01,behavior,1,unknown,idle,0.899,1,0
2026-06-23T06:40:50.502937+00:00,cam-01,behavior,1,unknown,idle,0.9,1,0
2026-06-23T06:40:50.544096+00:00,cam-01,behavior,1,unknown,idle,0.888,1,0
2026-06-23T06:40:50.577421+00:00,cam-01,behavior,1,unknown,idle,0.89,1,0
2026-06-23T06:40:50.615832+00:00,cam-01,behavior,1,unknown,idle,0.903,1,0
2026-06-23T06:40:50.645127+00:00,cam-01,behavior,1,unknown,idle,0.893,1,0
2026-06-23T06:40:50.679554+00:00,cam-01,behavior,1,unknown,idle,0.898,1,0
2026-06-23T06:40:50.713222+00:00,cam-01,behavior,1,unknown,idle,0.898,1,0
2026-06-23T06:40:50.746840+00:00,cam-01,behavior,1,unknown,idle,0.892,1,0
2026-06-23T06:40:50.781129+00:00,cam-01,behavior,1,unknown,idle,0.896,1,0
2026-06-23T06:40:50.814954+00:00,cam-01,behavior,1,unknown,idle,0.896,1,0
2026-06-23T06:40:50.849787+00:00,cam-01,behavior,1,unknown,idle,0.9,1,0
2026-06-23T06:40:50.883654+00:00,cam-01,behavior,1,unknown,idle,0.905,1,0
2026-06-23T06:40:50.914558+00:00,cam-01,behavior,1,unknown,idle,0.908,1,0
2026-06-23T06:40:50.951507+00:00,cam-01,behavior,1,unknown,idle,0.92,1,0
2026-06-23T06:40:50.991702+00:00,cam-01,behavior,1,unknown,idle,0.921,1,0
2026-06-23T06:40:51.034917+00:00,cam-01,behavior,1,unknown,idle,0.915,1,0
2026-06-23T06:40:51.064894+00:00,cam-01,behavior,1,unknown,idle,0.914,1,0
2026-06-23T06:40:51.101885+00:00,cam-01,behavior,1,unknown,idle,0.917,1,0
2026-06-23T06:40:51.136176+00:00,cam-01,behavior,1,unknown,idle,0.907,1,0
2026-06-23T06:40:51.169813+00:00,cam-01,behavior,1,unknown,idle,0.913,1,0
2026-06-23T06:40:51.218448+00:00,cam-01,behavior,1,unknown,idle,0.919,1,0
2026-06-23T06:40:51.243060+00:00,cam-01,behavior,1,unknown,idle,0.922,1,0
2026-06-23T06:40:51.282279+00:00,cam-01,behavior,1,unknown,idle,0.919,1,0
2026-06-23T06:40:51.311097+00:00,cam-01,behavior,1,unknown,idle,0.929,1,0
2026-06-23T06:40:51.344577+00:00,cam-01,behavior,1,unknown,idle,0.932,1,0
2026-06-23T06:40:51.377678+00:00,cam-01,behavior,1,unknown,idle,0.915,1,0
2026-06-23T06:40:51.411074+00:00,cam-01,behavior,1,unknown,idle,0.919,1,0
2026-06-23T06:40:51.446329+00:00,cam-01,behavior,1,unknown,idle,0.915,1,0
2026-06-23T06:40:51.471660+00:00,cam-01,behavior,1,unknown,idle,0.932,1,0
2026-06-23T06:40:51.516061+00:00,cam-01,behavior,1,unknown,idle,0.922,1,0
2026-06-23T06:40:51.549955+00:00,cam-01,behavior,1,unknown,idle,0.93,1,0
2026-06-23T06:40:51.582997+00:00,cam-01,behavior,1,unknown,idle,0.923,1,0
2026-06-23T06:40:51.617843+00:00,cam-01,behavior,1,unknown,working,0.68,1,0
2026-06-23T06:40:51.651931+00:00,cam-01,behavior,1,unknown,working,0.807,1,0
2026-06-23T06:40:51.690894+00:00,cam-01,behavior,1,unknown,working,0.883,1,0
2026-06-23T06:40:51.724031+00:00,cam-01,behavior,1,unknown,working,0.902,1,0
2026-06-23T06:40:51.759306+00:00,cam-01,behavior,1,unknown,working,0.908,1,0
2026-06-23T06:40:51.791050+00:00,cam-01,behavior,1,unknown,working,0.921,1,0
2026-06-23T06:40:51.841813+00:00,cam-01,behavior,1,unknown,working,0.61,1,0
2026-06-23T06:40:51.880887+00:00,cam-01,behavior,1,unknown,working,0.498,1,0
2026-06-23T06:40:51.911851+00:00,cam-01,behavior,1,unknown,working,0.724,1,0
2026-06-23T06:40:51.961153+00:00,cam-01,behavior,1,unknown,working,0.791,1,0
2026-06-23T06:40:51.996041+00:00,cam-01,behavior,1,unknown,working,0.875,1,0
2026-06-23T06:40:52.030376+00:00,cam-01,behavior,1,unknown,working,0.901,1,0
2026-06-23T06:40:52.074836+00:00,cam-01,behavior,1,unknown,working,0.711,1,0
2026-06-23T06:40:52.099531+00:00,cam-01,behavior,1,unknown,working,0.82,1,0
2026-06-23T06:40:52.122605+00:00,cam-01,behavior,1,unknown,working,0.908,1,0
2026-06-23T06:40:52.169188+00:00,cam-01,behavior,1,unknown,working,0.918,1,0
2026-06-23T06:40:52.200995+00:00,cam-01,behavior,1,unknown,working,0.907,1,0
2026-06-23T06:40:52.236099+00:00,cam-01,behavior,1,unknown,working,0.92,1,0
2026-06-23T06:40:52.264643+00:00,cam-01,behavior,1,unknown,working,0.912,1,0
2026-06-23T06:40:52.303533+00:00,cam-01,behavior,1,unknown,working,0.918,1,0
2026-06-23T06:40:52.329089+00:00,cam-01,behavior,1,unknown,working,0.921,1,0
2026-06-23T06:40:52.362782+00:00,cam-01,behavior,1,unknown,working,0.925,1,0
2026-06-23T06:40:52.399933+00:00,cam-01,behavior,1,unknown,working,0.922,1,0
2026-06-23T06:40:52.432477+00:00,cam-01,behavior,1,unknown,working,0.922,1,0
2026-06-23T06:40:52.471492+00:00,cam-01,behavior,1,unknown,working,0.92,1,0
2026-06-23T06:40:52.505350+00:00,cam-01,behavior,1,unknown,working,0.928,1,0
2026-06-23T06:40:52.525628+00:00,cam-01,behavior,1,unknown,working,0.926,1,0
2026-06-23T06:40:52.568548+00:00,cam-01,behavior,1,unknown,idle,0.919,1,0
2026-06-23T06:40:52.603623+00:00,cam-01,behavior,1,unknown,idle,0.903,1,0
2026-06-23T06:40:52.637904+00:00,cam-01,behavior,1,unknown,idle,0.912,1,0
2026-06-23T06:40:52.671524+00:00,cam-01,behavior,1,unknown,working,0.92,1,0
2026-06-23T06:40:52.705111+00:00,cam-01,behavior,1,unknown,working,0.919,1,0
2026-06-23T06:40:52.743966+00:00,cam-01,behavior,1,unknown,working,0.922,1,0
2026-06-23T06:40:52.773538+00:00,cam-01,behavior,1,unknown,working,0.934,1,0
2026-06-23T06:40:52.817462+00:00,cam-01,behavior,1,unknown,working,0.943,1,0
2026-06-23T06:40:52.851016+00:00,cam-01,behavior,1,unknown,working,0.933,1,0
2026-06-23T06:40:52.891903+00:00,cam-01,behavior,1,unknown,working,0.934,1,0
2026-06-23T06:40:52.922223+00:00,cam-01,behavior,1,unknown,working,0.935,1,0
2026-06-23T06:40:52.954530+00:00,cam-01,behavior,1,unknown,working,0.926,1,0
2026-06-23T06:40:52.988562+00:00,cam-01,behavior,1,unknown,working,0.93,1,0
2026-06-23T06:40:53.023847+00:00,cam-01,behavior,1,unknown,working,0.929,1,0
2026-06-23T06:40:53.058880+00:00,cam-01,behavior,1,unknown,idle,0.937,1,0
2026-06-23T06:40:53.094746+00:00,cam-01,behavior,1,unknown,idle,0.938,1,0
2026-06-23T06:40:53.127724+00:00,cam-01,behavior,1,unknown,idle,0.94,1,0
2026-06-23T06:40:53.162187+00:00,cam-01,behavior,1,unknown,idle,0.934,1,0
2026-06-23T06:40:53.186558+00:00,cam-01,behavior,1,unknown,idle,0.936,1,0
2026-06-23T06:40:53.209069+00:00,cam-01,behavior,1,unknown,idle,0.938,1,0
2026-06-23T06:40:53.251166+00:00,cam-01,behavior,1,unknown,idle,0.938,1,0
2026-06-23T06:40:53.285659+00:00,cam-01,behavior,1,unknown,idle,0.943,1,0
2026-06-23T06:40:53.323000+00:00,cam-01,behavior,1,unknown,idle,0.935,1,0
2026-06-23T06:40:53.358925+00:00,cam-01,behavior,1,unknown,idle,0.936,1,0
2026-06-23T06:40:53.389301+00:00,cam-01,behavior,1,unknown,idle,0.929,1,0
2026-06-23T06:40:53.423063+00:00,cam-01,behavior,1,unknown,idle,0.932,1,0
2026-06-23T06:40:53.458693+00:00,cam-01,behavior,1,unknown,idle,0.929,1,0
2026-06-23T06:40:53.483603+00:00,cam-01,behavior,1,unknown,idle,0.925,1,0
2026-06-23T06:40:53.526724+00:00,cam-01,behavior,1,unknown,idle,0.925,1,0
2026-06-23T06:40:53.561709+00:00,cam-01,behavior,1,unknown,idle,0.922,1,0
2026-06-23T06:40:53.583189+00:00,cam-01,behavior,1,unknown,idle,0.919,1,0
2026-06-23T06:40:53.618961+00:00,cam-01,behavior,1,unknown,idle,0.924,1,0
2026-06-23T06:40:53.651601+00:00,cam-01,behavior,1,unknown,idle,0.921,1,0
2026-06-23T06:40:53.685861+00:00,cam-01,behavior,1,unknown,idle,0.923,1,0
2026-06-23T06:40:53.721216+00:00,cam-01,behavior,1,unknown,idle,0.921,1,0
2026-06-23T06:40:53.773746+00:00,cam-01,behavior,1,unknown,idle,0.924,1,0
2026-06-23T06:40:53.804222+00:00,cam-01,behavior,1,unknown,idle,0.921,1,0
2026-06-23T06:40:53.840527+00:00,cam-01,behavior,1,unknown,idle,0.919,1,0
2026-06-23T06:40:53.873253+00:00,cam-01,behavior,1,unknown,idle,0.927,1,0
2026-06-23T06:40:53.908486+00:00,cam-01,behavior,1,unknown,idle,0.933,1,0
2026-06-23T06:40:53.943588+00:00,cam-01,behavior,1,unknown,idle,0.928,1,0
2026-06-23T06:40:53.978241+00:00,cam-01,behavior,1,unknown,idle,0.925,1,0
2026-06-23T06:40:54.012835+00:00,cam-01,behavior,1,unknown,idle,0.92,1,0
2026-06-23T06:40:54.044074+00:00,cam-01,behavior,1,unknown,idle,0.924,1,0
2026-06-23T06:40:54.078284+00:00,cam-01,behavior,1,unknown,idle,0.92,1,0
2026-06-23T06:40:54.112328+00:00,cam-01,behavior,1,unknown,idle,0.925,1,0
2026-06-23T06:40:54.145905+00:00,cam-01,behavior,1,unknown,idle,0.93,1,0
2026-06-23T06:40:54.180711+00:00,cam-01,behavior,1,unknown,idle,0.929,1,0
2026-06-23T06:40:54.215789+00:00,cam-01,behavior,1,unknown,idle,0.926,1,0
2026-06-23T06:40:54.250812+00:00,cam-01,behavior,1,unknown,idle,0.924,1,0
2026-06-23T06:40:54.288245+00:00,cam-01,behavior,1,unknown,idle,0.922,1,0
2026-06-23T06:40:54.319267+00:00,cam-01,behavior,1,unknown,idle,0.924,1,0
2026-06-23T06:40:54.353515+00:00,cam-01,behavior,1,unknown,idle,0.922,1,0
2026-06-23T06:40:54.389005+00:00,cam-01,behavior,1,unknown,idle,0.921,1,0
2026-06-23T06:40:54.422829+00:00,cam-01,behavior,1,unknown,idle,0.915,1,0
2026-06-23T06:40:54.457940+00:00,cam-01,behavior,1,unknown,idle,0.913,1,0
2026-06-23T06:40:54.494610+00:00,cam-01,behavior,1,unknown,idle,0.918,1,0
2026-06-23T06:40:54.527792+00:00,cam-01,behavior,1,unknown,idle,0.922,1,0
2026-06-23T06:40:54.563038+00:00,cam-01,behavior,1,unknown,idle,0.922,1,0
2026-06-23T06:40:54.599281+00:00,cam-01,behavior,1,unknown,idle,0.926,1,0
2026-06-23T06:40:54.631940+00:00,cam-01,behavior,1,unknown,idle,0.927,1,0
2026-06-23T06:40:54.669411+00:00,cam-01,behavior,1,unknown,idle,0.931,1,0
2026-06-23T06:40:54.701871+00:00,cam-01,behavior,1,unknown,idle,0.925,1,0
2026-06-23T06:40:54.726090+00:00,cam-01,behavior,1,unknown,idle,0.923,1,0
2026-06-23T06:40:54.774606+00:00,cam-01,behavior,1,unknown,idle,0.92,1,0
2026-06-23T06:40:54.809177+00:00,cam-01,behavior,1,unknown,idle,0.918,1,0
2026-06-23T06:40:54.829568+00:00,cam-01,behavior,1,unknown,idle,0.927,1,0
2026-06-23T06:40:54.872735+00:00,cam-01,behavior,1,unknown,idle,0.925,1,0
2026-06-23T06:40:54.908257+00:00,cam-01,behavior,1,unknown,idle,0.928,1,0
2026-06-23T06:40:54.936506+00:00,cam-01,behavior,1,unknown,idle,0.926,1,0
2026-06-23T06:40:54.976699+00:00,cam-01,behavior,1,unknown,idle,0.923,1,0
2026-06-23T06:40:55.014325+00:00,cam-01,behavior,1,unknown,idle,0.93,1,0
2026-06-23T06:40:55.048368+00:00,cam-01,behavior,1,unknown,idle,0.926,1,0
2026-06-23T06:40:55.068946+00:00,cam-01,behavior,1,unknown,idle,0.928,1,0
2026-06-23T06:40:55.110311+00:00,cam-01,behavior,1,unknown,idle,0.932,1,0
2026-06-23T06:40:55.147029+00:00,cam-01,behavior,1,unknown,idle,0.929,1,0
2026-06-23T06:40:55.181015+00:00,cam-01,behavior,1,unknown,idle,0.93,1,0
2026-06-23T06:40:55.214274+00:00,cam-01,behavior,1,unknown,idle,0.916,1,0
2026-06-23T06:40:55.249018+00:00,cam-01,behavior,1,unknown,idle,0.915,1,0
2026-06-23T06:40:55.283143+00:00,cam-01,behavior,1,unknown,idle,0.907,1,0
2026-06-23T06:40:55.304731+00:00,cam-01,behavior,1,unknown,idle,0.88,1,0
2026-06-23T06:40:55.352316+00:00,cam-01,behavior,1,unknown,working,0.896,1,0
2026-06-23T06:40:55.391333+00:00,cam-01,behavior,1,unknown,working,0.891,1,0
2026-06-23T06:40:55.421193+00:00,cam-01,behavior,1,unknown,working,0.903,1,0
2026-06-23T06:40:55.451015+00:00,cam-01,behavior,1,unknown,working,0.84,1,0
2026-06-23T06:40:55.489007+00:00,cam-01,behavior,1,unknown,working,0.831,1,0
2026-06-23T06:40:55.522847+00:00,cam-01,behavior,1,unknown,working,0.897,1,0
2026-06-23T06:40:55.556877+00:00,cam-01,behavior,1,unknown,working,0.869,1,0
2026-06-23T06:40:55.581009+00:00,cam-01,behavior,1,unknown,working,0.893,1,0
2026-06-23T06:40:55.610717+00:00,cam-01,behavior,1,unknown,working,0.89,1,0
2026-06-23T06:40:55.645780+00:00,cam-01,behavior,1,unknown,working,0.869,1,0
2026-06-23T06:40:55.681131+00:00,cam-01,behavior,1,unknown,working,0.875,1,0
2026-06-23T06:40:55.715762+00:00,cam-01,behavior,1,unknown,working,0.879,1,0
2026-06-23T06:40:55.750320+00:00,cam-01,behavior,1,unknown,working,0.889,1,0
2026-06-23T06:40:55.788529+00:00,cam-01,behavior,1,unknown,idle,0.874,1,0
2026-06-23T06:40:55.818673+00:00,cam-01,behavior,1,unknown,idle,0.877,1,0
2026-06-23T06:40:55.853394+00:00,cam-01,behavior,1,unknown,idle,0.848,1,0
2026-06-23T06:40:55.889181+00:00,cam-01,behavior,1,unknown,idle,0.876,1,0
2026-06-23T06:40:55.923684+00:00,cam-01,behavior,1,unknown,idle,0.858,1,0
2026-06-23T06:40:55.957907+00:00,cam-01,behavior,1,unknown,idle,0.875,1,0
2026-06-23T06:40:55.981953+00:00,cam-01,behavior,1,unknown,idle,0.87,1,0
2026-06-23T06:40:56.027298+00:00,cam-01,behavior,1,unknown,idle,0.83,1,0
2026-06-23T06:40:56.051748+00:00,cam-01,behavior,1,unknown,idle,0.848,1,0
2026-06-23T06:40:56.095719+00:00,cam-01,behavior,1,unknown,idle,0.866,1,0
2026-06-23T06:40:56.134655+00:00,cam-01,behavior,1,unknown,idle,0.874,1,0
2026-06-23T06:40:56.171047+00:00,cam-01,behavior,1,unknown,idle,0.884,1,0
2026-06-23T06:40:56.200209+00:00,cam-01,behavior,1,unknown,idle,0.875,1,0
2026-06-23T06:40:56.233892+00:00,cam-01,behavior,1,unknown,idle,0.901,1,0
2026-06-23T06:40:56.268471+00:00,cam-01,behavior,1,unknown,idle,0.901,1,0
2026-06-23T06:40:56.302214+00:00,cam-01,behavior,1,unknown,idle,0.916,1,0
2026-06-23T06:40:56.326491+00:00,cam-01,behavior,1,unknown,idle,0.916,1,0
2026-06-23T06:40:56.370199+00:00,cam-01,behavior,1,unknown,idle,0.916,1,0
2026-06-23T06:40:56.403881+00:00,cam-01,behavior,1,unknown,idle,0.916,1,0
2026-06-23T06:40:56.427587+00:00,cam-01,behavior,1,unknown,idle,0.912,1,0
2026-06-23T06:40:56.463743+00:00,cam-01,behavior,1,unknown,idle,0.912,1,0
2026-06-23T06:40:56.497270+00:00,cam-01,behavior,1,unknown,idle,0.883,1,0
2026-06-23T06:40:56.531060+00:00,cam-01,behavior,1,unknown,idle,0.883,1,0
2026-06-23T06:40:56.554510+00:00,cam-01,behavior,1,unknown,idle,0.886,1,0
2026-06-23T06:40:56.601539+00:00,cam-01,behavior,1,unknown,idle,0.886,1,0
2026-06-23T06:40:56.633432+00:00,cam-01,behavior,1,unknown,idle,0.883,1,0
2026-06-23T06:40:56.672373+00:00,cam-01,behavior,1,unknown,idle,0.883,1,0
2026-06-23T06:40:56.703197+00:00,cam-01,behavior,1,unknown,idle,0.885,1,0
2026-06-23T06:40:56.736882+00:00,cam-01,behavior,1,unknown,idle,0.885,1,0
2026-06-23T06:40:56.771956+00:00,cam-01,behavior,1,unknown,idle,0.894,1,0
2026-06-23T06:40:56.810101+00:00,cam-01,behavior,1,unknown,idle,0.894,1,0
2026-06-23T06:40:56.840534+00:00,cam-01,behavior,1,unknown,idle,0.89,1,0
2026-06-23T06:40:56.880079+00:00,cam-01,behavior,1,unknown,idle,0.89,1,0
2026-06-23T06:40:56.909442+00:00,cam-01,behavior,1,unknown,idle,0.898,1,0
2026-06-23T06:40:56.941534+00:00,cam-01,behavior,1,unknown,idle,0.898,1,0
2026-06-23T06:40:56.976404+00:00,cam-01,behavior,1,unknown,idle,0.896,1,0
2026-06-23T06:40:57.009850+00:00,cam-01,behavior,1,unknown,idle,0.896,1,0
2026-06-23T06:40:57.044222+00:00,cam-01,behavior,1,unknown,idle,0.891,1,0
2026-06-23T06:40:57.079200+00:00,cam-01,behavior,1,unknown,idle,0.891,1,0
2026-06-23T06:40:57.110568+00:00,cam-01,behavior,1,unknown,idle,0.891,1,0
2026-06-23T06:40:57.131036+00:00,cam-01,behavior,1,unknown,idle,0.891,1,0
2026-06-23T06:40:57.171444+00:00,cam-01,behavior,1,unknown,idle,0.905,1,0
2026-06-23T06:40:57.199298+00:00,cam-01,behavior,1,unknown,idle,0.905,1,0
2026-06-23T06:40:57.233944+00:00,cam-01,behavior,1,unknown,idle,0.902,1,0
2026-06-23T06:40:57.268155+00:00,cam-01,behavior,1,unknown,idle,0.902,1,0
2026-06-23T06:40:57.302259+00:00,cam-01,behavior,1,unknown,idle,0.903,1,0
2026-06-23T06:40:57.336703+00:00,cam-01,behavior,1,unknown,idle,0.903,1,0
2026-06-23T06:40:57.370522+00:00,cam-01,behavior,1,unknown,idle,0.9,1,0
2026-06-23T06:40:57.409980+00:00,cam-01,behavior,1,unknown,idle,0.9,1,0
2026-06-23T06:40:57.439557+00:00,cam-01,behavior,1,unknown,idle,0.907,1,0
2026-06-23T06:40:57.474628+00:00,cam-01,behavior,1,unknown,idle,0.907,1,0
2026-06-23T06:40:57.509624+00:00,cam-01,behavior,1,unknown,idle,0.911,1,0
2026-06-23T06:40:57.545506+00:00,cam-01,behavior,1,unknown,idle,0.911,1,0
2026-06-23T06:40:57.577846+00:00,cam-01,behavior,1,unknown,idle,0.912,1,0
2026-06-23T06:40:57.612247+00:00,cam-01,behavior,1,unknown,idle,0.912,1,0
2026-06-23T06:40:57.646673+00:00,cam-01,behavior,1,unknown,idle,0.892,1,0
2026-06-23T06:40:57.680444+00:00,cam-01,behavior,1,unknown,idle,0.892,1,0
2026-06-23T06:40:57.714310+00:00,cam-01,behavior,1,unknown,idle,0.855,1,0
2026-06-23T06:40:57.798146+00:00,cam-01,behavior,1,unknown,idle,0.861,1,0
2026-06-23T06:40:57.848544+00:00,cam-01,behavior,1,unknown,idle,0.861,1,0
2026-06-23T06:40:57.883439+00:00,cam-01,behavior,1,unknown,idle,0.866,1,0
2026-06-23T06:40:57.918589+00:00,cam-01,behavior,1,unknown,idle,0.866,1,0
2026-06-23T06:40:57.953075+00:00,cam-01,behavior,1,unknown,idle,0.835,1,0
2026-06-23T06:40:58.006494+00:00,cam-01,behavior,1,unknown,idle,0.835,2,0
2026-06-23T06:40:58.006494+00:00,cam-01,behavior,30,unknown,working,0.434,2,0
2026-06-23T06:40:58.035270+00:00,cam-01,behavior,1,unknown,working,0.802,1,0
2026-06-23T06:40:58.070321+00:00,cam-01,behavior,1,unknown,working,0.802,1,0
2026-06-23T06:40:58.105342+00:00,cam-01,behavior,1,unknown,working,0.801,1,0
2026-06-23T06:40:58.139497+00:00,cam-01,behavior,1,unknown,working,0.801,1,0
2026-06-23T06:40:58.174246+00:00,cam-01,behavior,1,unknown,working,0.759,1,0
2026-06-23T06:40:58.209379+00:00,cam-01,behavior,1,unknown,working,0.759,1,0
2026-06-23T06:40:58.243294+00:00,cam-01,behavior,1,unknown,working,0.847,1,0
2026-06-23T06:40:58.278986+00:00,cam-01,behavior,1,unknown,phone,0.847,1,1
2026-06-23T06:40:58.311369+00:00,cam-01,behavior,1,unknown,working,0.863,1,0
2026-06-23T06:40:58.345365+00:00,cam-01,behavior,1,unknown,working,0.863,1,0
2026-06-23T06:40:58.370400+00:00,cam-01,behavior,1,unknown,working,0.882,1,0
2026-06-23T06:40:58.415572+00:00,cam-01,behavior,1,unknown,working,0.882,1,0
2026-06-23T06:40:58.450509+00:00,cam-01,behavior,1,unknown,working,0.798,1,0
2026-06-23T06:40:58.531143+00:00,cam-01,behavior,1,unknown,working,0.786,1,0
2026-06-23T06:40:58.563493+00:00,cam-01,behavior,1,unknown,working,0.786,1,0
2026-06-23T06:40:58.596753+00:00,cam-01,behavior,1,unknown,working,0.827,1,0
2026-06-23T06:40:58.631815+00:00,cam-01,behavior,1,unknown,working,0.827,1,0
2026-06-23T06:40:58.672568+00:00,cam-01,behavior,1,unknown,working,0.876,1,0
2026-06-23T06:40:58.703080+00:00,cam-01,behavior,1,unknown,working,0.876,1,0
2026-06-23T06:40:58.726290+00:00,cam-01,behavior,1,unknown,working,0.884,1,0
2026-06-23T06:40:58.771182+00:00,cam-01,behavior,1,unknown,working,0.884,1,0
2026-06-23T06:40:58.811610+00:00,cam-01,behavior,1,unknown,working,0.886,1,0
2026-06-23T06:40:58.830829+00:00,cam-01,behavior,1,unknown,working,0.886,1,0
2026-06-23T06:40:58.875401+00:00,cam-01,behavior,1,unknown,working,0.871,1,0
2026-06-23T06:40:58.916219+00:00,cam-01,behavior,1,unknown,working,0.871,1,0
2026-06-23T06:40:58.952471+00:00,cam-01,behavior,1,unknown,working,0.893,1,0
2026-06-23T06:40:58.979768+00:00,cam-01,behavior,1,unknown,idle,0.893,1,0
2026-06-23T06:40:59.019395+00:00,cam-01,behavior,1,unknown,idle,0.911,1,0
2026-06-23T06:40:59.048303+00:00,cam-01,behavior,1,unknown,idle,0.911,1,0
2026-06-23T06:40:59.103098+00:00,cam-01,behavior,1,unknown,idle,0.887,1,0
2026-06-23T06:40:59.144727+00:00,cam-01,behavior,1,unknown,idle,0.887,1,0
2026-06-23T06:40:59.170885+00:00,cam-01,behavior,1,unknown,idle,0.898,1,0
2026-06-23T06:40:59.191977+00:00,cam-01,behavior,1,unknown,idle,0.898,1,0
2026-06-23T06:40:59.235426+00:00,cam-01,behavior,1,unknown,idle,0.882,1,0
2026-06-23T06:40:59.269825+00:00,cam-01,behavior,1,unknown,idle,0.882,1,0
2026-06-23T06:40:59.307860+00:00,cam-01,behavior,1,unknown,idle,0.873,1,0
2026-06-23T06:40:59.339329+00:00,cam-01,behavior,1,unknown,idle,0.873,1,0
2026-06-23T06:40:59.376174+00:00,cam-01,behavior,1,unknown,idle,0.871,1,0
2026-06-23T06:40:59.409312+00:00,cam-01,behavior,1,unknown,idle,0.871,1,0
2026-06-23T06:40:59.438201+00:00,cam-01,behavior,1,unknown,idle,0.843,1,0
2026-06-23T06:40:59.481049+00:00,cam-01,behavior,1,unknown,idle,0.843,1,0
2026-06-23T06:40:59.512487+00:00,cam-01,behavior,1,unknown,idle,0.843,1,0
2026-06-23T06:40:59.548177+00:00,cam-01,behavior,1,unknown,idle,0.843,1,0
2026-06-23T06:40:59.583129+00:00,cam-01,behavior,1,unknown,idle,0.828,1,0
2026-06-23T06:40:59.618090+00:00,cam-01,behavior,1,unknown,idle,0.828,1,0
2026-06-23T06:40:59.652541+00:00,cam-01,behavior,1,unknown,idle,0.86,1,0
2026-06-23T06:40:59.729165+00:00,cam-01,behavior,1,unknown,idle,0.642,1,0
2026-06-23T06:40:59.762856+00:00,cam-01,behavior,1,unknown,idle,0.642,1,0
2026-06-23T06:40:59.798223+00:00,cam-01,behavior,1,unknown,idle,0.723,1,0
2026-06-23T06:40:59.833020+00:00,cam-01,behavior,1,unknown,idle,0.723,1,0
2026-06-23T06:40:59.869800+00:00,cam-01,behavior,1,unknown,idle,0.803,1,0
2026-06-23T06:40:59.892410+00:00,cam-01,behavior,1,unknown,idle,0.803,1,0
2026-06-23T06:40:59.936595+00:00,cam-01,behavior,1,unknown,idle,0.818,1,0
2026-06-23T06:40:59.971138+00:00,cam-01,behavior,1,unknown,idle,0.818,1,0
2026-06-23T06:40:59.993598+00:00,cam-01,behavior,1,unknown,idle,0.849,1,0
2026-06-23T06:41:00.027847+00:00,cam-01,behavior,1,unknown,idle,0.849,1,0
2026-06-23T06:41:00.054772+00:00,cam-01,behavior,1,unknown,idle,0.824,1,0
2026-06-23T06:41:00.088322+00:00,cam-01,behavior,1,unknown,idle,0.824,1,0
2026-06-23T06:41:00.132147+00:00,cam-01,behavior,1,unknown,idle,0.824,1,0
2026-06-23T06:41:00.166089+00:00,cam-01,behavior,1,unknown,idle,0.809,1,0
2026-06-23T06:41:00.200678+00:00,cam-01,behavior,1,unknown,idle,0.712,1,0
2026-06-23T06:41:00.236782+00:00,cam-01,behavior,1,unknown,idle,0.712,1,0
2026-06-23T06:41:00.269030+00:00,cam-01,behavior,1,unknown,idle,0.833,1,0
2026-06-23T06:41:00.305049+00:00,cam-01,behavior,1,unknown,idle,0.833,1,0
2026-06-23T06:41:00.342756+00:00,cam-01,behavior,1,unknown,idle,0.851,1,0
2026-06-23T06:41:00.371952+00:00,cam-01,behavior,1,unknown,idle,0.851,1,0
2026-06-23T06:41:00.406155+00:00,cam-01,behavior,1,unknown,idle,0.848,1,0
2026-06-23T06:41:00.444943+00:00,cam-01,behavior,1,unknown,idle,0.848,1,0
2026-06-23T06:41:00.475277+00:00,cam-01,behavior,1,unknown,idle,0.83,1,0
2026-06-23T06:41:00.510180+00:00,cam-01,behavior,1,unknown,idle,0.83,1,0
2026-06-23T06:41:00.543659+00:00,cam-01,behavior,1,unknown,idle,0.83,1,0
2026-06-23T06:41:00.578435+00:00,cam-01,behavior,1,unknown,idle,0.874,1,0
2026-06-23T06:41:00.615037+00:00,cam-01,behavior,1,unknown,idle,0.884,1,0
2026-06-23T06:41:00.649828+00:00,cam-01,behavior,1,unknown,idle,0.884,1,0
2026-06-23T06:41:00.679410+00:00,cam-01,behavior,1,unknown,idle,0.887,1,0
2026-06-23T06:41:00.715893+00:00,cam-01,behavior,1,unknown,idle,0.887,1,0
2026-06-23T06:41:00.750310+00:00,cam-01,behavior,1,unknown,idle,0.859,1,0
2026-06-23T06:41:00.790416+00:00,cam-01,behavior,1,unknown,idle,0.859,1,0
2026-06-23T06:41:00.818447+00:00,cam-01,behavior,1,unknown,idle,0.789,1,0
2026-06-23T06:41:00.855787+00:00,cam-01,behavior,1,unknown,idle,0.789,1,0
2026-06-23T06:41:00.893130+00:00,cam-01,behavior,1,unknown,idle,0.837,1,0
2026-06-23T06:41:00.923058+00:00,cam-01,behavior,1,unknown,idle,0.837,1,0
2026-06-23T06:41:00.963850+00:00,cam-01,behavior,1,unknown,idle,0.837,1,0
2026-06-23T06:41:00.991566+00:00,cam-01,behavior,1,unknown,idle,0.882,1,0
2026-06-23T06:41:01.025552+00:00,cam-01,behavior,1,unknown,idle,0.872,1,0
2026-06-23T06:41:01.060845+00:00,cam-01,behavior,1,unknown,idle,0.872,1,0
2026-06-23T06:41:01.096703+00:00,cam-01,behavior,1,unknown,idle,0.881,1,0
2026-06-23T06:41:01.133126+00:00,cam-01,behavior,1,unknown,idle,0.881,1,0
2026-06-23T06:41:01.171076+00:00,cam-01,behavior,1,unknown,idle,0.903,1,0
2026-06-23T06:41:01.199939+00:00,cam-01,behavior,1,unknown,idle,0.903,1,0
2026-06-23T06:41:01.235592+00:00,cam-01,behavior,1,unknown,idle,0.882,1,0
2026-06-23T06:41:01.276015+00:00,cam-01,behavior,1,unknown,idle,0.884,1,0
2026-06-23T06:41:01.331825+00:00,cam-01,behavior,1,unknown,idle,0.908,1,0
2026-06-23T06:41:01.400749+00:00,cam-01,behavior,1,unknown,idle,0.901,1,0
2026-06-23T06:41:01.429447+00:00,cam-01,behavior,1,unknown,idle,0.901,1,0
2026-06-23T06:41:01.463745+00:00,cam-01,behavior,1,unknown,idle,0.892,1,0
2026-06-23T06:41:01.495445+00:00,cam-01,behavior,1,unknown,idle,0.892,1,0
2026-06-23T06:41:01.530209+00:00,cam-01,behavior,1,unknown,idle,0.901,1,0
2026-06-23T06:41:01.564695+00:00,cam-01,behavior,1,unknown,idle,0.901,1,0
2026-06-23T06:41:01.589041+00:00,cam-01,behavior,1,unknown,idle,0.917,1,0
2026-06-23T06:41:01.633346+00:00,cam-01,behavior,1,unknown,idle,0.917,1,0
2026-06-23T06:41:01.667853+00:00,cam-01,behavior,1,unknown,idle,0.905,1,0
2026-06-23T06:41:01.707204+00:00,cam-01,behavior,1,unknown,idle,0.905,1,0
2026-06-23T06:41:01.736458+00:00,cam-01,behavior,1,unknown,idle,0.905,1,0
2026-06-23T06:41:01.770652+00:00,cam-01,behavior,1,unknown,idle,0.921,1,0
2026-06-23T06:41:01.807399+00:00,cam-01,behavior,1,unknown,idle,0.922,1,0
2026-06-23T06:41:01.828420+00:00,cam-01,behavior,1,unknown,idle,0.922,1,0
2026-06-23T06:41:01.872519+00:00,cam-01,behavior,1,unknown,idle,0.922,1,0
2026-06-23T06:41:01.909877+00:00,cam-01,behavior,1,unknown,idle,0.922,1,0
2026-06-23T06:41:01.942077+00:00,cam-01,behavior,1,unknown,idle,0.901,1,0
2026-06-23T06:41:01.977092+00:00,cam-01,behavior,1,unknown,idle,0.901,1,0
2026-06-23T06:41:02.012104+00:00,cam-01,behavior,1,unknown,idle,0.919,1,0
2026-06-23T06:41:02.045544+00:00,cam-01,behavior,1,unknown,idle,0.919,1,0
2026-06-23T06:41:02.079947+00:00,cam-01,behavior,1,unknown,idle,0.919,1,0
2026-06-23T06:41:02.113460+00:00,cam-01,behavior,1,unknown,idle,0.91,1,0
2026-06-23T06:41:02.147208+00:00,cam-01,behavior,1,unknown,idle,0.91,1,0
2026-06-23T06:41:02.181021+00:00,cam-01,behavior,1,unknown,idle,0.894,1,0
2026-06-23T06:41:02.208237+00:00,cam-01,behavior,1,unknown,idle,0.892,1,0
2026-06-23T06:41:02.249923+00:00,cam-01,behavior,1,unknown,idle,0.892,1,0
2026-06-23T06:41:02.285095+00:00,cam-01,behavior,1,unknown,idle,0.872,1,0
2026-06-23T06:41:02.319892+00:00,cam-01,behavior,1,unknown,idle,0.872,1,0
2026-06-23T06:41:02.363079+00:00,cam-01,behavior,1,unknown,idle,0.887,1,0
2026-06-23T06:41:02.388752+00:00,cam-01,behavior,1,unknown,idle,0.887,1,0
2026-06-23T06:41:02.424764+00:00,cam-01,behavior,1,unknown,idle,0.854,1,0
2026-06-23T06:41:02.456506+00:00,cam-01,behavior,1,unknown,idle,0.854,1,0
2026-06-23T06:41:02.490955+00:00,cam-01,behavior,1,unknown,idle,0.854,1,0
2026-06-23T06:41:02.524615+00:00,cam-01,behavior,1,unknown,idle,0.882,1,0
2026-06-23T06:41:02.558973+00:00,cam-01,behavior,1,unknown,idle,0.882,1,0
2026-06-23T06:41:02.594079+00:00,cam-01,behavior,1,unknown,idle,0.843,1,0
2026-06-23T06:41:02.628569+00:00,cam-01,behavior,1,unknown,working,0.866,2,0
2026-06-23T06:41:02.628569+00:00,cam-01,behavior,32,unknown,working,0.383,2,0
2026-06-23T06:41:02.662319+00:00,cam-01,behavior,1,unknown,working,0.866,2,0
2026-06-23T06:41:02.662319+00:00,cam-01,behavior,32,unknown,working,0.383,2,0
2026-06-23T06:41:02.697202+00:00,cam-01,behavior,1,unknown,working,0.904,1,0
2026-06-23T06:41:02.729913+00:00,cam-01,behavior,1,unknown,working,0.904,1,0
2026-06-23T06:41:02.764897+00:00,cam-01,behavior,1,unknown,working,0.904,1,0
2026-06-23T06:41:02.791543+00:00,cam-01,behavior,1,unknown,working,0.904,1,0
2026-06-23T06:41:02.825003+00:00,cam-01,behavior,1,unknown,working,0.902,1,0
2026-06-23T06:41:02.851168+00:00,cam-01,behavior,1,unknown,working,0.902,1,0
2026-06-23T06:41:02.890992+00:00,cam-01,behavior,1,unknown,idle,0.902,1,0
2026-06-23T06:41:02.919608+00:00,cam-01,behavior,1,unknown,idle,0.87,1,0
2026-06-23T06:41:02.950516+00:00,cam-01,behavior,1,unknown,idle,0.87,1,0
2026-06-23T06:41:02.990171+00:00,cam-01,behavior,1,unknown,idle,0.845,1,0
2026-06-23T06:41:03.025180+00:00,cam-01,behavior,1,unknown,idle,0.833,1,0
2026-06-23T06:41:03.059901+00:00,cam-01,behavior,1,unknown,idle,0.833,1,0
2026-06-23T06:41:03.094445+00:00,cam-01,behavior,1,unknown,idle,0.838,1,0
2026-06-23T06:41:03.131023+00:00,cam-01,behavior,1,unknown,idle,0.838,1,0
2026-06-23T06:41:03.162485+00:00,cam-01,behavior,1,unknown,idle,0.811,1,0
2026-06-23T06:41:03.196630+00:00,cam-01,behavior,1,unknown,idle,0.811,1,0
2026-06-23T06:41:03.229378+00:00,cam-01,behavior,1,unknown,idle,0.861,1,0
2026-06-23T06:41:03.263525+00:00,cam-01,behavior,1,unknown,idle,0.861,1,0
2026-06-23T06:41:03.314313+00:00,cam-01,behavior,1,unknown,idle,0.861,1,0
2026-06-23T06:41:03.350578+00:00,cam-01,behavior,1,unknown,idle,0.842,1,0
2026-06-23T06:41:03.382574+00:00,cam-01,behavior,1,unknown,idle,0.842,1,0
2026-06-23T06:41:03.419173+00:00,cam-01,behavior,1,unknown,idle,0.878,1,0
2026-06-23T06:41:03.451005+00:00,cam-01,behavior,1,unknown,idle,0.827,1,0
2026-06-23T06:41:03.485906+00:00,cam-01,behavior,1,unknown,idle,0.827,1,0
2026-06-23T06:41:03.520944+00:00,cam-01,behavior,1,unknown,idle,0.815,1,0
2026-06-23T06:41:03.555893+00:00,cam-01,behavior,1,unknown,idle,0.815,1,0
2026-06-23T06:41:03.590832+00:00,cam-01,behavior,1,unknown,idle,0.81,1,0
2026-06-23T06:41:03.624997+00:00,cam-01,behavior,1,unknown,idle,0.782,1,0
2026-06-23T06:41:03.664865+00:00,cam-01,behavior,1,unknown,idle,0.729,1,0
2026-06-23T06:41:03.703672+00:00,cam-01,behavior,1,unknown,idle,0.729,1,0
2026-06-23T06:41:03.734921+00:00,cam-01,behavior,1,unknown,idle,0.766,1,0
2026-06-23T06:41:03.794081+00:00,cam-01,behavior,1,unknown,idle,0.814,1,0
2026-06-23T06:41:03.828465+00:00,cam-01,behavior,1,unknown,idle,0.814,1,0
2026-06-23T06:41:03.852351+00:00,cam-01,behavior,1,unknown,idle,0.811,1,0
2026-06-23T06:41:03.895912+00:00,cam-01,behavior,1,unknown,idle,0.811,1,0
2026-06-23T06:41:03.937051+00:00,cam-01,behavior,1,unknown,idle,0.724,1,0
2026-06-23T06:41:03.971838+00:00,cam-01,behavior,1,unknown,idle,0.724,1,0
2026-06-23T06:41:04.010809+00:00,cam-01,behavior,1,unknown,idle,0.724,1,0
2026-06-23T06:41:04.041932+00:00,cam-01,behavior,1,unknown,idle,0.786,1,0
2026-06-23T06:41:04.076506+00:00,cam-01,behavior,1,unknown,idle,0.786,1,0
2026-06-23T06:41:04.110949+00:00,cam-01,behavior,1,unknown,idle,0.799,1,0
2026-06-23T06:41:04.145633+00:00,cam-01,behavior,1,unknown,idle,0.799,1,0
2026-06-23T06:41:04.170609+00:00,cam-01,behavior,1,unknown,idle,0.739,1,0
2026-06-23T06:41:04.195448+00:00,cam-01,behavior,1,unknown,idle,0.793,1,0
2026-06-23T06:41:04.241817+00:00,cam-01,behavior,1,unknown,idle,0.793,1,0
2026-06-23T06:41:04.279524+00:00,cam-01,behavior,1,unknown,idle,0.794,1,0
2026-06-23T06:41:04.312568+00:00,cam-01,behavior,1,unknown,idle,0.794,1,0
2026-06-23T06:41:04.349351+00:00,cam-01,behavior,1,unknown,idle,0.858,1,0
2026-06-23T06:41:04.384421+00:00,cam-01,behavior,1,unknown,idle,0.858,1,0
2026-06-23T06:41:04.415046+00:00,cam-01,behavior,1,unknown,idle,0.858,1,0
2026-06-23T06:41:04.440325+00:00,cam-01,behavior,1,unknown,idle,0.858,1,0
2026-06-23T06:41:04.474928+00:00,cam-01,behavior,1,unknown,idle,0.858,1,0
2026-06-23T06:41:04.514739+00:00,cam-01,behavior,1,unknown,idle,0.883,1,0
2026-06-23T06:41:04.544234+00:00,cam-01,behavior,1,unknown,idle,0.883,1,0
2026-06-23T06:41:04.582561+00:00,cam-01,behavior,1,unknown,idle,0.898,1,0
2026-06-23T06:41:04.623881+00:00,cam-01,behavior,1,unknown,idle,0.854,1,0
2026-06-23T06:41:04.667448+00:00,cam-01,behavior,1,unknown,idle,0.854,1,0
2026-06-23T06:41:04.702503+00:00,cam-01,behavior,1,unknown,idle,0.841,1,0
2026-06-23T06:41:04.731484+00:00,cam-01,behavior,1,unknown,idle,0.841,1,0
2026-06-23T06:41:04.771283+00:00,cam-01,behavior,1,unknown,idle,0.816,1,0
2026-06-23T06:41:04.806258+00:00,cam-01,behavior,1,unknown,working,0.789,1,0
2026-06-23T06:41:04.867030+00:00,cam-01,behavior,1,unknown,working,0.635,1,0
2026-06-23T06:41:04.902517+00:00,cam-01,behavior,1,unknown,working,0.635,1,0
2026-06-23T06:41:04.937531+00:00,cam-01,behavior,1,unknown,working,0.757,1,0
2026-06-23T06:41:04.996114+00:00,cam-01,behavior,1,unknown,working,0.814,1,0
2026-06-23T06:41:05.027048+00:00,cam-01,behavior,1,unknown,working,0.814,1,0
2026-06-23T06:41:05.060948+00:00,cam-01,behavior,1,unknown,working,0.922,1,0
2026-06-23T06:41:05.097352+00:00,cam-01,behavior,1,unknown,working,0.922,2,0
2026-06-23T06:41:05.097352+00:00,cam-01,behavior,33,unknown,working,0.365,2,0
2026-06-23T06:41:05.137477+00:00,cam-01,behavior,1,unknown,working,0.887,1,0
2026-06-23T06:41:05.172783+00:00,cam-01,behavior,1,unknown,working,0.887,1,0
2026-06-23T06:41:05.207553+00:00,cam-01,behavior,1,unknown,working,0.887,1,0
2026-06-23T06:41:05.242407+00:00,cam-01,behavior,1,unknown,idle,0.83,1,0
2026-06-23T06:41:05.267706+00:00,cam-01,behavior,1,unknown,idle,0.83,1,0
2026-06-23T06:41:05.311841+00:00,cam-01,behavior,1,unknown,idle,0.895,1,0
2026-06-23T06:41:05.346875+00:00,cam-01,behavior,1,unknown,idle,0.895,1,0
2026-06-23T06:41:05.372118+00:00,cam-01,behavior,1,unknown,idle,0.919,1,0
2026-06-23T06:41:05.408135+00:00,cam-01,behavior,1,unknown,idle,0.909,1,0
2026-06-23T06:41:05.443083+00:00,cam-01,behavior,1,unknown,idle,0.909,1,0
2026-06-23T06:41:05.477232+00:00,cam-01,behavior,1,unknown,idle,0.912,1,0
2026-06-23T06:41:05.511768+00:00,cam-01,behavior,1,unknown,idle,0.912,1,0
2026-06-23T06:41:05.545596+00:00,cam-01,behavior,1,unknown,idle,0.911,1,0
2026-06-23T06:41:05.571830+00:00,cam-01,behavior,1,unknown,idle,0.911,1,0
2026-06-23T06:41:05.616472+00:00,cam-01,behavior,1,unknown,idle,0.911,1,0
2026-06-23T06:41:05.650490+00:00,cam-01,behavior,1,unknown,idle,0.906,1,0
2026-06-23T06:41:05.690395+00:00,cam-01,behavior,1,unknown,idle,0.906,1,0
2026-06-23T06:41:05.721986+00:00,cam-01,behavior,1,unknown,idle,0.907,1,0
2026-06-23T06:41:05.756730+00:00,cam-01,behavior,1,unknown,idle,0.907,1,0
2026-06-23T06:41:05.781019+00:00,cam-01,behavior,1,unknown,idle,0.908,1,0
2026-06-23T06:41:05.832679+00:00,cam-01,behavior,1,unknown,idle,0.92,1,0
2026-06-23T06:41:05.859361+00:00,cam-01,behavior,1,unknown,idle,0.92,1,0
2026-06-23T06:41:05.896326+00:00,cam-01,behavior,1,unknown,idle,0.927,1,0
2026-06-23T06:41:05.928161+00:00,cam-01,behavior,1,unknown,idle,0.927,1,0
2026-06-23T06:41:05.962737+00:00,cam-01,behavior,1,unknown,idle,0.926,1,0
2026-06-23T06:41:05.998175+00:00,cam-01,behavior,1,unknown,idle,0.926,1,0
2026-06-23T06:41:06.032981+00:00,cam-01,behavior,1,unknown,idle,0.926,1,0
2026-06-23T06:41:06.067881+00:00,cam-01,behavior,1,unknown,idle,0.919,1,0
2026-06-23T06:41:06.129822+00:00,cam-01,behavior,1,unknown,idle,0.926,1,0
2026-06-23T06:41:06.192701+00:00,cam-01,behavior,1,unknown,idle,0.924,1,0
2026-06-23T06:41:06.232457+00:00,cam-01,behavior,1,unknown,idle,0.924,1,0
2026-06-23T06:41:06.276123+00:00,cam-01,behavior,1,unknown,idle,0.923,1,0
2026-06-23T06:41:06.312474+00:00,cam-01,behavior,1,unknown,idle,0.923,1,0
2026-06-23T06:41:06.353952+00:00,cam-01,behavior,1,unknown,idle,0.923,1,0
2026-06-23T06:41:06.385287+00:00,cam-01,behavior,1,unknown,idle,0.921,1,0
2026-06-23T06:41:06.417149+00:00,cam-01,behavior,1,unknown,idle,0.921,1,0
2026-06-23T06:41:06.465590+00:00,cam-01,behavior,1,unknown,idle,0.922,1,0
2026-06-23T06:41:06.516123+00:00,cam-01,behavior,1,unknown,idle,0.922,1,0
2026-06-23T06:41:06.552061+00:00,cam-01,behavior,1,unknown,idle,0.923,1,0
2026-06-23T06:41:06.584724+00:00,cam-01,behavior,1,unknown,idle,0.923,1,0
2026-06-23T06:41:06.621808+00:00,cam-01,behavior,1,unknown,idle,0.922,1,0
2026-06-23T06:41:06.653377+00:00,cam-01,behavior,1,unknown,idle,0.921,1,0
2026-06-23T06:41:06.688568+00:00,cam-01,behavior,1,unknown,idle,0.928,1,0
2026-06-23T06:41:06.740184+00:00,cam-01,behavior,1,unknown,idle,0.931,1,0
2026-06-23T06:41:06.771843+00:00,cam-01,behavior,1,unknown,idle,0.931,1,0
2026-06-23T06:41:06.806074+00:00,cam-01,behavior,1,unknown,idle,0.932,1,0
2026-06-23T06:41:06.845136+00:00,cam-01,behavior,1,unknown,idle,0.932,1,0
2026-06-23T06:41:06.874564+00:00,cam-01,behavior,1,unknown,idle,0.928,1,0
2026-06-23T06:41:06.912942+00:00,cam-01,behavior,1,unknown,idle,0.928,1,0
2026-06-23T06:41:06.949683+00:00,cam-01,behavior,1,unknown,idle,0.93,1,0
2026-06-23T06:41:06.984785+00:00,cam-01,behavior,1,unknown,idle,0.926,1,0
2026-06-23T06:41:07.029948+00:00,cam-01,behavior,1,unknown,idle,0.926,1,0
2026-06-23T06:41:07.070954+00:00,cam-01,behavior,1,unknown,idle,0.925,1,0
2026-06-23T06:41:07.106107+00:00,cam-01,behavior,1,unknown,idle,0.925,1,0
2026-06-23T06:41:07.142761+00:00,cam-01,behavior,1,unknown,idle,0.925,1,0
2026-06-23T06:41:07.177084+00:00,cam-01,behavior,1,unknown,idle,0.923,1,0
2026-06-23T06:41:07.212944+00:00,cam-01,behavior,1,unknown,idle,0.923,1,0
2026-06-23T06:41:07.244610+00:00,cam-01,behavior,1,unknown,idle,0.927,1,0
2026-06-23T06:41:07.270121+00:00,cam-01,behavior,1,unknown,idle,0.927,1,0
2026-06-23T06:41:07.314776+00:00,cam-01,behavior,1,unknown,idle,0.928,1,0
2026-06-23T06:41:07.349787+00:00,cam-01,behavior,1,unknown,idle,0.928,1,0
2026-06-23T06:41:07.393686+00:00,cam-01,behavior,1,unknown,idle,0.928,1,0
2026-06-23T06:41:07.430385+00:00,cam-01,behavior,1,unknown,idle,0.928,1,0
2026-06-23T06:41:07.461777+00:00,cam-01,behavior,1,unknown,idle,0.928,1,0
2026-06-23T06:41:07.497475+00:00,cam-01,behavior,1,unknown,idle,0.923,1,0
2026-06-23T06:41:07.530241+00:00,cam-01,behavior,1,unknown,idle,0.923,1,0
2026-06-23T06:41:07.565070+00:00,cam-01,behavior,1,unknown,idle,0.923,1,0
2026-06-23T06:41:07.598672+00:00,cam-01,behavior,1,unknown,idle,0.923,1,0
2026-06-23T06:41:07.630253+00:00,cam-01,behavior,1,unknown,idle,0.923,1,0
2026-06-23T06:41:07.664583+00:00,cam-01,behavior,1,unknown,idle,0.928,1,0
2026-06-23T06:41:07.700727+00:00,cam-01,behavior,1,unknown,idle,0.928,1,0
2026-06-23T06:41:07.735672+00:00,cam-01,behavior,1,unknown,idle,0.923,1,0
2026-06-23T06:41:07.769610+00:00,cam-01,behavior,1,unknown,idle,0.923,1,0
2026-06-23T06:41:07.805171+00:00,cam-01,behavior,1,unknown,idle,0.925,1,0
2026-06-23T06:41:07.840167+00:00,cam-01,behavior,1,unknown,idle,0.926,1,0
2026-06-23T06:41:07.874725+00:00,cam-01,behavior,1,unknown,idle,0.926,1,0
2026-06-23T06:41:07.914644+00:00,cam-01,behavior,1,unknown,idle,0.92,1,0
2026-06-23T06:41:07.943375+00:00,cam-01,behavior,1,unknown,idle,0.919,1,0
2026-06-23T06:41:08.005534+00:00,cam-01,behavior,1,unknown,idle,0.921,1,0
2026-06-23T06:41:08.033926+00:00,cam-01,behavior,1,unknown,idle,0.921,1,0
2026-06-23T06:41:08.069344+00:00,cam-01,behavior,1,unknown,idle,0.918,1,0
2026-06-23T06:41:08.111301+00:00,cam-01,behavior,1,unknown,idle,0.918,1,0
2026-06-23T06:41:08.130197+00:00,cam-01,behavior,1,unknown,idle,0.916,1,0
2026-06-23T06:41:08.208919+00:00,cam-01,behavior,1,unknown,idle,0.915,1,0
2026-06-23T06:41:08.241526+00:00,cam-01,behavior,1,unknown,idle,0.915,1,0
2026-06-23T06:41:08.276023+00:00,cam-01,behavior,1,unknown,idle,0.915,1,0
2026-06-23T06:41:08.319323+00:00,cam-01,behavior,1,unknown,idle,0.912,1,0
2026-06-23T06:41:08.370657+00:00,cam-01,behavior,1,unknown,idle,0.912,1,0
2026-06-23T06:41:08.395324+00:00,cam-01,behavior,1,unknown,idle,0.914,1,0
2026-06-23T06:41:08.429411+00:00,cam-01,behavior,1,unknown,idle,0.914,1,0
2026-06-23T06:41:08.464247+00:00,cam-01,behavior,1,unknown,idle,0.916,1,0
2026-06-23T06:41:08.531678+00:00,cam-01,behavior,1,unknown,idle,0.908,1,0
2026-06-23T06:41:08.608170+00:00,cam-01,behavior,1,unknown,idle,0.915,1,0
2026-06-23T06:41:08.641706+00:00,cam-01,behavior,1,unknown,idle,0.915,1,0
2026-06-23T06:41:08.677656+00:00,cam-01,behavior,1,unknown,idle,0.915,1,0
2026-06-23T06:41:08.712174+00:00,cam-01,behavior,1,unknown,idle,0.911,1,0
2026-06-23T06:41:08.768434+00:00,cam-01,behavior,1,unknown,idle,0.911,1,0
2026-06-23T06:41:08.793671+00:00,cam-01,behavior,1,unknown,idle,0.92,1,0
2026-06-23T06:41:08.831944+00:00,cam-01,behavior,1,unknown,idle,0.92,1,0
2026-06-23T06:41:08.859652+00:00,cam-01,behavior,1,unknown,idle,0.92,1,0
2026-06-23T06:41:08.893796+00:00,cam-01,behavior,1,unknown,idle,0.92,1,0
2026-06-23T06:41:08.928256+00:00,cam-01,behavior,1,unknown,idle,0.921,1,0
2026-06-23T06:41:08.964003+00:00,cam-01,behavior,1,unknown,idle,0.921,1,0
2026-06-23T06:41:08.996045+00:00,cam-01,behavior,1,unknown,idle,0.918,1,0
2026-06-23T06:41:09.032628+00:00,cam-01,behavior,1,unknown,idle,0.921,1,0
2026-06-23T06:41:09.064672+00:00,cam-01,behavior,1,unknown,idle,0.921,1,0
2026-06-23T06:41:09.098272+00:00,cam-01,behavior,1,unknown,idle,0.921,1,0
2026-06-23T06:41:09.132008+00:00,cam-01,behavior,1,unknown,idle,0.925,1,0
2026-06-23T06:41:09.171805+00:00,cam-01,behavior,1,unknown,idle,0.925,1,0
2026-06-23T06:41:09.201531+00:00,cam-01,behavior,1,unknown,idle,0.919,1,0
2026-06-23T06:41:09.266796+00:00,cam-01,behavior,1,unknown,idle,0.908,1,0
2026-06-23T06:41:09.301960+00:00,cam-01,behavior,1,unknown,idle,0.908,1,0
2026-06-23T06:41:09.334867+00:00,cam-01,behavior,1,unknown,idle,0.909,1,0
2026-06-23T06:41:09.414492+00:00,cam-01,behavior,1,unknown,idle,0.901,1,0
2026-06-23T06:41:09.453523+00:00,cam-01,behavior,1,unknown,idle,0.901,1,0
2026-06-23T06:41:09.479172+00:00,cam-01,behavior,1,unknown,idle,0.901,1,0
2026-06-23T06:41:09.517121+00:00,cam-01,behavior,1,unknown,idle,0.902,1,0
2026-06-23T06:41:09.548697+00:00,cam-01,behavior,1,unknown,idle,0.902,1,0
2026-06-23T06:41:09.583628+00:00,cam-01,behavior,1,unknown,idle,0.909,1,0
2026-06-23T06:41:09.618469+00:00,cam-01,behavior,1,unknown,idle,0.909,1,0
2026-06-23T06:41:09.645025+00:00,cam-01,behavior,1,unknown,idle,0.917,1,0
2026-06-23T06:41:09.688905+00:00,cam-01,behavior,1,unknown,idle,0.917,1,0
2026-06-23T06:41:09.724783+00:00,cam-01,behavior,1,unknown,idle,0.923,1,0
2026-06-23T06:41:09.756374+00:00,cam-01,behavior,1,unknown,idle,0.923,1,0
2026-06-23T06:41:09.794055+00:00,cam-01,behavior,1,unknown,idle,0.913,1,0
2026-06-23T06:41:09.832985+00:00,cam-01,behavior,1,unknown,idle,0.91,1,0
2026-06-23T06:41:09.860843+00:00,cam-01,behavior,1,unknown,idle,0.91,1,0
2026-06-23T06:41:09.896690+00:00,cam-01,behavior,1,unknown,idle,0.91,1,0
2026-06-23T06:41:09.945954+00:00,cam-01,behavior,1,unknown,idle,0.91,1,0
2026-06-23T06:41:09.996287+00:00,cam-01,behavior,1,unknown,idle,0.91,1,0
2026-06-23T06:41:10.029762+00:00,cam-01,behavior,1,unknown,idle,0.916,1,0
2026-06-23T06:41:10.067676+00:00,cam-01,behavior,1,unknown,idle,0.917,1,0
2026-06-23T06:41:10.117751+00:00,cam-01,behavior,1,unknown,idle,0.917,1,0
2026-06-23T06:41:10.141744+00:00,cam-01,behavior,1,unknown,idle,0.905,1,0
2026-06-23T06:41:10.192318+00:00,cam-01,behavior,1,unknown,idle,0.905,1,0
2026-06-23T06:41:10.223600+00:00,cam-01,behavior,1,unknown,idle,0.903,1,0
2026-06-23T06:41:10.258896+00:00,cam-01,behavior,1,unknown,idle,0.903,1,0
2026-06-23T06:41:10.297082+00:00,cam-01,behavior,1,unknown,idle,0.9,1,0
2026-06-23T06:41:10.330498+00:00,cam-01,behavior,1,unknown,idle,0.9,1,0
2026-06-23T06:41:10.360908+00:00,cam-01,behavior,1,unknown,idle,0.903,1,0
2026-06-23T06:41:10.395747+00:00,cam-01,behavior,1,unknown,idle,0.903,1,0
2026-06-23T06:41:10.432387+00:00,cam-01,behavior,1,unknown,idle,0.909,1,0
2026-06-23T06:41:10.464294+00:00,cam-01,behavior,1,unknown,idle,0.909,1,0
2026-06-23T06:41:10.500020+00:00,cam-01,behavior,1,unknown,idle,0.909,1,0
2026-06-23T06:41:10.536800+00:00,cam-01,behavior,1,unknown,idle,0.909,1,0
2026-06-23T06:41:10.569400+00:00,cam-01,behavior,1,unknown,idle,0.918,1,0
2026-06-23T06:41:10.608355+00:00,cam-01,behavior,1,unknown,idle,0.918,1,0
2026-06-23T06:41:10.640081+00:00,cam-01,behavior,1,unknown,idle,0.91,1,0
2026-06-23T06:41:10.673124+00:00,cam-01,behavior,1,unknown,idle,0.91,1,0
2026-06-23T06:41:10.723064+00:00,cam-01,behavior,1,unknown,idle,0.913,1,0
2026-06-23T06:41:10.758705+00:00,cam-01,behavior,1,unknown,idle,0.913,1,0
2026-06-23T06:41:10.790479+00:00,cam-01,behavior,1,unknown,idle,0.908,1,0
2026-06-23T06:41:10.822782+00:00,cam-01,behavior,1,unknown,idle,0.908,1,0
2026-06-23T06:41:10.864215+00:00,cam-01,behavior,1,unknown,idle,0.903,1,0
2026-06-23T06:41:10.896399+00:00,cam-01,behavior,1,unknown,idle,0.903,1,0
2026-06-23T06:41:10.921239+00:00,cam-01,behavior,1,unknown,idle,0.902,1,0
2026-06-23T06:41:10.947937+00:00,cam-01,behavior,1,unknown,idle,0.902,1,0
2026-06-23T06:41:10.981545+00:00,cam-01,behavior,1,unknown,idle,0.903,1,0
2026-06-23T06:41:11.011322+00:00,cam-01,behavior,1,unknown,idle,0.903,1,0
2026-06-23T06:41:11.037969+00:00,cam-01,behavior,1,unknown,idle,0.899,1,0
2026-06-23T06:41:11.072597+00:00,cam-01,behavior,1,unknown,idle,0.899,1,0
2026-06-23T06:41:11.106410+00:00,cam-01,behavior,1,unknown,idle,0.896,1,0
2026-06-23T06:41:11.130640+00:00,cam-01,behavior,1,unknown,idle,0.896,1,0
2026-06-23T06:41:11.164427+00:00,cam-01,behavior,1,unknown,idle,0.898,1,0
2026-06-23T06:41:11.209898+00:00,cam-01,behavior,1,unknown,idle,0.898,1,0
2026-06-23T06:41:11.236445+00:00,cam-01,behavior,1,unknown,idle,0.899,1,0
2026-06-23T06:41:11.266622+00:00,cam-01,behavior,1,unknown,idle,0.899,1,0
2026-06-23T06:41:11.286873+00:00,cam-01,behavior,1,unknown,idle,0.898,1,0
2026-06-23T06:41:11.318552+00:00,cam-01,behavior,1,unknown,idle,0.898,1,0
2026-06-23T06:41:11.337410+00:00,cam-01,behavior,1,unknown,idle,0.904,1,0
2026-06-23T06:41:11.373978+00:00,cam-01,behavior,1,unknown,idle,0.904,1,0
2026-06-23T06:41:11.408115+00:00,cam-01,behavior,1,unknown,idle,0.904,1,0
2026-06-23T06:41:11.432168+00:00,cam-01,behavior,1,unknown,idle,0.904,1,0
2026-06-23T06:41:11.467689+00:00,cam-01,behavior,1,unknown,idle,0.904,1,0
2026-06-23T06:41:11.495161+00:00,cam-01,behavior,1,unknown,idle,0.904,1,0
2026-06-23T06:41:11.537082+00:00,cam-01,behavior,1,unknown,idle,0.903,1,0
2026-06-23T06:41:11.564919+00:00,cam-01,behavior,1,unknown,idle,0.903,1,0
2026-06-23T06:41:11.593024+00:00,cam-01,behavior,1,unknown,idle,0.899,1,0
2026-06-23T06:41:11.627054+00:00,cam-01,behavior,1,unknown,idle,0.899,1,0
2026-06-23T06:41:11.661848+00:00,cam-01,behavior,1,unknown,idle,0.899,1,0
2026-06-23T06:41:11.696103+00:00,cam-01,behavior,1,unknown,idle,0.899,1,0
2026-06-23T06:41:11.738224+00:00,cam-01,behavior,1,unknown,idle,0.9,1,0
2026-06-23T06:41:11.762164+00:00,cam-01,behavior,1,unknown,idle,0.9,1,0
2026-06-23T06:41:11.807638+00:00,cam-01,behavior,1,unknown,idle,0.898,1,0
2026-06-23T06:41:11.834885+00:00,cam-01,behavior,1,unknown,idle,0.898,1,0
2026-06-23T06:41:11.870476+00:00,cam-01,behavior,1,unknown,idle,0.901,1,0
2026-06-23T06:41:11.894011+00:00,cam-01,behavior,1,unknown,idle,0.901,1,0
2026-06-23T06:41:11.932581+00:00,cam-01,behavior,1,unknown,idle,0.9,1,0
2026-06-23T06:41:11.953491+00:00,cam-01,behavior,1,unknown,idle,0.9,1,0
2026-06-23T06:41:11.995616+00:00,cam-01,behavior,1,unknown,idle,0.903,1,0
2026-06-23T06:41:12.019497+00:00,cam-01,behavior,1,unknown,idle,0.903,1,0
2026-06-23T06:41:12.078305+00:00,cam-01,behavior,1,unknown,idle,0.902,1,0
2026-06-23T06:41:12.102009+00:00,cam-01,behavior,1,unknown,idle,0.902,1,0
2026-06-23T06:41:12.141586+00:00,cam-01,behavior,1,unknown,idle,0.905,1,0
2026-06-23T06:41:12.168784+00:00,cam-01,behavior,1,unknown,idle,0.905,1,0
2026-06-23T06:41:12.206862+00:00,cam-01,behavior,1,unknown,idle,0.902,1,0
2026-06-23T06:41:12.241106+00:00,cam-01,behavior,1,unknown,idle,0.902,1,0
2026-06-23T06:41:12.268473+00:00,cam-01,behavior,1,unknown,idle,0.906,1,0
2026-06-23T06:41:12.315256+00:00,cam-01,behavior,1,unknown,idle,0.906,1,0
2026-06-23T06:41:12.349151+00:00,cam-01,behavior,1,unknown,idle,0.904,1,0
2026-06-23T06:41:12.384094+00:00,cam-01,behavior,1,unknown,idle,0.904,1,0
2026-06-23T06:41:12.425221+00:00,cam-01,behavior,1,unknown,idle,0.906,1,0
2026-06-23T06:41:12.456814+00:00,cam-01,behavior,1,unknown,idle,0.906,1,0
2026-06-23T06:41:12.490325+00:00,cam-01,behavior,1,unknown,idle,0.902,1,0
2026-06-23T06:41:12.524384+00:00,cam-01,behavior,1,unknown,idle,0.902,1,0
2026-06-23T06:41:12.558670+00:00,cam-01,behavior,1,unknown,idle,0.905,1,0
2026-06-23T06:41:12.593573+00:00,cam-01,behavior,1,unknown,idle,0.905,1,0
2026-06-23T06:41:12.628306+00:00,cam-01,behavior,1,unknown,idle,0.902,1,0
2026-06-23T06:41:12.661759+00:00,cam-01,behavior,1,unknown,idle,0.902,1,0
2026-06-23T06:41:12.694654+00:00,cam-01,behavior,1,unknown,idle,0.898,1,0
2026-06-23T06:41:12.732299+00:00,cam-01,behavior,1,unknown,idle,0.898,1,0
2026-06-23T06:41:12.772413+00:00,cam-01,behavior,1,unknown,idle,0.901,1,0
2026-06-23T06:41:12.801722+00:00,cam-01,behavior,1,unknown,idle,0.901,1,0
2026-06-23T06:41:12.860095+00:00,cam-01,behavior,1,unknown,idle,0.906,1,0
2026-06-23T06:41:12.894712+00:00,cam-01,behavior,1,unknown,idle,0.906,1,0
2026-06-23T06:41:12.928611+00:00,cam-01,behavior,1,unknown,idle,0.908,1,0
2026-06-23T06:41:12.962710+00:00,cam-01,behavior,1,unknown,idle,0.908,1,0
2026-06-23T06:41:12.997751+00:00,cam-01,behavior,1,unknown,idle,0.905,1,0
2026-06-23T06:41:13.031381+00:00,cam-01,behavior,1,unknown,idle,0.905,1,0
2026-06-23T06:41:13.064689+00:00,cam-01,behavior,1,unknown,idle,0.906,1,0
2026-06-23T06:41:13.098971+00:00,cam-01,behavior,1,unknown,idle,0.906,1,0
2026-06-23T06:41:13.123954+00:00,cam-01,behavior,1,unknown,idle,0.905,1,0
2026-06-23T06:41:13.161073+00:00,cam-01,behavior,1,unknown,idle,0.905,1,0
2026-06-23T06:41:13.201761+00:00,cam-01,behavior,1,unknown,idle,0.912,1,0
2026-06-23T06:41:13.279429+00:00,cam-01,behavior,1,unknown,idle,0.907,1,0
2026-06-23T06:41:13.314133+00:00,cam-01,behavior,1,unknown,idle,0.907,1,0
2026-06-23T06:41:13.347716+00:00,cam-01,behavior,1,unknown,idle,0.908,1,0
2026-06-23T06:41:13.382745+00:00,cam-01,behavior,1,unknown,idle,0.908,1,0
2026-06-23T06:41:13.416337+00:00,cam-01,behavior,1,unknown,idle,0.908,1,0
2026-06-23T06:41:13.443356+00:00,cam-01,behavior,1,unknown,idle,0.908,1,0
2026-06-23T06:41:13.484842+00:00,cam-01,behavior,1,unknown,idle,0.909,1,0
2026-06-23T06:41:13.520991+00:00,cam-01,behavior,1,unknown,idle,0.909,1,0
2026-06-23T06:41:13.560487+00:00,cam-01,behavior,1,unknown,idle,0.91,1,0
2026-06-23T06:41:13.585039+00:00,cam-01,behavior,1,unknown,idle,0.91,1,0
2026-06-23T06:41:13.620984+00:00,cam-01,behavior,1,unknown,idle,0.906,1,0
2026-06-23T06:41:13.655075+00:00,cam-01,behavior,1,unknown,idle,0.906,1,0
2026-06-23T06:41:13.686415+00:00,cam-01,behavior,1,unknown,idle,0.908,1,0
2026-06-23T06:41:13.736762+00:00,cam-01,behavior,1,unknown,idle,0.908,1,0
2026-06-23T06:41:13.769064+00:00,cam-01,behavior,1,unknown,idle,0.914,1,0
2026-06-23T06:41:13.796363+00:00,cam-01,behavior,1,unknown,idle,0.914,1,0
2026-06-23T06:41:13.836990+00:00,cam-01,behavior,1,unknown,idle,0.91,1,0
2026-06-23T06:41:13.861722+00:00,cam-01,behavior,1,unknown,idle,0.91,1,0
2026-06-23T06:41:13.906296+00:00,cam-01,behavior,1,unknown,idle,0.908,1,0
2026-06-23T06:41:13.938974+00:00,cam-01,behavior,1,unknown,idle,0.908,1,0
2026-06-23T06:41:13.973774+00:00,cam-01,behavior,1,unknown,idle,0.905,1,0
2026-06-23T06:41:14.010892+00:00,cam-01,behavior,1,unknown,idle,0.905,1,0
2026-06-23T06:41:14.041572+00:00,cam-01,behavior,1,unknown,idle,0.906,1,0
2026-06-23T06:41:14.078921+00:00,cam-01,behavior,1,unknown,idle,0.906,1,0
2026-06-23T06:41:14.110801+00:00,cam-01,behavior,1,unknown,idle,0.905,1,0
2026-06-23T06:41:14.135036+00:00,cam-01,behavior,1,unknown,idle,0.905,1,0
2026-06-23T06:41:14.181715+00:00,cam-01,behavior,1,unknown,idle,0.908,1,0
2026-06-23T06:41:14.200749+00:00,cam-01,behavior,1,unknown,idle,0.908,1,0
2026-06-23T06:41:14.243584+00:00,cam-01,behavior,1,unknown,idle,0.906,1,0
2026-06-23T06:41:14.278202+00:00,cam-01,behavior,1,unknown,idle,0.906,1,0
2026-06-23T06:41:14.322337+00:00,cam-01,behavior,1,unknown,idle,0.906,1,0
2026-06-23T06:41:14.354490+00:00,cam-01,behavior,1,unknown,idle,0.906,1,0
2026-06-23T06:41:14.382785+00:00,cam-01,behavior,1,unknown,idle,0.903,1,0
2026-06-23T06:41:14.422627+00:00,cam-01,behavior,1,unknown,idle,0.903,1,0
2026-06-23T06:41:14.455598+00:00,cam-01,behavior,1,unknown,idle,0.902,1,0
2026-06-23T06:41:14.502520+00:00,cam-01,behavior,1,unknown,idle,0.902,1,0
2026-06-23T06:41:14.531268+00:00,cam-01,behavior,1,unknown,idle,0.902,1,0
2026-06-23T06:41:14.558999+00:00,cam-01,behavior,1,unknown,idle,0.902,1,0
2026-06-23T06:41:14.588879+00:00,cam-01,behavior,1,unknown,idle,0.908,1,0
2026-06-23T06:41:14.632208+00:00,cam-01,behavior,1,unknown,idle,0.908,1,0
2026-06-23T06:41:14.660848+00:00,cam-01,behavior,1,unknown,idle,0.904,1,0
2026-06-23T06:41:14.696336+00:00,cam-01,behavior,1,unknown,idle,0.904,1,0
2026-06-23T06:41:14.729577+00:00,cam-01,behavior,1,unknown,idle,0.907,1,0
2026-06-23T06:41:14.768203+00:00,cam-01,behavior,1,unknown,idle,0.907,1,0
2026-06-23T06:41:14.797614+00:00,cam-01,behavior,1,unknown,idle,0.903,1,0
2026-06-23T06:41:14.822910+00:00,cam-01,behavior,1,unknown,idle,0.903,1,0
2026-06-23T06:41:14.866258+00:00,cam-01,behavior,1,unknown,idle,0.901,1,0
2026-06-23T06:41:14.890922+00:00,cam-01,behavior,1,unknown,idle,0.901,1,0
2026-06-23T06:41:14.935932+00:00,cam-01,behavior,1,unknown,idle,0.902,1,0
2026-06-23T06:41:14.972721+00:00,cam-01,behavior,1,unknown,idle,0.902,1,0
2026-06-23T06:41:15.003648+00:00,cam-01,behavior,1,unknown,idle,0.902,1,0
2026-06-23T06:41:15.038675+00:00,cam-01,behavior,1,unknown,idle,0.902,1,0
2026-06-23T06:41:15.072171+00:00,cam-01,behavior,1,unknown,idle,0.9,1,0
2026-06-23T06:41:15.107614+00:00,cam-01,behavior,1,unknown,idle,0.9,1,0
2026-06-23T06:41:15.143615+00:00,cam-01,behavior,1,unknown,idle,0.9,1,0
2026-06-23T06:41:15.216419+00:00,cam-01,behavior,1,unknown,idle,0.9,1,0
2026-06-23T06:41:15.251035+00:00,cam-01,behavior,1,unknown,idle,0.9,1,0
2026-06-23T06:41:15.285039+00:00,cam-01,behavior,1,unknown,idle,0.899,1,0
2026-06-23T06:41:15.323256+00:00,cam-01,behavior,1,unknown,idle,0.899,1,0
2026-06-23T06:41:15.355125+00:00,cam-01,behavior,1,unknown,idle,0.899,1,0
2026-06-23T06:41:15.391034+00:00,cam-01,behavior,1,unknown,idle,0.899,1,0
2026-06-23T06:41:15.402567+00:00,cam-01,behavior,1,unknown,idle,0.903,1,0
2026-06-23T06:41:15.446258+00:00,cam-01,behavior,1,unknown,idle,0.903,1,0
2026-06-23T06:41:15.481491+00:00,cam-01,behavior,1,unknown,idle,0.907,1,0
2026-06-23T06:41:15.514826+00:00,cam-01,behavior,1,unknown,idle,0.907,1,0
2026-06-23T06:41:15.552577+00:00,cam-01,behavior,1,unknown,idle,0.9,1,0
2026-06-23T06:41:15.583121+00:00,cam-01,behavior,1,unknown,idle,0.9,1,0
2026-06-23T06:41:15.618302+00:00,cam-01,behavior,1,unknown,idle,0.907,1,0
2026-06-23T06:41:15.655098+00:00,cam-01,behavior,1,unknown,idle,0.907,1,0
2026-06-23T06:41:15.688440+00:00,cam-01,behavior,1,unknown,idle,0.905,1,0
2026-06-23T06:41:15.723679+00:00,cam-01,behavior,1,unknown,idle,0.905,1,0
2026-06-23T06:41:15.756762+00:00,cam-01,behavior,1,unknown,idle,0.906,1,0
2026-06-23T06:41:15.791521+00:00,cam-01,behavior,1,unknown,idle,0.906,1,0
2026-06-23T06:41:15.826477+00:00,cam-01,behavior,1,unknown,idle,0.906,1,0
2026-06-23T06:41:15.861121+00:00,cam-01,behavior,1,unknown,idle,0.906,1,0
2026-06-23T06:41:15.895799+00:00,cam-01,behavior,1,unknown,idle,0.907,1,0
2026-06-23T06:41:15.923608+00:00,cam-01,behavior,1,unknown,idle,0.907,1,0
2026-06-23T06:41:15.964500+00:00,cam-01,behavior,1,unknown,idle,0.907,1,0
2026-06-23T06:41:15.989528+00:00,cam-01,behavior,1,unknown,idle,0.907,1,0
2026-06-23T06:41:16.034533+00:00,cam-01,behavior,1,unknown,idle,0.906,1,0
2026-06-23T06:41:16.069101+00:00,cam-01,behavior,1,unknown,idle,0.906,1,0
2026-06-23T06:41:16.105117+00:00,cam-01,behavior,1,unknown,idle,0.904,1,0
2026-06-23T06:41:16.139634+00:00,cam-01,behavior,1,unknown,idle,0.904,1,0
2026-06-23T06:41:16.175298+00:00,cam-01,behavior,1,unknown,idle,0.906,1,0
2026-06-23T06:41:16.209544+00:00,cam-01,behavior,1,unknown,idle,0.906,1,0
2026-06-23T06:41:16.244743+00:00,cam-01,behavior,1,unknown,idle,0.903,1,0
2026-06-23T06:41:16.279312+00:00,cam-01,behavior,1,unknown,idle,0.903,1,0
2026-06-23T06:41:16.312476+00:00,cam-01,behavior,1,unknown,idle,0.904,1,0
2026-06-23T06:41:16.346947+00:00,cam-01,behavior,1,unknown,idle,0.904,1,0
2026-06-23T06:41:16.381741+00:00,cam-01,behavior,1,unknown,idle,0.912,1,0
2026-06-23T06:41:16.413911+00:00,cam-01,behavior,1,unknown,idle,0.912,1,0
2026-06-23T06:41:16.447844+00:00,cam-01,behavior,1,unknown,idle,0.906,1,0
2026-06-23T06:41:16.482155+00:00,cam-01,behavior,1,unknown,idle,0.906,1,0
2026-06-23T06:41:16.517955+00:00,cam-01,behavior,1,unknown,idle,0.91,1,0
2026-06-23T06:41:16.551660+00:00,cam-01,behavior,1,unknown,idle,0.91,1,0
2026-06-23T06:41:16.586036+00:00,cam-01,behavior,1,unknown,idle,0.904,1,0
2026-06-23T06:41:16.619517+00:00,cam-01,behavior,1,unknown,idle,0.904,1,0
2026-06-23T06:41:16.645143+00:00,cam-01,behavior,1,unknown,idle,0.907,1,0
2026-06-23T06:41:16.691242+00:00,cam-01,behavior,1,unknown,idle,0.907,1,0
2026-06-23T06:41:16.739681+00:00,cam-01,behavior,1,unknown,idle,0.912,1,0
2026-06-23T06:41:16.776462+00:00,cam-01,behavior,1,unknown,idle,0.912,1,0
2026-06-23T06:41:16.809827+00:00,cam-01,behavior,1,unknown,idle,0.903,1,0
2026-06-23T06:41:16.843970+00:00,cam-01,behavior,1,unknown,idle,0.903,1,0
2026-06-23T06:41:16.874649+00:00,cam-01,behavior,1,unknown,idle,0.901,1,0
2026-06-23T06:41:16.897392+00:00,cam-01,behavior,1,unknown,idle,0.901,1,0
2026-06-23T06:41:16.946104+00:00,cam-01,behavior,1,unknown,idle,0.901,1,0
2026-06-23T06:41:16.981063+00:00,cam-01,behavior,1,unknown,idle,0.901,1,0
2026-06-23T06:41:17.005912+00:00,cam-01,behavior,1,unknown,idle,0.894,1,0
2026-06-23T06:41:17.082719+00:00,cam-01,behavior,1,unknown,idle,0.909,1,0
2026-06-23T06:41:17.113044+00:00,cam-01,behavior,1,unknown,idle,0.909,1,0
2026-06-23T06:41:17.150967+00:00,cam-01,behavior,1,unknown,idle,0.906,1,0
2026-06-23T06:41:17.185980+00:00,cam-01,behavior,1,unknown,idle,0.906,1,0
2026-06-23T06:41:17.220239+00:00,cam-01,behavior,1,unknown,idle,0.905,1,0
2026-06-23T06:41:17.263985+00:00,cam-01,behavior,1,unknown,idle,0.905,1,0
2026-06-23T06:41:17.294438+00:00,cam-01,behavior,1,unknown,idle,0.898,1,0
2026-06-23T06:41:17.327740+00:00,cam-01,behavior,1,unknown,idle,0.898,1,0
2026-06-23T06:41:17.350521+00:00,cam-01,behavior,1,unknown,idle,0.899,1,0
2026-06-23T06:41:17.395446+00:00,cam-01,behavior,1,unknown,idle,0.899,1,0
2026-06-23T06:41:17.424927+00:00,cam-01,behavior,1,unknown,idle,0.899,1,0
2026-06-23T06:41:17.465141+00:00,cam-01,behavior,1,unknown,idle,0.899,1,0
2026-06-23T06:41:17.500052+00:00,cam-01,behavior,1,unknown,idle,0.904,1,0
2026-06-23T06:41:17.534767+00:00,cam-01,behavior,1,unknown,idle,0.904,1,0
2026-06-23T06:41:17.569474+00:00,cam-01,behavior,1,unknown,idle,0.899,1,0
2026-06-23T06:41:17.603985+00:00,cam-01,behavior,1,unknown,idle,0.899,1,0
2026-06-23T06:41:17.639444+00:00,cam-01,behavior,1,unknown,idle,0.896,1,0
2026-06-23T06:41:17.673082+00:00,cam-01,behavior,1,unknown,idle,0.896,1,0
2026-06-23T06:41:17.710032+00:00,cam-01,behavior,1,unknown,idle,0.894,1,0
2026-06-23T06:41:17.742162+00:00,cam-01,behavior,1,unknown,idle,0.894,1,0
2026-06-23T06:41:17.776971+00:00,cam-01,behavior,1,unknown,idle,0.907,1,0
2026-06-23T06:41:17.811797+00:00,cam-01,behavior,1,unknown,idle,0.907,1,0
2026-06-23T06:41:17.849030+00:00,cam-01,behavior,1,unknown,idle,0.905,1,0
2026-06-23T06:41:17.895341+00:00,cam-01,behavior,1,unknown,idle,0.905,1,0
2026-06-23T06:41:17.931864+00:00,cam-01,behavior,1,unknown,idle,0.899,1,0
2026-06-23T06:41:17.963552+00:00,cam-01,behavior,1,unknown,idle,0.899,1,0
2026-06-23T06:41:17.988330+00:00,cam-01,behavior,1,unknown,idle,0.898,1,0
2026-06-23T06:41:18.026304+00:00,cam-01,behavior,1,unknown,idle,0.898,1,0
2026-06-23T06:41:18.067061+00:00,cam-01,behavior,1,unknown,idle,0.903,1,0
2026-06-23T06:41:18.103091+00:00,cam-01,behavior,1,unknown,idle,0.903,1,0
2026-06-23T06:41:18.134845+00:00,cam-01,behavior,1,unknown,idle,0.897,1,0
2026-06-23T06:41:18.161283+00:00,cam-01,behavior,1,unknown,idle,0.897,1,0
2026-06-23T06:41:18.197334+00:00,cam-01,behavior,1,unknown,idle,0.903,1,0
2026-06-23T06:41:18.226215+00:00,cam-01,behavior,1,unknown,idle,0.903,1,0
2026-06-23T06:41:18.267763+00:00,cam-01,behavior,1,unknown,idle,0.904,1,0
2026-06-23T06:41:18.299174+00:00,cam-01,behavior,1,unknown,idle,0.904,1,0
2026-06-23T06:41:18.332756+00:00,cam-01,behavior,1,unknown,idle,0.901,1,0
2026-06-23T06:41:18.367379+00:00,cam-01,behavior,1,unknown,idle,0.901,1,0
2026-06-23T06:41:18.391941+00:00,cam-01,behavior,1,unknown,idle,0.9,1,0
2026-06-23T06:41:18.438178+00:00,cam-01,behavior,1,unknown,idle,0.9,1,0
2026-06-23T06:41:18.471547+00:00,cam-01,behavior,1,unknown,idle,0.905,1,0
2026-06-23T06:41:18.506272+00:00,cam-01,behavior,1,unknown,idle,0.905,1,0
2026-06-23T06:41:18.531051+00:00,cam-01,behavior,1,unknown,idle,0.908,1,0
2026-06-23T06:41:18.575676+00:00,cam-01,behavior,1,unknown,idle,0.908,1,0
2026-06-23T06:41:18.611275+00:00,cam-01,behavior,1,unknown,idle,0.908,1,0
2026-06-23T06:41:18.691914+00:00,cam-01,behavior,1,unknown,idle,0.906,1,0
2026-06-23T06:41:18.726874+00:00,cam-01,behavior,1,unknown,idle,0.906,1,0
2026-06-23T06:41:18.758077+00:00,cam-01,behavior,1,unknown,idle,0.904,1,0
2026-06-23T06:41:18.796761+00:00,cam-01,behavior,1,unknown,idle,0.904,1,0
2026-06-23T06:41:18.826369+00:00,cam-01,behavior,1,unknown,idle,0.907,1,0
2026-06-23T06:41:18.865566+00:00,cam-01,behavior,1,unknown,idle,0.907,1,0
2026-06-23T06:41:18.898707+00:00,cam-01,behavior,1,unknown,idle,0.903,1,0
2026-06-23T06:41:18.929990+00:00,cam-01,behavior,1,unknown,idle,0.903,1,0
2026-06-23T06:41:18.966578+00:00,cam-01,behavior,1,unknown,idle,0.904,1,0
2026-06-23T06:41:18.999269+00:00,cam-01,behavior,1,unknown,idle,0.904,1,0
2026-06-23T06:41:19.026549+00:00,cam-01,behavior,1,unknown,idle,0.902,1,0
2026-06-23T06:41:19.065544+00:00,cam-01,behavior,1,unknown,idle,0.902,1,0
2026-06-23T06:41:19.088436+00:00,cam-01,behavior,1,unknown,idle,0.912,1,0
2026-06-23T06:41:19.114784+00:00,cam-01,behavior,1,unknown,idle,0.912,1,0
2026-06-23T06:41:19.151709+00:00,cam-01,behavior,1,unknown,idle,0.908,1,0
2026-06-23T06:41:19.203386+00:00,cam-01,behavior,1,unknown,idle,0.908,1,0
2026-06-23T06:41:19.239876+00:00,cam-01,behavior,1,unknown,idle,0.907,1,0
2026-06-23T06:41:19.274955+00:00,cam-01,behavior,1,unknown,idle,0.907,1,0
2026-06-23T06:41:19.306799+00:00,cam-01,behavior,1,unknown,idle,0.906,1,0
2026-06-23T06:41:19.345566+00:00,cam-01,behavior,1,unknown,idle,0.906,1,0
2026-06-23T06:41:19.374727+00:00,cam-01,behavior,1,unknown,idle,0.908,1,0
2026-06-23T06:41:19.409668+00:00,cam-01,behavior,1,unknown,idle,0.908,1,0
2026-06-23T06:41:19.446206+00:00,cam-01,behavior,1,unknown,idle,0.905,1,0
2026-06-23T06:41:19.478514+00:00,cam-01,behavior,1,unknown,idle,0.905,1,0
2026-06-23T06:41:19.512322+00:00,cam-01,behavior,1,unknown,idle,0.906,1,0
2026-06-23T06:41:19.546911+00:00,cam-01,behavior,1,unknown,idle,0.906,1,0
2026-06-23T06:41:19.576948+00:00,cam-01,behavior,1,unknown,idle,0.905,1,0
2026-06-23T06:41:19.618774+00:00,cam-01,behavior,1,unknown,idle,0.905,1,0
2026-06-23T06:41:19.667616+00:00,cam-01,behavior,1,unknown,idle,0.9,1,0
2026-06-23T06:41:19.704216+00:00,cam-01,behavior,1,unknown,idle,0.9,1,0
2026-06-23T06:41:19.736380+00:00,cam-01,behavior,1,unknown,idle,0.906,1,0
2026-06-23T06:41:19.769386+00:00,cam-01,behavior,1,unknown,idle,0.906,1,0
2026-06-23T06:41:19.804922+00:00,cam-01,behavior,1,unknown,idle,0.905,1,0
2026-06-23T06:41:19.838448+00:00,cam-01,behavior,1,unknown,idle,0.905,1,0
2026-06-23T06:41:19.863024+00:00,cam-01,behavior,1,unknown,idle,0.904,1,0
2026-06-23T06:41:19.907405+00:00,cam-01,behavior,1,unknown,idle,0.904,1,0
2026-06-23T06:41:19.941902+00:00,cam-01,behavior,1,unknown,idle,0.906,1,0
2026-06-23T06:41:19.974973+00:00,cam-01,behavior,1,unknown,idle,0.906,1,0
2026-06-23T06:41:19.996006+00:00,cam-01,behavior,1,unknown,idle,0.901,1,0
2026-06-23T06:41:20.006752+00:00,cam-01,behavior,1,unknown,idle,0.901,1,0
2026-06-23T06:41:20.050602+00:00,cam-01,behavior,1,unknown,idle,0.902,1,0
2026-06-23T06:41:20.073523+00:00,cam-01,behavior,1,unknown,idle,0.902,1,0
2026-06-23T06:41:20.112078+00:00,cam-01,behavior,1,unknown,idle,0.904,1,0
2026-06-23T06:41:20.140123+00:00,cam-01,behavior,1,unknown,idle,0.904,1,0
2026-06-23T06:41:20.169142+00:00,cam-01,behavior,1,unknown,idle,0.901,1,0
2026-06-23T06:41:20.201423+00:00,cam-01,behavior,1,unknown,idle,0.901,1,0
2026-06-23T06:41:20.232367+00:00,cam-01,behavior,1,unknown,idle,0.901,1,0
2026-06-23T06:41:20.259314+00:00,cam-01,behavior,1,unknown,idle,0.901,1,0
2026-06-23T06:41:20.299687+00:00,cam-01,behavior,1,unknown,idle,0.904,1,0
2026-06-23T06:41:20.328221+00:00,cam-01,behavior,1,unknown,idle,0.904,1,0
2026-06-23T06:41:20.371518+00:00,cam-01,behavior,1,unknown,idle,0.906,1,0
2026-06-23T06:41:20.408850+00:00,cam-01,behavior,1,unknown,idle,0.906,1,0
2026-06-23T06:41:20.447377+00:00,cam-01,behavior,1,unknown,idle,0.903,1,0
2026-06-23T06:41:20.474222+00:00,cam-01,behavior,1,unknown,idle,0.903,1,0
2026-06-23T06:41:20.509290+00:00,cam-01,behavior,1,unknown,idle,0.906,1,0
2026-06-23T06:41:20.551274+00:00,cam-01,behavior,1,unknown,idle,0.906,1,0
2026-06-23T06:41:20.578770+00:00,cam-01,behavior,1,unknown,idle,0.905,1,0
2026-06-23T06:41:20.611609+00:00,cam-01,behavior,1,unknown,idle,0.905,1,0
2026-06-23T06:41:20.648869+00:00,cam-01,behavior,1,unknown,idle,0.902,1,0
2026-06-23T06:41:20.672596+00:00,cam-01,behavior,1,unknown,idle,0.902,1,0
2026-06-23T06:41:20.705178+00:00,cam-01,behavior,1,unknown,idle,0.903,1,0
2026-06-23T06:41:20.739498+00:00,cam-01,behavior,1,unknown,idle,0.903,1,0
2026-06-23T06:41:20.767450+00:00,cam-01,behavior,1,unknown,idle,0.901,1,0
2026-06-23T06:41:20.809362+00:00,cam-01,behavior,1,unknown,idle,0.901,1,0
2026-06-23T06:41:20.840645+00:00,cam-01,behavior,1,unknown,idle,0.902,1,0
2026-06-23T06:41:20.875170+00:00,cam-01,behavior,1,unknown,idle,0.902,1,0
2026-06-23T06:41:20.910203+00:00,cam-01,behavior,1,unknown,idle,0.902,1,0
2026-06-23T06:41:20.928132+00:00,cam-01,behavior,1,unknown,idle,0.902,1,0
2026-06-23T06:41:20.978052+00:00,cam-01,behavior,1,unknown,idle,0.898,1,0
2026-06-23T06:41:21.030106+00:00,cam-01,behavior,1,unknown,idle,0.898,1,0
2026-06-23T06:41:21.052548+00:00,cam-01,behavior,1,unknown,idle,0.898,1,0
2026-06-23T06:41:21.098575+00:00,cam-01,behavior,1,unknown,idle,0.898,1,0
2026-06-23T06:41:21.134992+00:00,cam-01,behavior,1,unknown,idle,0.899,1,0
2026-06-23T06:41:21.162021+00:00,cam-01,behavior,1,unknown,idle,0.899,1,0
2026-06-23T06:41:21.206012+00:00,cam-01,behavior,1,unknown,idle,0.906,1,0
2026-06-23T06:41:21.230621+00:00,cam-01,behavior,1,unknown,idle,0.906,1,0
2026-06-23T06:41:21.258548+00:00,cam-01,behavior,1,unknown,idle,0.9,1,0
2026-06-23T06:41:21.292735+00:00,cam-01,behavior,1,unknown,idle,0.9,1,0
2026-06-23T06:41:21.328523+00:00,cam-01,behavior,1,unknown,idle,0.895,1,0
2026-06-23T06:41:21.360301+00:00,cam-01,behavior,1,unknown,idle,0.895,1,0
2026-06-23T06:41:21.394747+00:00,cam-01,behavior,1,unknown,idle,0.899,1,0
2026-06-23T06:41:21.426586+00:00,cam-01,behavior,1,unknown,idle,0.899,1,0
2026-06-23T06:41:21.455139+00:00,cam-01,behavior,1,unknown,idle,0.896,1,0
2026-06-23T06:41:21.483955+00:00,cam-01,behavior,1,unknown,idle,0.896,1,0
2026-06-23T06:41:21.516090+00:00,cam-01,behavior,1,unknown,idle,0.894,1,0
2026-06-23T06:41:21.535866+00:00,cam-01,behavior,1,unknown,idle,0.894,1,0
2026-06-23T06:41:21.579650+00:00,cam-01,behavior,1,unknown,idle,0.892,1,0
2026-06-23T06:41:21.615632+00:00,cam-01,behavior,1,unknown,idle,0.892,1,0
2026-06-23T06:41:21.651196+00:00,cam-01,behavior,1,unknown,idle,0.894,1,0
2026-06-23T06:41:21.684784+00:00,cam-01,behavior,1,unknown,idle,0.894,1,0
2026-06-23T06:41:21.710812+00:00,cam-01,behavior,1,unknown,idle,0.895,1,0
2026-06-23T06:41:21.742191+00:00,cam-01,behavior,1,unknown,idle,0.895,1,0
2026-06-23T06:41:21.781481+00:00,cam-01,behavior,1,unknown,idle,0.898,1,0
2026-06-23T07:18:33.667394+00:00,cam-01,behavior,1,unknown,working,0.933,1,0
2026-06-23T07:18:33.725136+00:00,cam-01,behavior,1,unknown,working,0.938,1,0
2026-06-23T07:18:33.766707+00:00,cam-01,behavior,1,unknown,working,0.94,1,0
2026-06-23T07:18:33.801410+00:00,cam-01,behavior,1,unknown,idle,0.94,1,0
2026-06-23T07:18:33.829554+00:00,cam-01,behavior,1,unknown,idle,0.935,1,0
2026-06-23T07:18:33.856462+00:00,cam-01,behavior,1,unknown,idle,0.935,1,0
2026-06-23T07:18:33.898114+00:00,cam-01,behavior,1,unknown,idle,0.937,1,0
2026-06-23T07:18:33.924017+00:00,cam-01,behavior,1,unknown,idle,0.937,1,0
2026-06-23T07:18:33.961348+00:00,cam-01,behavior,1,unknown,idle,0.932,1,0
2026-06-23T07:18:33.988424+00:00,cam-01,behavior,1,unknown,idle,0.932,1,0
2026-06-23T07:18:34.023936+00:00,cam-01,behavior,1,unknown,idle,0.935,1,0
2026-06-23T07:18:34.056460+00:00,cam-01,behavior,1,unknown,idle,0.935,1,0
2026-06-23T07:18:34.090804+00:00,cam-01,behavior,1,unknown,idle,0.937,1,0
2026-06-23T07:18:34.113937+00:00,cam-01,behavior,1,unknown,idle,0.937,1,0
2026-06-23T07:18:34.158799+00:00,cam-01,behavior,1,unknown,idle,0.935,1,0
2026-06-23T07:18:34.195796+00:00,cam-01,behavior,1,unknown,idle,0.935,1,0
2026-06-23T07:18:34.232438+00:00,cam-01,behavior,1,unknown,idle,0.937,1,0
2026-06-23T07:18:34.266745+00:00,cam-01,behavior,1,unknown,idle,0.937,1,0
2026-06-23T07:18:34.302509+00:00,cam-01,behavior,1,unknown,idle,0.934,1,0
2026-06-23T07:18:34.324650+00:00,cam-01,behavior,1,unknown,idle,0.934,1,0
2026-06-23T07:18:34.357226+00:00,cam-01,behavior,1,unknown,idle,0.933,1,0
2026-06-23T07:18:34.391758+00:00,cam-01,behavior,1,unknown,idle,0.933,1,0
2026-06-23T07:18:34.419598+00:00,cam-01,behavior,1,unknown,idle,0.932,1,0
2026-06-23T07:18:34.455488+00:00,cam-01,behavior,1,unknown,idle,0.932,1,0
2026-06-23T07:18:34.502757+00:00,cam-01,behavior,1,unknown,idle,0.934,1,0
2026-06-23T07:18:34.537378+00:00,cam-01,behavior,1,unknown,idle,0.934,1,0
2026-06-23T07:18:34.565407+00:00,cam-01,behavior,1,unknown,idle,0.932,1,0
2026-06-23T07:18:34.600022+00:00,cam-01,behavior,1,unknown,idle,0.932,1,0
2026-06-23T07:18:34.634719+00:00,cam-01,behavior,1,unknown,idle,0.934,1,0
2026-06-23T07:18:37.490820+00:00,cam-01,behavior,1,unknown,idle,0.934,1,0
2026-06-23T07:18:37.509107+00:00,cam-01,behavior,1,unknown,idle,0.927,1,0
2026-06-23T07:18:37.536966+00:00,cam-01,behavior,1,unknown,idle,0.931,1,0
2026-06-23T07:18:37.564630+00:00,cam-01,behavior,1,unknown,idle,0.927,1,0
2026-06-23T07:18:37.599294+00:00,cam-01,behavior,1,unknown,idle,0.927,1,0
2026-06-23T07:18:37.640968+00:00,cam-01,behavior,1,unknown,idle,0.928,1,0
2026-06-23T07:18:37.668761+00:00,cam-01,behavior,1,unknown,idle,0.928,1,0
2026-06-23T07:18:37.703411+00:00,cam-01,behavior,1,unknown,idle,0.929,1,0
2026-06-23T07:18:37.738221+00:00,cam-01,behavior,1,unknown,idle,0.929,1,0
2026-06-23T07:18:37.765930+00:00,cam-01,behavior,1,unknown,idle,0.929,1,0
2026-06-23T07:18:37.797232+00:00,cam-01,behavior,1,unknown,idle,0.929,1,0
2026-06-23T07:18:37.828795+00:00,cam-01,behavior,1,unknown,idle,0.93,1,0
2026-06-23T07:18:37.860512+00:00,cam-01,behavior,1,unknown,idle,0.93,1,0
2026-06-23T07:18:37.897945+00:00,cam-01,behavior,1,unknown,idle,0.929,1,0
2026-06-23T07:18:37.925757+00:00,cam-01,behavior,1,unknown,idle,0.929,1,0
2026-06-23T07:18:37.960322+00:00,cam-01,behavior,1,unknown,idle,0.929,1,0
2026-06-23T07:18:37.988173+00:00,cam-01,behavior,1,unknown,idle,0.929,1,0
2026-06-23T07:18:38.043754+00:00,cam-01,behavior,1,unknown,idle,0.931,1,0
2026-06-23T07:18:38.068135+00:00,cam-01,behavior,1,unknown,idle,0.931,1,0
2026-06-23T07:18:38.106395+00:00,cam-01,behavior,1,unknown,idle,0.929,1,0
2026-06-23T07:18:38.132344+00:00,cam-01,behavior,1,unknown,idle,0.929,1,0
2026-06-23T07:18:38.166414+00:00,cam-01,behavior,1,unknown,idle,0.929,1,0
2026-06-23T07:18:38.210157+00:00,cam-01,behavior,1,unknown,idle,0.929,1,0
2026-06-23T07:18:38.233607+00:00,cam-01,behavior,1,unknown,idle,0.931,1,0
2026-06-23T07:18:38.267788+00:00,cam-01,behavior,1,unknown,idle,0.931,1,0
2026-06-23T07:18:38.310172+00:00,cam-01,behavior,1,unknown,idle,0.934,1,0
2026-06-23T07:18:38.330330+00:00,cam-01,behavior,1,unknown,idle,0.934,1,0
2026-06-23T07:18:38.363451+00:00,cam-01,behavior,1,unknown,idle,0.933,1,0
2026-06-23T07:18:38.384894+00:00,cam-01,behavior,1,unknown,idle,0.933,1,0
2026-06-23T07:18:38.440204+00:00,cam-01,behavior,1,unknown,idle,0.933,1,0
2026-06-23T07:18:38.723844+00:00,cam-01,behavior,1,unknown,idle,0.933,1,0
2026-06-23T07:18:38.752043+00:00,cam-01,behavior,1,unknown,idle,0.934,1,0
2026-06-23T07:18:38.779793+00:00,cam-01,behavior,1,unknown,idle,0.933,1,0
2026-06-23T07:18:38.807657+00:00,cam-01,behavior,1,unknown,idle,0.931,1,0
2026-06-23T07:18:38.835362+00:00,cam-01,behavior,1,unknown,idle,0.931,1,0
2026-06-23T07:18:38.849426+00:00,cam-01,behavior,1,unknown,idle,0.932,1,0
2026-06-23T07:18:38.893725+00:00,cam-01,behavior,1,unknown,idle,0.932,1,0
2026-06-23T07:18:38.911864+00:00,cam-01,behavior,1,unknown,idle,0.933,1,0
2026-06-23T07:18:38.939811+00:00,cam-01,behavior,1,unknown,idle,0.933,1,0
2026-06-23T07:18:38.967400+00:00,cam-01,behavior,1,unknown,idle,0.934,1,0
2026-06-23T07:18:39.008903+00:00,cam-01,behavior,1,unknown,idle,0.934,1,0
2026-06-23T07:18:39.031224+00:00,cam-01,behavior,1,unknown,idle,0.934,1,0
2026-06-23T07:18:39.065434+00:00,cam-01,behavior,1,unknown,idle,0.934,1,0
2026-06-23T07:18:39.099828+00:00,cam-01,behavior,1,unknown,idle,0.933,1,0
2026-06-23T07:18:39.129446+00:00,cam-01,behavior,1,unknown,idle,0.933,1,0
2026-06-23T07:18:39.167848+00:00,cam-01,behavior,1,unknown,idle,0.936,1,0
2026-06-23T07:18:39.211229+00:00,cam-01,behavior,1,unknown,idle,0.936,1,0
2026-06-23T07:18:39.245661+00:00,cam-01,behavior,1,unknown,idle,0.937,1,0
2026-06-23T07:18:39.280482+00:00,cam-01,behavior,1,unknown,idle,0.937,1,0
2026-06-23T07:18:39.315575+00:00,cam-01,behavior,1,unknown,idle,0.942,1,0
2026-06-23T07:18:39.342130+00:00,cam-01,behavior,1,unknown,idle,0.942,1,0
2026-06-23T07:18:39.370731+00:00,cam-01,behavior,1,unknown,idle,0.94,1,0
2026-06-23T07:18:39.404770+00:00,cam-01,behavior,1,unknown,idle,0.94,1,0
2026-06-23T07:18:39.433302+00:00,cam-01,behavior,1,unknown,idle,0.945,1,0
2026-06-23T07:18:39.481352+00:00,cam-01,behavior,1,unknown,idle,0.945,1,0
2026-06-23T07:18:39.503017+00:00,cam-01,behavior,1,unknown,idle,0.945,1,0
2026-06-23T07:18:39.531750+00:00,cam-01,behavior,1,unknown,idle,0.945,1,0
2026-06-23T07:18:39.579017+00:00,cam-01,behavior,1,unknown,idle,0.943,1,0
2026-06-23T07:18:39.604059+00:00,cam-01,behavior,1,unknown,idle,0.943,1,0
2026-06-23T07:18:39.641206+00:00,cam-01,behavior,1,unknown,idle,0.94,1,0
2026-06-23T07:18:39.905748+00:00,cam-01,behavior,1,Dikshant,idle,0.94,1,0
2026-06-23T07:18:39.933029+00:00,cam-01,behavior,1,Dikshant,idle,0.932,1,0
2026-06-23T07:18:39.960508+00:00,cam-01,behavior,1,Dikshant,idle,0.929,1,0
2026-06-23T07:18:39.989653+00:00,cam-01,behavior,1,Dikshant,idle,0.926,1,0
2026-06-23T07:18:40.022895+00:00,cam-01,behavior,1,Dikshant,idle,0.926,1,0
2026-06-23T07:18:40.051239+00:00,cam-01,behavior,1,Dikshant,idle,0.92,1,0
2026-06-23T07:18:40.078410+00:00,cam-01,behavior,1,Dikshant,idle,0.92,1,0
2026-06-23T07:18:40.106356+00:00,cam-01,behavior,1,Dikshant,idle,0.921,1,0
2026-06-23T07:18:40.130727+00:00,cam-01,behavior,1,Dikshant,idle,0.921,1,0
2026-06-23T07:18:40.161207+00:00,cam-01,behavior,1,Dikshant,idle,0.921,1,0
2026-06-23T07:18:40.205421+00:00,cam-01,behavior,1,Dikshant,idle,0.921,1,0
2026-06-23T07:18:40.239122+00:00,cam-01,behavior,1,Dikshant,idle,0.918,1,0
2026-06-23T07:18:40.264518+00:00,cam-01,behavior,1,Dikshant,idle,0.918,1,0
2026-06-23T07:18:40.298984+00:00,cam-01,behavior,1,Dikshant,idle,0.922,1,0
2026-06-23T07:18:40.332077+00:00,cam-01,behavior,1,Dikshant,idle,0.922,1,0
2026-06-23T07:18:40.377637+00:00,cam-01,behavior,1,Dikshant,idle,0.917,1,0
2026-06-23T07:18:40.402318+00:00,cam-01,behavior,1,Dikshant,idle,0.917,1,0
2026-06-23T07:18:40.442354+00:00,cam-01,behavior,1,Dikshant,idle,0.911,1,0
2026-06-23T07:18:40.470640+00:00,cam-01,behavior,1,Dikshant,idle,0.911,1,0
2026-06-23T07:18:40.523402+00:00,cam-01,behavior,1,Dikshant,idle,0.917,1,0
2026-06-23T07:18:40.558119+00:00,cam-01,behavior,1,Dikshant,idle,0.917,1,0
2026-06-23T07:18:40.586942+00:00,cam-01,behavior,1,Dikshant,idle,0.916,1,0
2026-06-23T07:18:40.613022+00:00,cam-01,behavior,1,Dikshant,idle,0.916,1,0
2026-06-23T07:18:40.634681+00:00,cam-01,behavior,1,Dikshant,idle,0.915,1,0
2026-06-23T07:18:40.668628+00:00,cam-01,behavior,1,Dikshant,idle,0.915,1,0
2026-06-23T07:18:40.710624+00:00,cam-01,behavior,1,Dikshant,idle,0.918,1,0
2026-06-23T07:18:40.744939+00:00,cam-01,behavior,1,Dikshant,idle,0.918,1,0
2026-06-23T07:18:40.766708+00:00,cam-01,behavior,1,Dikshant,idle,0.918,1,0
2026-06-23T07:18:40.797260+00:00,cam-01,behavior,1,Dikshant,idle,0.915,1,0
2026-06-23T07:18:40.845166+00:00,cam-01,behavior,1,Dikshant,idle,0.912,1,0
2026-06-23T07:18:41.106147+00:00,cam-01,behavior,1,Dikshant,idle,0.912,1,0
2026-06-23T07:18:41.134242+00:00,cam-01,behavior,1,Dikshant,idle,0.911,1,0
2026-06-23T07:18:41.158583+00:00,cam-01,behavior,1,Dikshant,idle,0.911,1,0
2026-06-23T07:18:41.204520+00:00,cam-01,behavior,1,Dikshant,idle,0.911,1,0
2026-06-23T07:18:41.236654+00:00,cam-01,behavior,1,Dikshant,idle,0.915,1,0
2026-06-23T07:18:41.272025+00:00,cam-01,behavior,1,Dikshant,idle,0.914,1,0
2026-06-23T07:18:41.309592+00:00,cam-01,behavior,1,Dikshant,idle,0.914,1,0
2026-06-23T07:18:41.332462+00:00,cam-01,behavior,1,Dikshant,idle,0.92,1,0
2026-06-23T07:18:41.356111+00:00,cam-01,behavior,1,Dikshant,idle,0.92,1,0
2026-06-23T07:18:41.377418+00:00,cam-01,behavior,1,Dikshant,idle,0.918,1,0
2026-06-23T07:18:41.405277+00:00,cam-01,behavior,1,Dikshant,idle,0.918,1,0
2026-06-23T07:18:41.433150+00:00,cam-01,behavior,1,Dikshant,idle,0.915,1,0
2026-06-23T07:18:41.467655+00:00,cam-01,behavior,1,Dikshant,idle,0.915,1,0
2026-06-23T07:18:41.530203+00:00,cam-01,behavior,1,Dikshant,idle,0.915,1,0
2026-06-23T07:18:41.551218+00:00,cam-01,behavior,1,Dikshant,idle,0.915,1,0
2026-06-23T07:18:41.585750+00:00,cam-01,behavior,1,Dikshant,idle,0.915,1,0
2026-06-23T07:18:41.613404+00:00,cam-01,behavior,1,Dikshant,idle,0.914,1,0
2026-06-23T07:18:41.641467+00:00,cam-01,behavior,1,Dikshant,idle,0.911,1,0
2026-06-23T07:18:41.675479+00:00,cam-01,behavior,1,Dikshant,idle,0.911,1,0
2026-06-23T07:18:41.703779+00:00,cam-01,behavior,1,Dikshant,idle,0.906,1,0
2026-06-23T07:18:41.738443+00:00,cam-01,behavior,1,Dikshant,idle,0.906,1,0
2026-06-23T07:18:41.766445+00:00,cam-01,behavior,1,Dikshant,idle,0.895,1,0
2026-06-23T07:18:41.802614+00:00,cam-01,behavior,1,Dikshant,idle,0.895,1,0
2026-06-23T07:18:41.828797+00:00,cam-01,behavior,1,Dikshant,idle,0.894,1,0
2026-06-23T07:18:41.856747+00:00,cam-01,behavior,1,Dikshant,idle,0.894,1,0
2026-06-23T07:18:41.912212+00:00,cam-01,behavior,1,Dikshant,idle,0.898,1,0
2026-06-23T07:18:41.947055+00:00,cam-01,behavior,1,Dikshant,idle,0.898,1,0
2026-06-23T07:18:41.974798+00:00,cam-01,behavior,1,Dikshant,idle,0.898,1,0
2026-06-23T07:18:42.004696+00:00,cam-01,behavior,1,Dikshant,idle,0.899,1,0
2026-06-23T07:18:42.037296+00:00,cam-01,behavior,1,Dikshant,idle,0.897,1,0
2026-06-23T07:18:42.324053+00:00,cam-01,behavior,1,Dikshant,idle,0.897,1,0
2026-06-23T07:18:42.354953+00:00,cam-01,behavior,1,Dikshant,idle,0.894,1,0
2026-06-23T07:18:42.384373+00:00,cam-01,behavior,1,Dikshant,idle,0.9,1,0
2026-06-23T07:18:42.412306+00:00,cam-01,behavior,1,Dikshant,idle,0.89,1,0
2026-06-23T07:18:42.440287+00:00,cam-01,behavior,1,Dikshant,idle,0.898,1,0
2026-06-23T07:18:42.468798+00:00,cam-01,behavior,1,Dikshant,idle,0.895,1,0
2026-06-23T07:18:42.497797+00:00,cam-01,behavior,1,Dikshant,idle,0.895,1,0
2026-06-23T07:18:42.523340+00:00,cam-01,behavior,1,Dikshant,idle,0.896,1,0
2026-06-23T07:18:42.551313+00:00,cam-01,behavior,1,Dikshant,idle,0.896,1,0
2026-06-23T07:18:42.578717+00:00,cam-01,behavior,1,Dikshant,idle,0.899,1,0
2026-06-23T07:18:42.603792+00:00,cam-01,behavior,1,Dikshant,idle,0.899,1,0
2026-06-23T07:18:42.641122+00:00,cam-01,behavior,1,Dikshant,idle,0.9,1,0
2026-06-23T07:18:42.673542+00:00,cam-01,behavior,1,Dikshant,idle,0.9,1,0
2026-06-23T07:18:42.697577+00:00,cam-01,behavior,1,Dikshant,idle,0.9,1,0
2026-06-23T07:18:42.717639+00:00,cam-01,behavior,1,Dikshant,idle,0.9,1,0
2026-06-23T07:18:42.745406+00:00,cam-01,behavior,1,Dikshant,idle,0.9,1,0
2026-06-23T07:18:42.779613+00:00,cam-01,behavior,1,Dikshant,idle,0.899,1,0
2026-06-23T07:18:42.843201+00:00,cam-01,behavior,1,Dikshant,idle,0.893,1,0
2026-06-23T07:18:42.877429+00:00,cam-01,behavior,1,Dikshant,idle,0.893,1,0
2026-06-23T07:18:42.905143+00:00,cam-01,behavior,1,Dikshant,idle,0.893,1,0
2026-06-23T07:18:42.932441+00:00,cam-01,behavior,1,Dikshant,idle,0.893,1,0
2026-06-23T07:18:42.967903+00:00,cam-01,behavior,1,Dikshant,idle,0.893,1,0
2026-06-23T07:18:42.997695+00:00,cam-01,behavior,1,Dikshant,idle,0.893,1,0
2026-06-23T07:18:43.050871+00:00,cam-01,behavior,1,Dikshant,idle,0.895,1,0
2026-06-23T07:18:43.087652+00:00,cam-01,behavior,1,Dikshant,idle,0.895,1,0
2026-06-23T07:18:43.121794+00:00,cam-01,behavior,1,Dikshant,idle,0.895,1,0
2026-06-23T07:18:43.157905+00:00,cam-01,behavior,1,Dikshant,idle,0.897,1,0
2026-06-23T07:18:43.189880+00:00,cam-01,behavior,1,Dikshant,idle,0.897,1,0
2026-06-23T07:18:43.227718+00:00,cam-01,behavior,1,Dikshant,idle,0.894,1,0
2026-06-23T07:18:43.259634+00:00,cam-01,behavior,1,Dikshant,idle,0.901,1,0
2026-06-23T07:18:43.519931+00:00,cam-01,behavior,1,Dikshant,idle,0.901,1,0
2026-06-23T07:18:43.553718+00:00,cam-01,behavior,1,Dikshant,idle,0.897,1,0
2026-06-23T07:18:43.576243+00:00,cam-01,behavior,1,Dikshant,idle,0.895,1,0
2026-06-23T07:18:43.606440+00:00,cam-01,behavior,1,Dikshant,idle,0.897,1,0
2026-06-23T07:18:43.627374+00:00,cam-01,behavior,1,Dikshant,idle,0.895,1,0
2026-06-23T07:18:43.658058+00:00,cam-01,behavior,1,Dikshant,idle,0.896,1,0
2026-06-23T07:18:43.689482+00:00,cam-01,behavior,1,Dikshant,idle,0.896,1,0
2026-06-23T07:18:43.712213+00:00,cam-01,behavior,1,Dikshant,idle,0.904,1,0
2026-06-23T07:18:43.738696+00:00,cam-01,behavior,1,Dikshant,idle,0.904,1,0
2026-06-23T07:18:43.766535+00:00,cam-01,behavior,1,Dikshant,idle,0.9,1,0
2026-06-23T07:18:43.798660+00:00,cam-01,behavior,1,Dikshant,idle,0.9,1,0
2026-06-23T07:18:43.849099+00:00,cam-01,behavior,1,Dikshant,idle,0.898,1,0
2026-06-23T07:18:43.875026+00:00,cam-01,behavior,1,Dikshant,idle,0.898,1,0
2026-06-23T07:18:43.904561+00:00,cam-01,behavior,1,Dikshant,idle,0.898,1,0
2026-06-23T07:18:43.925903+00:00,cam-01,behavior,1,Dikshant,idle,0.896,1,0
2026-06-23T07:18:43.961072+00:00,cam-01,behavior,1,Dikshant,idle,0.896,1,0
2026-06-23T07:18:43.987984+00:00,cam-01,behavior,1,Dikshant,idle,0.895,1,0
2026-06-23T07:18:44.043513+00:00,cam-01,behavior,1,Dikshant,idle,0.896,1,0
2026-06-23T07:18:44.071357+00:00,cam-01,behavior,1,Dikshant,idle,0.896,1,0
2026-06-23T07:18:44.106104+00:00,cam-01,behavior,1,Dikshant,idle,0.896,1,0
2026-06-23T07:18:44.142241+00:00,cam-01,behavior,1,Dikshant,idle,0.896,1,0
2026-06-23T07:18:44.176994+00:00,cam-01,behavior,1,Dikshant,idle,0.897,1,0
2026-06-23T07:18:44.210158+00:00,cam-01,behavior,1,Dikshant,idle,0.897,1,0
2026-06-23T07:18:44.251446+00:00,cam-01,behavior,1,Dikshant,idle,0.894,1,0
2026-06-23T07:18:44.291108+00:00,cam-01,behavior,1,Dikshant,idle,0.894,1,0
2026-06-23T07:18:44.321498+00:00,cam-01,behavior,1,Dikshant,idle,0.894,1,0
2026-06-23T07:18:44.353742+00:00,cam-01,behavior,1,Dikshant,idle,0.898,1,0
2026-06-23T07:18:44.384329+00:00,cam-01,behavior,1,Dikshant,idle,0.898,1,0
2026-06-23T07:18:44.412028+00:00,cam-01,behavior,1,Dikshant,idle,0.9,1,0
2026-06-23T07:18:44.439724+00:00,cam-01,behavior,1,Dikshant,idle,0.905,1,0
2026-06-23T07:18:44.704520+00:00,cam-01,behavior,1,Dikshant,idle,0.905,1,0
2026-06-23T07:18:44.731769+00:00,cam-01,behavior,1,Dikshant,idle,0.911,1,0
2026-06-23T07:18:44.766159+00:00,cam-01,behavior,1,Dikshant,idle,0.916,1,0
2026-06-23T07:18:44.787541+00:00,cam-01,behavior,1,Dikshant,idle,0.916,1,0
2026-06-23T07:18:44.821375+00:00,cam-01,behavior,1,Dikshant,idle,0.898,1,0
2026-06-23T07:18:44.849568+00:00,cam-01,behavior,1,Dikshant,idle,0.912,1,0
2026-06-23T07:18:44.877798+00:00,cam-01,behavior,1,Dikshant,idle,0.912,1,0
2026-06-23T07:18:44.904978+00:00,cam-01,behavior,1,Dikshant,idle,0.91,1,0
2026-06-23T07:18:44.926088+00:00,cam-01,behavior,1,Dikshant,idle,0.91,1,0
2026-06-23T07:18:44.988394+00:00,cam-01,behavior,1,Dikshant,idle,0.906,1,0
2026-06-23T07:18:45.016154+00:00,cam-01,behavior,1,Dikshant,idle,0.906,1,0
2026-06-23T07:18:45.037222+00:00,cam-01,behavior,1,Dikshant,idle,0.906,1,0
2026-06-23T07:18:45.065290+00:00,cam-01,behavior,1,Dikshant,idle,0.905,1,0
2026-06-23T07:18:45.097753+00:00,cam-01,behavior,1,Dikshant,idle,0.905,1,0
2026-06-23T07:18:45.125656+00:00,cam-01,behavior,1,Dikshant,idle,0.907,1,0
2026-06-23T07:18:45.149781+00:00,cam-01,behavior,1,Dikshant,idle,0.907,1,0
2026-06-23T07:18:45.183114+00:00,cam-01,behavior,1,Dikshant,idle,0.905,1,0
2026-06-23T07:18:45.245042+00:00,cam-01,behavior,1,Dikshant,idle,0.906,1,0
2026-06-23T07:18:45.281671+00:00,cam-01,behavior,1,Dikshant,idle,0.906,1,0
2026-06-23T07:18:45.316230+00:00,cam-01,behavior,1,Dikshant,idle,0.896,1,0
2026-06-23T07:18:45.353997+00:00,cam-01,behavior,1,Dikshant,idle,0.896,1,0
2026-06-23T07:18:45.384232+00:00,cam-01,behavior,1,Dikshant,idle,0.909,1,0
2026-06-23T07:18:45.433206+00:00,cam-01,behavior,1,Dikshant,idle,0.909,1,0
2026-06-23T07:18:45.467581+00:00,cam-01,behavior,1,Dikshant,idle,0.909,1,0
2026-06-23T07:18:45.489048+00:00,cam-01,behavior,1,Dikshant,idle,0.905,1,0
2026-06-23T07:18:45.516432+00:00,cam-01,behavior,1,Dikshant,idle,0.905,1,0
2026-06-23T07:18:45.543957+00:00,cam-01,behavior,1,Dikshant,idle,0.906,1,0
2026-06-23T07:18:45.573520+00:00,cam-01,behavior,1,Dikshant,idle,0.906,1,0
2026-06-23T07:18:45.606082+00:00,cam-01,behavior,1,Dikshant,idle,0.902,1,0
2026-06-23T07:18:45.641037+00:00,cam-01,behavior,1,Dikshant,idle,0.903,1,0
2026-06-23T07:18:45.918942+00:00,cam-01,behavior,1,Dikshant,idle,0.903,1,0
2026-06-23T07:18:45.960135+00:00,cam-01,behavior,1,Dikshant,idle,0.917,1,0
2026-06-23T07:18:45.986666+00:00,cam-01,behavior,1,Dikshant,idle,0.921,1,0
2026-06-23T07:18:46.008912+00:00,cam-01,behavior,1,Dikshant,idle,0.921,1,0
2026-06-23T07:18:46.043462+00:00,cam-01,behavior,1,Dikshant,idle,0.915,1,0
2026-06-23T07:18:46.071464+00:00,cam-01,behavior,1,Dikshant,idle,0.907,1,0
2026-06-23T07:18:46.110298+00:00,cam-01,behavior,1,Dikshant,idle,0.907,1,0
2026-06-23T07:18:46.148416+00:00,cam-01,behavior,1,Dikshant,idle,0.899,1,0
2026-06-23T07:18:46.179860+00:00,cam-01,behavior,1,Dikshant,idle,0.899,1,0
2026-06-23T07:18:46.219180+00:00,cam-01,behavior,1,Dikshant,idle,0.899,1,0
2026-06-23T07:18:46.238830+00:00,cam-01,behavior,1,Dikshant,idle,0.899,1,0
2026-06-23T07:18:46.285266+00:00,cam-01,behavior,1,Dikshant,idle,0.899,1,0
2026-06-23T07:18:46.321771+00:00,cam-01,behavior,1,Dikshant,idle,0.87,1,0
2026-06-23T07:18:46.377296+00:00,cam-01,behavior,1,Dikshant,idle,0.893,1,0
2026-06-23T07:18:46.446926+00:00,cam-01,behavior,1,Dikshant,idle,0.902,1,0
2026-06-23T07:18:46.476132+00:00,cam-01,behavior,1,Dikshant,idle,0.902,1,0
2026-06-23T07:18:46.523422+00:00,cam-01,behavior,1,Dikshant,idle,0.882,1,0
2026-06-23T07:18:46.550952+00:00,cam-01,behavior,1,Dikshant,idle,0.882,1,0
2026-06-23T07:18:46.572354+00:00,cam-01,behavior,1,Dikshant,idle,0.882,1,0
2026-06-23T07:18:46.606315+00:00,cam-01,behavior,1,Dikshant,idle,0.905,1,0
2026-06-23T07:18:46.627279+00:00,cam-01,behavior,1,Dikshant,idle,0.905,1,0
2026-06-23T07:18:46.655314+00:00,cam-01,behavior,1,Dikshant,idle,0.904,1,0
2026-06-23T07:18:46.689194+00:00,cam-01,behavior,1,Dikshant,idle,0.904,1,0
2026-06-23T07:18:46.711008+00:00,cam-01,behavior,1,Dikshant,idle,0.905,1,0
2026-06-23T07:18:46.745246+00:00,cam-01,behavior,1,Dikshant,idle,0.905,1,0
2026-06-23T07:18:46.773343+00:00,cam-01,behavior,1,Dikshant,idle,0.905,1,0
2026-06-23T07:18:46.841989+00:00,cam-01,behavior,1,Dikshant,idle,0.904,1,0
2026-06-23T07:18:46.870278+00:00,cam-01,behavior,1,Dikshant,idle,0.904,1,0
2026-06-23T07:18:46.919465+00:00,cam-01,behavior,1,Dikshant,idle,0.898,1,0
2026-06-23T07:18:46.948519+00:00,cam-01,behavior,1,Dikshant,idle,0.898,1,0
2026-06-23T07:18:47.242178+00:00,cam-01,behavior,1,Dikshant,idle,0.898,1,0
2026-06-23T07:18:47.271946+00:00,cam-01,behavior,1,Dikshant,idle,0.895,1,0
2026-06-23T07:18:47.303973+00:00,cam-01,behavior,1,Dikshant,idle,0.896,1,0
2026-06-23T07:18:47.328789+00:00,cam-01,behavior,1,Dikshant,idle,0.913,1,0
2026-06-23T07:18:47.385693+00:00,cam-01,behavior,1,Dikshant,idle,0.903,1,0
2026-06-23T07:18:47.418785+00:00,cam-01,behavior,1,Dikshant,idle,0.903,1,0
2026-06-23T07:18:47.446545+00:00,cam-01,behavior,1,Dikshant,idle,0.904,1,0
2026-06-23T07:18:47.460665+00:00,cam-01,behavior,1,Dikshant,idle,0.904,1,0
2026-06-23T07:18:47.516020+00:00,cam-01,behavior,1,Dikshant,idle,0.902,1,0
2026-06-23T07:18:47.554503+00:00,cam-01,behavior,1,Dikshant,idle,0.902,1,0
2026-06-23T07:18:47.578589+00:00,cam-01,behavior,1,Dikshant,idle,0.907,1,0
2026-06-23T07:18:47.651228+00:00,cam-01,behavior,1,Dikshant,idle,0.905,1,0
2026-06-23T07:18:47.675740+00:00,cam-01,behavior,1,Dikshant,idle,0.905,1,0
2026-06-23T07:18:47.724359+00:00,cam-01,behavior,1,Dikshant,idle,0.911,1,0
2026-06-23T07:18:47.759187+00:00,cam-01,behavior,1,Dikshant,idle,0.911,1,0
2026-06-23T07:18:47.789566+00:00,cam-01,behavior,1,Dikshant,idle,0.911,1,0
2026-06-23T07:18:47.821749+00:00,cam-01,behavior,1,Dikshant,idle,0.917,1,0
2026-06-23T07:18:47.848915+00:00,cam-01,behavior,1,Dikshant,idle,0.917,1,0
2026-06-23T07:18:47.873932+00:00,cam-01,behavior,1,Dikshant,idle,0.917,1,0
2026-06-23T07:18:47.904773+00:00,cam-01,behavior,1,Dikshant,idle,0.917,1,0
2026-06-23T07:18:47.925970+00:00,cam-01,behavior,1,Dikshant,idle,0.914,1,0
2026-06-23T07:18:47.960908+00:00,cam-01,behavior,1,Dikshant,idle,0.914,1,0
2026-06-23T07:18:47.988275+00:00,cam-01,behavior,1,Dikshant,idle,0.922,1,0
2026-06-23T07:18:48.043647+00:00,cam-01,behavior,1,Dikshant,idle,0.918,1,0
2026-06-23T07:18:48.085973+00:00,cam-01,behavior,1,Dikshant,idle,0.918,1,0
2026-06-23T07:18:48.134236+00:00,cam-01,behavior,1,Dikshant,idle,0.922,1,0
2026-06-23T07:18:48.170239+00:00,cam-01,behavior,1,Dikshant,idle,0.922,1,0
2026-06-23T07:18:48.204091+00:00,cam-01,behavior,1,Dikshant,idle,0.922,1,0
2026-06-23T07:18:48.239080+00:00,cam-01,behavior,1,Dikshant,idle,0.915,1,0
2026-06-23T07:18:48.273986+00:00,cam-01,behavior,1,Dikshant,idle,0.915,1,0
2026-06-23T07:18:48.586915+00:00,cam-01,behavior,1,Dikshant,idle,0.908,1,0
2026-06-23T07:18:48.614809+00:00,cam-01,behavior,1,Dikshant,idle,0.914,1,0
2026-06-23T07:18:48.640935+00:00,cam-01,behavior,1,Dikshant,idle,0.904,1,0
2026-06-23T07:18:48.676280+00:00,cam-01,behavior,1,Dikshant,idle,0.91,1,0
2026-06-23T07:18:48.703909+00:00,cam-01,behavior,1,Dikshant,idle,0.91,1,0
2026-06-23T07:18:48.730897+00:00,cam-01,behavior,1,Dikshant,idle,0.914,1,0
2026-06-23T07:18:48.759654+00:00,cam-01,behavior,1,Dikshant,idle,0.914,1,0
2026-06-23T07:18:48.786306+00:00,cam-01,behavior,1,Dikshant,idle,0.918,1,0
2026-06-23T07:18:48.855844+00:00,cam-01,behavior,1,Dikshant,idle,0.908,1,0
2026-06-23T07:18:48.890617+00:00,cam-01,behavior,1,Dikshant,idle,0.908,1,0
2026-06-23T07:18:48.925448+00:00,cam-01,behavior,1,Dikshant,idle,0.908,1,0
2026-06-23T07:18:48.952186+00:00,cam-01,behavior,1,Dikshant,idle,0.909,1,0
2026-06-23T07:18:48.969027+00:00,cam-01,behavior,1,Dikshant,idle,0.909,1,0
2026-06-23T07:18:49.012488+00:00,cam-01,behavior,1,Dikshant,idle,0.905,1,0
2026-06-23T07:18:49.029976+00:00,cam-01,behavior,1,Dikshant,idle,0.905,1,0
2026-06-23T07:18:49.078501+00:00,cam-01,behavior,1,Dikshant,idle,0.899,1,0
2026-06-23T07:18:49.099311+00:00,cam-01,behavior,1,Dikshant,idle,0.899,1,0
2026-06-23T07:18:49.112844+00:00,cam-01,behavior,1,Dikshant,idle,0.91,1,0
2026-06-23T07:18:49.162572+00:00,cam-01,behavior,1,Dikshant,idle,0.91,1,0
2026-06-23T07:18:49.197581+00:00,cam-01,behavior,1,Dikshant,idle,0.9,1,0
2026-06-23T07:18:49.261764+00:00,cam-01,behavior,1,Dikshant,idle,0.908,1,0
2026-06-23T07:18:49.300568+00:00,cam-01,behavior,1,Dikshant,idle,0.908,1,0
2026-06-23T07:18:49.331500+00:00,cam-01,behavior,1,Dikshant,idle,0.908,1,0
2026-06-23T07:18:49.363079+00:00,cam-01,behavior,1,Dikshant,idle,0.909,1,0
2026-06-23T07:18:49.384899+00:00,cam-01,behavior,1,Dikshant,idle,0.909,1,0
2026-06-23T07:18:49.411823+00:00,cam-01,behavior,1,Dikshant,idle,0.909,1,0
2026-06-23T07:18:49.446865+00:00,cam-01,behavior,1,Dikshant,idle,0.909,1,0
2026-06-23T07:18:49.467714+00:00,cam-01,behavior,1,Dikshant,idle,0.905,1,0
2026-06-23T07:18:49.495379+00:00,cam-01,behavior,1,Dikshant,idle,0.905,1,0
2026-06-23T07:18:49.529361+00:00,cam-01,behavior,1,Dikshant,idle,0.898,1,0
2026-06-23T07:18:49.823029+00:00,cam-01,behavior,1,Dikshant,idle,0.898,1,0
2026-06-23T07:18:49.848804+00:00,cam-01,behavior,1,Dikshant,idle,0.904,1,0
2026-06-23T07:18:49.883796+00:00,cam-01,behavior,1,Dikshant,idle,0.905,1,0
2026-06-23T07:18:49.918292+00:00,cam-01,behavior,1,Dikshant,idle,0.899,1,0
2026-06-23T07:18:49.981376+00:00,cam-01,behavior,1,Dikshant,idle,0.904,1,0
2026-06-23T07:18:50.057263+00:00,cam-01,behavior,1,Dikshant,idle,0.904,1,0
2026-06-23T07:18:50.082548+00:00,cam-01,behavior,1,Dikshant,idle,0.904,1,0
2026-06-23T07:18:50.108041+00:00,cam-01,behavior,1,Dikshant,idle,0.904,1,0
2026-06-23T07:18:50.149075+00:00,cam-01,behavior,1,Dikshant,idle,0.898,1,0
2026-06-23T07:18:50.178934+00:00,cam-01,behavior,1,Dikshant,idle,0.898,1,0
2026-06-23T07:18:50.214022+00:00,cam-01,behavior,1,Dikshant,idle,0.898,1,0
2026-06-23T07:18:50.249300+00:00,cam-01,behavior,1,Dikshant,idle,0.898,1,0
2026-06-23T07:18:50.283823+00:00,cam-01,behavior,1,Dikshant,idle,0.898,1,0
2026-06-23T07:18:50.318062+00:00,cam-01,behavior,1,Dikshant,idle,0.898,1,0
2026-06-23T07:18:50.349532+00:00,cam-01,behavior,1,Dikshant,idle,0.908,1,0
2026-06-23T07:18:50.375257+00:00,cam-01,behavior,1,Dikshant,idle,0.908,1,0
2026-06-23T07:18:50.412114+00:00,cam-01,behavior,1,Dikshant,idle,0.903,1,0
2026-06-23T07:18:50.460384+00:00,cam-01,behavior,1,Dikshant,idle,0.901,1,0
2026-06-23T07:18:50.488232+00:00,cam-01,behavior,1,Dikshant,idle,0.901,1,0
2026-06-23T07:18:50.509199+00:00,cam-01,behavior,1,Dikshant,idle,0.901,1,0
2026-06-23T07:18:50.537038+00:00,cam-01,behavior,1,Dikshant,idle,0.906,1,0
2026-06-23T07:18:50.564899+00:00,cam-01,behavior,1,Dikshant,idle,0.906,1,0
2026-06-23T07:18:50.592522+00:00,cam-01,behavior,1,Dikshant,idle,0.902,1,0
2026-06-23T07:18:50.626721+00:00,cam-01,behavior,1,Dikshant,idle,0.902,1,0
2026-06-23T07:18:50.649750+00:00,cam-01,behavior,1,Dikshant,idle,0.911,1,0
2026-06-23T07:18:50.676572+00:00,cam-01,behavior,1,Dikshant,idle,0.911,1,0
2026-06-23T07:18:50.710496+00:00,cam-01,behavior,1,Dikshant,idle,0.901,1,0
2026-06-23T07:18:50.738475+00:00,cam-01,behavior,1,Dikshant,idle,0.901,1,0
2026-06-23T07:18:50.793732+00:00,cam-01,behavior,1,Dikshant,idle,0.901,1,0
2026-06-23T07:18:50.819184+00:00,cam-01,behavior,1,Dikshant,idle,0.901,1,0
2026-06-23T07:18:51.119573+00:00,cam-01,behavior,1,Dikshant,idle,0.901,1,0
2026-06-23T07:18:51.142742+00:00,cam-01,behavior,1,Dikshant,idle,0.906,1,0
2026-06-23T07:18:51.176630+00:00,cam-01,behavior,1,Dikshant,idle,0.906,1,0
2026-06-23T07:18:51.210626+00:00,cam-01,behavior,1,Dikshant,idle,0.906,1,0
2026-06-23T07:18:51.244107+00:00,cam-01,behavior,1,Dikshant,idle,0.909,1,0
2026-06-23T07:18:51.279197+00:00,cam-01,behavior,1,Dikshant,idle,0.909,1,0
2026-06-23T07:18:51.318658+00:00,cam-01,behavior,1,Dikshant,idle,0.903,1,0
2026-06-23T07:18:51.349920+00:00,cam-01,behavior,1,Dikshant,idle,0.903,1,0
2026-06-23T07:18:51.382143+00:00,cam-01,behavior,1,Dikshant,idle,0.897,1,0
2026-06-23T07:18:51.425495+00:00,cam-01,behavior,1,Dikshant,idle,0.897,1,0
2026-06-23T07:18:51.453257+00:00,cam-01,behavior,1,Dikshant,idle,0.901,1,0
2026-06-23T07:18:51.515368+00:00,cam-01,behavior,1,Dikshant,idle,0.9,1,0
2026-06-23T07:18:51.536908+00:00,cam-01,behavior,1,Dikshant,idle,0.9,1,0
2026-06-23T07:18:51.592275+00:00,cam-01,behavior,1,Dikshant,idle,0.9,1,0
2026-06-23T07:18:51.619550+00:00,cam-01,behavior,1,Dikshant,idle,0.9,1,0
2026-06-23T07:18:51.654998+00:00,cam-01,behavior,1,Dikshant,idle,0.896,1,0
2026-06-23T07:18:51.683920+00:00,cam-01,behavior,1,Dikshant,idle,0.896,1,0
2026-06-23T07:18:51.724097+00:00,cam-01,behavior,1,Dikshant,idle,0.895,1,0
2026-06-23T07:18:51.751960+00:00,cam-01,behavior,1,Dikshant,idle,0.895,1,0
2026-06-23T07:18:51.793228+00:00,cam-01,behavior,1,Dikshant,idle,0.901,1,0
2026-06-23T07:18:51.818933+00:00,cam-01,behavior,1,Dikshant,idle,0.901,1,0
2026-06-23T07:18:51.849867+00:00,cam-01,behavior,1,Dikshant,idle,0.896,1,0
2026-06-23T07:18:51.873944+00:00,cam-01,behavior,1,Dikshant,idle,0.896,1,0
2026-06-23T07:18:51.912323+00:00,cam-01,behavior,1,Dikshant,idle,0.906,1,0
2026-06-23T07:18:51.947495+00:00,cam-01,behavior,1,Dikshant,idle,0.906,1,0
2026-06-23T07:18:51.995156+00:00,cam-01,behavior,1,Dikshant,idle,0.908,1,0
2026-06-23T07:18:52.022989+00:00,cam-01,behavior,1,Dikshant,idle,0.908,1,0
2026-06-23T07:18:52.057631+00:00,cam-01,behavior,1,Dikshant,idle,0.915,1,0
2026-06-23T07:18:52.083434+00:00,cam-01,behavior,1,Dikshant,idle,0.915,1,0
2026-06-23T07:18:52.123124+00:00,cam-01,behavior,1,Dikshant,working,0.83,1,0
2026-06-23T07:18:52.429621+00:00,cam-01,behavior,1,Dikshant,working,0.83,1,0
2026-06-23T07:18:52.460756+00:00,cam-01,behavior,1,Dikshant,working,0.889,1,0
2026-06-23T07:18:52.490604+00:00,cam-01,behavior,1,Dikshant,working,0.885,1,0
2026-06-23T07:18:52.524048+00:00,cam-01,behavior,1,Dikshant,working,0.887,1,0
2026-06-23T07:18:52.585765+00:00,cam-01,behavior,1,Dikshant,working,0.773,1,0
2026-06-23T07:18:52.612755+00:00,cam-01,behavior,1,Dikshant,working,0.773,1,0
2026-06-23T07:18:52.647405+00:00,cam-01,behavior,1,Dikshant,working,0.597,1,0
2026-06-23T07:18:52.668306+00:00,cam-01,behavior,1,Dikshant,working,0.597,1,0
2026-06-23T07:18:52.730777+00:00,cam-01,behavior,1,Dikshant,working,0.774,1,0
2026-06-23T07:18:52.760761+00:00,cam-01,behavior,1,Dikshant,working,0.774,1,0
2026-06-23T07:18:52.793283+00:00,cam-01,behavior,1,Dikshant,working,0.778,1,0
2026-06-23T07:18:52.822813+00:00,cam-01,behavior,1,Dikshant,working,0.778,1,0
2026-06-23T07:18:52.855724+00:00,cam-01,behavior,1,Dikshant,working,0.813,1,0
2026-06-23T07:18:52.884412+00:00,cam-01,behavior,1,Dikshant,working,0.813,1,0
2026-06-23T07:18:52.925091+00:00,cam-01,behavior,1,Dikshant,working,0.81,1,0
2026-06-23T07:18:52.951732+00:00,cam-01,behavior,1,Dikshant,working,0.81,1,0
2026-06-23T07:18:52.988685+00:00,cam-01,behavior,1,Dikshant,working,0.79,1,0
2026-06-23T07:18:53.022328+00:00,cam-01,behavior,1,Dikshant,working,0.79,1,0
2026-06-23T07:18:53.051559+00:00,cam-01,behavior,1,Dikshant,working,0.805,1,0
2026-06-23T07:18:53.092833+00:00,cam-01,behavior,1,Dikshant,working,0.805,1,0
2026-06-23T07:18:53.128597+00:00,cam-01,behavior,1,Dikshant,working,0.828,1,0
2026-06-23T07:18:53.164534+00:00,cam-01,behavior,1,Dikshant,working,0.828,1,0
2026-06-23T07:18:53.204043+00:00,cam-01,behavior,1,Dikshant,working,0.901,1,0
2026-06-23T07:18:53.239554+00:00,cam-01,behavior,1,Dikshant,working,0.901,2,0
2026-06-23T07:18:53.239554+00:00,cam-01,behavior,2,unknown,working,0.705,2,0
2026-06-23T07:18:53.273059+00:00,cam-01,behavior,1,Dikshant,working,0.707,2,0
2026-06-23T07:18:53.273059+00:00,cam-01,behavior,2,unknown,working,0.53,2,0
2026-06-23T07:18:53.308093+00:00,cam-01,behavior,1,Dikshant,working,0.707,2,0
2026-06-23T07:18:53.308093+00:00,cam-01,behavior,2,unknown,working,0.53,2,0
2026-06-23T07:18:53.336298+00:00,cam-01,behavior,1,Dikshant,working,0.9,1,0
2026-06-23T07:18:53.362543+00:00,cam-01,behavior,1,Dikshant,working,0.9,1,0
2026-06-23T07:18:53.384113+00:00,cam-01,behavior,1,Dikshant,working,0.898,1,0
2026-06-23T07:18:53.418378+00:00,cam-01,behavior,1,Dikshant,phone,0.898,1,1
2026-06-23T07:18:53.685188+00:00,cam-01,behavior,1,Dikshant,phone,0.909,1,1
2026-06-23T07:18:53.710264+00:00,cam-01,behavior,1,Dikshant,working,0.899,1,0
2026-06-23T07:18:53.738029+00:00,cam-01,behavior,1,Dikshant,phone,0.896,1,1
2026-06-23T07:18:53.759300+00:00,cam-01,behavior,1,Dikshant,phone,0.896,1,1
2026-06-23T07:18:53.793690+00:00,cam-01,behavior,1,Dikshant,phone,0.9,1,1
2026-06-23T07:18:53.821553+00:00,cam-01,behavior,1,Dikshant,phone,0.9,1,1
2026-06-23T07:18:53.849562+00:00,cam-01,behavior,1,Dikshant,phone,0.895,1,1
2026-06-23T07:18:53.877299+00:00,cam-01,behavior,1,Dikshant,phone,0.895,1,1
2026-06-23T07:18:53.925660+00:00,cam-01,behavior,1,Dikshant,phone,0.893,1,1
2026-06-23T07:18:53.956461+00:00,cam-01,behavior,1,Dikshant,phone,0.893,1,1
2026-06-23T07:18:53.988290+00:00,cam-01,behavior,1,Dikshant,phone,0.894,1,1
2026-06-23T07:18:54.022338+00:00,cam-01,behavior,1,Dikshant,phone,0.894,1,1
2026-06-23T07:18:54.059429+00:00,cam-01,behavior,1,Dikshant,phone,0.895,1,1
2026-06-23T07:18:54.085548+00:00,cam-01,behavior,1,Dikshant,phone,0.895,1,1
2026-06-23T07:18:54.129811+00:00,cam-01,behavior,1,Dikshant,phone,0.9,1,1
2026-06-23T07:18:54.162837+00:00,cam-01,behavior,1,Dikshant,phone,0.9,1,1
2026-06-23T07:18:54.193069+00:00,cam-01,behavior,1,Dikshant,phone,0.9,1,1
2026-06-23T07:18:54.227920+00:00,cam-01,behavior,1,Dikshant,phone,0.9,1,1
2026-06-23T07:18:54.267001+00:00,cam-01,behavior,1,Dikshant,phone,0.895,1,1
2026-06-23T07:18:54.301791+00:00,cam-01,behavior,1,Dikshant,phone,0.895,1,1
2026-06-23T07:18:54.336030+00:00,cam-01,behavior,1,Dikshant,phone,0.905,1,1
2026-06-23T07:18:54.362523+00:00,cam-01,behavior,1,Dikshant,phone,0.905,1,1
2026-06-23T07:18:54.397594+00:00,cam-01,behavior,1,Dikshant,phone,0.908,1,1
2026-06-23T07:18:54.425353+00:00,cam-01,behavior,1,Dikshant,phone,0.908,1,1
2026-06-23T07:18:54.453446+00:00,cam-01,behavior,1,Dikshant,phone,0.903,1,1
2026-06-23T07:18:54.488969+00:00,cam-01,behavior,1,Dikshant,phone,0.903,1,1
2026-06-23T07:18:54.515965+00:00,cam-01,behavior,1,Dikshant,phone,0.907,1,1
2026-06-23T07:18:54.547673+00:00,cam-01,behavior,1,Dikshant,phone,0.907,1,1
2026-06-23T07:18:54.585147+00:00,cam-01,behavior,1,Dikshant,phone,0.902,1,1
2026-06-23T07:18:54.620582+00:00,cam-01,behavior,1,Dikshant,phone,0.902,1,1
2026-06-23T07:18:54.906872+00:00,cam-01,behavior,1,Dikshant,phone,0.907,1,1
2026-06-23T07:18:54.932591+00:00,cam-01,behavior,1,Dikshant,phone,0.907,1,1
2026-06-23T07:18:54.960239+00:00,cam-01,behavior,1,Dikshant,phone,0.904,1,1
2026-06-23T07:18:54.988179+00:00,cam-01,behavior,1,Dikshant,phone,0.904,1,1
2026-06-23T07:18:55.015847+00:00,cam-01,behavior,1,Dikshant,phone,0.909,1,1
2026-06-23T07:18:55.044159+00:00,cam-01,behavior,1,Dikshant,phone,0.909,1,1
2026-06-23T07:18:55.073248+00:00,cam-01,behavior,1,Dikshant,phone,0.905,1,1
2026-06-23T07:18:55.098965+00:00,cam-01,behavior,1,Dikshant,phone,0.905,1,1
2026-06-23T07:18:55.133533+00:00,cam-01,behavior,1,Dikshant,phone,0.907,1,1
2026-06-23T07:18:55.167223+00:00,cam-01,behavior,1,Dikshant,phone,0.907,1,1
2026-06-23T07:18:55.203740+00:00,cam-01,behavior,1,Dikshant,phone,0.91,1,1
2026-06-23T07:18:55.238116+00:00,cam-01,behavior,1,Dikshant,phone,0.91,1,1
2026-06-23T07:18:55.272520+00:00,cam-01,behavior,1,Dikshant,phone,0.913,1,1
2026-06-23T07:18:55.309685+00:00,cam-01,behavior,1,Dikshant,phone,0.913,1,1
2026-06-23T07:18:55.336808+00:00,cam-01,behavior,1,Dikshant,phone,0.911,1,1
2026-06-23T07:18:55.362902+00:00,cam-01,behavior,1,Dikshant,phone,0.911,1,1
2026-06-23T07:18:55.392713+00:00,cam-01,behavior,1,Dikshant,phone,0.909,1,1
2026-06-23T07:18:55.428073+00:00,cam-01,behavior,1,Dikshant,phone,0.909,1,1
2026-06-23T07:18:55.471195+00:00,cam-01,behavior,1,Dikshant,phone,0.917,1,1
2026-06-23T07:18:55.502162+00:00,cam-01,behavior,1,Dikshant,phone,0.917,1,1
2026-06-23T07:18:55.529887+00:00,cam-01,behavior,1,Dikshant,phone,0.914,1,1
2026-06-23T07:18:55.557778+00:00,cam-01,behavior,1,Dikshant,phone,0.914,1,1
2026-06-23T07:18:55.592340+00:00,cam-01,behavior,1,Dikshant,phone,0.91,1,1
2026-06-23T07:18:55.626799+00:00,cam-01,behavior,1,Dikshant,phone,0.91,1,1
2026-06-23T07:18:55.654903+00:00,cam-01,behavior,1,Dikshant,phone,0.916,1,1
2026-06-23T07:18:55.689629+00:00,cam-01,behavior,1,Dikshant,phone,0.916,1,1
2026-06-23T07:18:55.717057+00:00,cam-01,behavior,1,Dikshant,phone,0.917,1,1
2026-06-23T07:18:55.752398+00:00,cam-01,behavior,1,Dikshant,phone,0.917,1,1
2026-06-23T07:18:55.786768+00:00,cam-01,behavior,1,Dikshant,phone,0.911,1,1
2026-06-23T07:18:55.814300+00:00,cam-01,behavior,1,Dikshant,phone,0.911,1,1
2026-06-23T07:18:56.146822+00:00,cam-01,behavior,1,Dikshant,phone,0.915,1,1
2026-06-23T07:18:56.175301+00:00,cam-01,behavior,1,Dikshant,phone,0.919,1,1
2026-06-23T07:18:56.207210+00:00,cam-01,behavior,1,Dikshant,phone,0.903,1,1
2026-06-23T07:18:56.264925+00:00,cam-01,behavior,1,Dikshant,phone,0.899,1,1
2026-06-23T07:18:56.308244+00:00,cam-01,behavior,1,Dikshant,phone,0.899,1,1
2026-06-23T07:18:56.337153+00:00,cam-01,behavior,1,Dikshant,phone,0.902,1,1
2026-06-23T07:18:56.377419+00:00,cam-01,behavior,1,Dikshant,phone,0.902,1,1
2026-06-23T07:18:56.411778+00:00,cam-01,behavior,1,Dikshant,phone,0.902,1,1
2026-06-23T07:18:56.435069+00:00,cam-01,behavior,1,Dikshant,phone,0.902,1,1
2026-06-23T07:18:56.467069+00:00,cam-01,behavior,1,Dikshant,phone,0.903,1,1
2026-06-23T07:18:56.488548+00:00,cam-01,behavior,1,Dikshant,phone,0.903,1,1
2026-06-23T07:18:56.536505+00:00,cam-01,behavior,1,Dikshant,phone,0.902,1,1
2026-06-23T07:18:56.563830+00:00,cam-01,behavior,1,Dikshant,phone,0.902,1,1
2026-06-23T07:18:56.599350+00:00,cam-01,behavior,1,Dikshant,phone,0.887,1,1
2026-06-23T07:18:56.626749+00:00,cam-01,behavior,1,Dikshant,phone,0.887,1,1
2026-06-23T07:18:56.668646+00:00,cam-01,behavior,1,Dikshant,phone,0.889,1,1
2026-06-23T07:18:56.703212+00:00,cam-01,behavior,1,Dikshant,phone,0.889,1,1
2026-06-23T07:18:56.738398+00:00,cam-01,behavior,1,Dikshant,phone,0.882,1,1
2026-06-23T07:18:56.765745+00:00,cam-01,behavior,1,Dikshant,phone,0.882,1,1
2026-06-23T07:18:56.794015+00:00,cam-01,behavior,1,Dikshant,phone,0.878,1,1
2026-06-23T07:18:56.828095+00:00,cam-01,behavior,1,Dikshant,phone,0.878,1,1
2026-06-23T07:18:56.856404+00:00,cam-01,behavior,1,Dikshant,phone,0.878,1,1
2026-06-23T07:18:56.881484+00:00,cam-01,behavior,1,Dikshant,phone,0.878,1,1
2026-06-23T07:18:56.918901+00:00,cam-01,behavior,1,Dikshant,phone,0.881,1,1
2026-06-23T07:18:56.946231+00:00,cam-01,behavior,1,Dikshant,phone,0.881,1,1
2026-06-23T07:18:57.001963+00:00,cam-01,behavior,1,Dikshant,phone,0.877,1,1
2026-06-23T07:18:57.042979+00:00,cam-01,behavior,1,Dikshant,phone,0.877,1,1
2026-06-23T07:18:57.064889+00:00,cam-01,behavior,1,Dikshant,phone,0.892,1,1
2026-06-23T07:18:57.092967+00:00,cam-01,behavior,1,Dikshant,phone,0.892,1,1
2026-06-23T07:18:57.128336+00:00,cam-01,behavior,1,Dikshant,phone,0.888,1,1
2026-06-23T07:18:57.418700+00:00,cam-01,behavior,1,Dikshant,phone,0.888,1,1
2026-06-23T07:18:57.445854+00:00,cam-01,behavior,1,Dikshant,phone,0.885,1,1
2026-06-23T07:18:57.473637+00:00,cam-01,behavior,1,Dikshant,phone,0.874,1,1
2026-06-23T07:18:57.496481+00:00,cam-01,behavior,1,Dikshant,phone,0.878,1,1
2026-06-23T07:18:57.529091+00:00,cam-01,behavior,1,Dikshant,phone,0.878,1,1
2026-06-23T07:18:57.556987+00:00,cam-01,behavior,1,Dikshant,phone,0.875,1,1
2026-06-23T07:18:57.584752+00:00,cam-01,behavior,1,Dikshant,phone,0.875,1,1
2026-06-23T07:18:57.605638+00:00,cam-01,behavior,1,Dikshant,phone,0.878,1,1
2026-06-23T07:18:57.640206+00:00,cam-01,behavior,1,Dikshant,phone,0.878,1,1
2026-06-23T07:18:57.668005+00:00,cam-01,behavior,1,Dikshant,phone,0.883,1,1
2026-06-23T07:18:57.695794+00:00,cam-01,behavior,1,Dikshant,phone,0.883,1,1
2026-06-23T07:18:57.716744+00:00,cam-01,behavior,1,Dikshant,phone,0.886,1,1
2026-06-23T07:18:57.751386+00:00,cam-01,behavior,1,Dikshant,phone,0.886,1,1
2026-06-23T07:18:57.799982+00:00,cam-01,behavior,1,Dikshant,idle,0.878,1,0
2026-06-23T07:18:57.828418+00:00,cam-01,behavior,1,Dikshant,idle,0.878,1,0
2026-06-23T07:18:57.862423+00:00,cam-01,behavior,1,Dikshant,idle,0.906,1,0
2026-06-23T07:18:57.892369+00:00,cam-01,behavior,1,Dikshant,idle,0.906,1,0
2026-06-23T07:18:57.925027+00:00,cam-01,behavior,1,Dikshant,idle,0.891,1,0
2026-06-23T07:18:57.957028+00:00,cam-01,behavior,1,Dikshant,idle,0.891,1,0
2026-06-23T07:18:57.994471+00:00,cam-01,behavior,1,Dikshant,working,0.901,1,0
2026-06-23T07:18:58.022928+00:00,cam-01,behavior,1,Dikshant,working,0.901,2,0
2026-06-23T07:18:58.022928+00:00,cam-01,behavior,5,unknown,working,0.705,2,0
2026-06-23T07:18:58.056977+00:00,cam-01,behavior,1,Dikshant,working,0.841,1,0
2026-06-23T07:18:58.083949+00:00,cam-01,behavior,1,Dikshant,working,0.841,1,0
2026-06-23T07:18:58.119361+00:00,cam-01,behavior,1,Dikshant,working,0.905,1,0
2026-06-23T07:18:58.145858+00:00,cam-01,behavior,1,Dikshant,working,0.905,1,0
2026-06-23T07:18:58.205184+00:00,cam-01,behavior,1,Dikshant,working,0.898,1,0
2026-06-23T07:18:58.252106+00:00,cam-01,behavior,1,Dikshant,working,0.898,1,0
2026-06-23T07:18:58.286550+00:00,cam-01,behavior,1,Dikshant,working,0.897,1,0
2026-06-23T07:18:58.323578+00:00,cam-01,behavior,1,Dikshant,working,0.897,1,0
2026-06-23T07:18:58.348487+00:00,cam-01,behavior,1,Dikshant,working,0.884,1,0
2026-06-23T07:18:58.633461+00:00,cam-01,behavior,1,Dikshant,working,0.884,1,0
2026-06-23T07:18:58.668019+00:00,cam-01,behavior,1,Dikshant,working,0.899,1,0
2026-06-23T07:18:58.692611+00:00,cam-01,behavior,1,Dikshant,working,0.889,1,0
2026-06-23T07:18:58.711386+00:00,cam-01,behavior,1,Dikshant,working,0.807,1,0
2026-06-23T07:18:58.739053+00:00,cam-01,behavior,1,Dikshant,working,0.807,1,0
2026-06-23T07:18:58.772481+00:00,cam-01,behavior,1,Dikshant,working,0.438,1,0
2026-06-23T07:18:58.796846+00:00,cam-01,behavior,1,Dikshant,working,0.438,1,0
2026-06-23T07:18:58.825204+00:00,cam-01,behavior,1,Dikshant,working,0.574,1,0
2026-06-23T07:18:58.863025+00:00,cam-01,behavior,1,Dikshant,working,0.574,1,0
2026-06-23T07:19:00.017757+00:00,cam-01,behavior,6,unknown,working,0.809,1,0
2026-06-23T07:19:00.189155+00:00,cam-01,behavior,6,unknown,working,0.377,1,0
2026-06-23T07:19:00.227394+00:00,cam-01,behavior,6,unknown,working,0.377,1,0
2026-06-23T07:19:00.258548+00:00,cam-01,behavior,6,unknown,working,0.91,1,0
2026-06-23T07:19:00.292270+00:00,cam-01,behavior,6,unknown,working,0.91,1,0
2026-06-23T07:19:00.320979+00:00,cam-01,behavior,6,unknown,working,0.939,1,0
2026-06-23T07:19:00.348546+00:00,cam-01,behavior,6,unknown,working,0.939,1,0
2026-06-23T07:19:00.383557+00:00,cam-01,behavior,6,unknown,working,0.941,1,0
2026-06-23T07:19:00.411447+00:00,cam-01,behavior,6,unknown,working,0.941,1,0
2026-06-23T07:19:00.459946+00:00,cam-01,behavior,6,unknown,working,0.938,1,0
2026-06-23T07:19:00.487789+00:00,cam-01,behavior,6,unknown,working,0.938,1,0
2026-06-23T07:19:00.529491+00:00,cam-01,behavior,6,unknown,idle,0.936,1,0
2026-06-23T07:19:00.564139+00:00,cam-01,behavior,6,unknown,idle,0.936,1,0
2026-06-23T07:19:00.585799+00:00,cam-01,behavior,6,unknown,idle,0.938,1,0
2026-06-23T07:19:00.614519+00:00,cam-01,behavior,6,unknown,idle,0.938,1,0
2026-06-23T07:19:00.883504+00:00,cam-01,behavior,6,unknown,idle,0.935,1,0
2026-06-23T07:19:00.914390+00:00,cam-01,behavior,6,unknown,idle,0.944,1,0
2026-06-23T07:19:00.957336+00:00,cam-01,behavior,6,unknown,idle,0.942,1,0
2026-06-23T07:19:00.987498+00:00,cam-01,behavior,6,unknown,idle,0.942,1,0
2026-06-23T07:19:01.014242+00:00,cam-01,behavior,6,unknown,idle,0.949,1,0
2026-06-23T07:19:01.042916+00:00,cam-01,behavior,6,unknown,idle,0.949,1,0
2026-06-23T07:19:01.070698+00:00,cam-01,behavior,6,unknown,idle,0.937,1,0
2026-06-23T07:19:01.105715+00:00,cam-01,behavior,6,unknown,idle,0.937,1,0
2026-06-23T07:19:01.130878+00:00,cam-01,behavior,6,unknown,idle,0.942,1,0
2026-06-23T07:19:01.174347+00:00,cam-01,behavior,6,unknown,idle,0.942,1,0
2026-06-23T07:19:01.207995+00:00,cam-01,behavior,6,unknown,idle,0.941,1,0
2026-06-23T07:19:01.242926+00:00,cam-01,behavior,6,unknown,idle,0.941,1,0
2026-06-23T07:19:01.277255+00:00,cam-01,behavior,6,unknown,idle,0.937,1,0
2026-06-23T07:19:01.315070+00:00,cam-01,behavior,6,unknown,idle,0.937,1,0
2026-06-23T07:19:01.358036+00:00,cam-01,behavior,6,unknown,idle,0.938,1,0
2026-06-23T07:19:01.383128+00:00,cam-01,behavior,6,unknown,idle,0.938,1,0
2026-06-23T07:19:01.407796+00:00,cam-01,behavior,6,unknown,idle,0.936,1,0
2026-06-23T07:19:01.432292+00:00,cam-01,behavior,6,unknown,idle,0.936,1,0
2026-06-23T07:19:01.459960+00:00,cam-01,behavior,6,unknown,idle,0.931,1,0
2026-06-23T07:19:01.495290+00:00,cam-01,behavior,6,unknown,idle,0.931,1,0
2026-06-23T07:19:01.529494+00:00,cam-01,behavior,6,unknown,idle,0.934,1,0
2026-06-23T07:19:01.556764+00:00,cam-01,behavior,6,unknown,idle,0.934,1,0
2026-06-23T07:19:01.592050+00:00,cam-01,behavior,6,unknown,idle,0.934,1,0
2026-06-23T07:19:01.616776+00:00,cam-01,behavior,6,unknown,idle,0.934,1,0
2026-06-23T07:19:01.675497+00:00,cam-01,behavior,6,unknown,idle,0.92,1,0
2026-06-23T07:19:01.710484+00:00,cam-01,behavior,6,unknown,idle,0.92,1,0
2026-06-23T07:19:01.738123+00:00,cam-01,behavior,6,unknown,idle,0.92,1,0
2026-06-23T07:19:01.765770+00:00,cam-01,behavior,6,unknown,idle,0.92,1,0
2026-06-23T07:19:01.800343+00:00,cam-01,behavior,6,unknown,idle,0.922,1,0
2026-06-23T07:19:01.834471+00:00,cam-01,behavior,6,unknown,idle,0.922,1,0
2026-06-23T07:19:02.146740+00:00,cam-01,behavior,6,unknown,idle,0.923,1,0
2026-06-23T07:19:02.180747+00:00,cam-01,behavior,6,unknown,idle,0.908,1,0
2026-06-23T07:19:02.215590+00:00,cam-01,behavior,6,unknown,idle,0.92,1,0
2026-06-23T07:19:02.269181+00:00,cam-01,behavior,6,unknown,idle,0.922,1,0
2026-06-23T07:19:02.307191+00:00,cam-01,behavior,6,unknown,idle,0.922,1,0
2026-06-23T07:19:02.328869+00:00,cam-01,behavior,6,unknown,idle,0.915,1,0
2026-06-23T07:19:02.359524+00:00,cam-01,behavior,6,unknown,idle,0.915,1,0
2026-06-23T07:19:02.404708+00:00,cam-01,behavior,6,unknown,idle,0.924,1,0
2026-06-23T07:19:02.439059+00:00,cam-01,behavior,6,unknown,idle,0.924,1,0
2026-06-23T07:19:02.480829+00:00,cam-01,behavior,6,unknown,idle,0.917,1,0
2026-06-23T07:19:02.508957+00:00,cam-01,behavior,6,unknown,idle,0.917,1,0
2026-06-23T07:19:02.536578+00:00,cam-01,behavior,6,unknown,idle,0.916,1,0
2026-06-23T07:19:02.564887+00:00,cam-01,behavior,6,unknown,idle,0.916,1,0
2026-06-23T07:19:02.598987+00:00,cam-01,behavior,6,unknown,idle,0.921,1,0
2026-06-23T07:19:02.633826+00:00,cam-01,behavior,6,unknown,idle,0.921,1,0
2026-06-23T07:19:02.662671+00:00,cam-01,behavior,6,unknown,idle,0.917,1,0
2026-06-23T07:19:02.696908+00:00,cam-01,behavior,6,unknown,idle,0.917,1,0
2026-06-23T07:19:02.731252+00:00,cam-01,behavior,6,unknown,idle,0.921,1,0
2026-06-23T07:19:02.772021+00:00,cam-01,behavior,6,unknown,idle,0.921,1,0
2026-06-23T07:19:02.807072+00:00,cam-01,behavior,6,unknown,idle,0.881,1,0
2026-06-23T07:19:02.841931+00:00,cam-01,behavior,6,unknown,idle,0.881,1,0
2026-06-23T07:19:02.883105+00:00,cam-01,behavior,6,unknown,working,0.876,1,0
2026-06-23T07:19:02.916639+00:00,cam-01,behavior,6,unknown,working,0.876,1,0
2026-06-23T07:19:02.953396+00:00,cam-01,behavior,6,unknown,working,0.917,1,0
2026-06-23T07:19:02.977811+00:00,cam-01,behavior,6,unknown,working,0.917,1,0
2026-06-23T07:19:03.003079+00:00,cam-01,behavior,6,unknown,working,0.922,1,0
2026-06-23T07:19:03.029429+00:00,cam-01,behavior,6,unknown,working,0.922,1,0
2026-06-23T07:19:03.064474+00:00,cam-01,behavior,6,unknown,working,0.895,1,0
2026-06-23T07:19:03.092493+00:00,cam-01,behavior,6,unknown,working,0.895,1,0
2026-06-23T07:19:03.135209+00:00,cam-01,behavior,6,unknown,working,0.859,1,0
2026-06-23T07:19:03.457492+00:00,cam-01,behavior,6,unknown,working,0.859,1,0
2026-06-23T07:19:03.490539+00:00,cam-01,behavior,6,unknown,working,0.896,1,0
2026-06-23T07:19:03.515040+00:00,cam-01,behavior,6,unknown,working,0.9,1,0
2026-06-23T07:19:03.535933+00:00,cam-01,behavior,6,unknown,working,0.936,1,0
2026-06-23T07:19:03.612340+00:00,cam-01,behavior,6,unknown,working,0.92,1,0
2026-06-23T07:19:03.636542+00:00,cam-01,behavior,6,unknown,working,0.92,1,0
2026-06-23T07:19:03.674701+00:00,cam-01,behavior,6,unknown,working,0.938,1,0
2026-06-23T07:19:03.697783+00:00,cam-01,behavior,6,unknown,working,0.938,1,0
2026-06-23T07:19:03.737289+00:00,cam-01,behavior,6,unknown,working,0.92,1,0
2026-06-23T07:19:03.761835+00:00,cam-01,behavior,6,unknown,working,0.92,1,0
2026-06-23T07:19:03.792900+00:00,cam-01,behavior,6,unknown,working,0.902,1,0
2026-06-23T07:19:03.834461+00:00,cam-01,behavior,6,unknown,working,0.902,1,0
2026-06-23T07:19:03.862257+00:00,cam-01,behavior,6,unknown,working,0.913,1,0
2026-06-23T07:19:03.892851+00:00,cam-01,behavior,6,unknown,working,0.913,1,0
2026-06-23T07:19:03.928718+00:00,cam-01,behavior,6,unknown,working,0.906,1,0
2026-06-23T07:19:03.946166+00:00,cam-01,behavior,6,unknown,working,0.906,1,0
2026-06-23T07:19:04.010359+00:00,cam-01,behavior,6,unknown,working,0.916,1,0
2026-06-23T07:19:04.042738+00:00,cam-01,behavior,6,unknown,working,0.916,1,0
2026-06-23T07:19:04.077659+00:00,cam-01,behavior,6,unknown,working,0.937,1,0
2026-06-23T07:19:04.109302+00:00,cam-01,behavior,6,unknown,working,0.937,1,0
2026-06-23T07:19:04.140186+00:00,cam-01,behavior,6,unknown,working,0.937,1,0
2026-06-23T07:19:04.172007+00:00,cam-01,behavior,6,unknown,working,0.937,1,0
2026-06-23T07:19:04.210250+00:00,cam-01,behavior,6,unknown,working,0.928,1,0
2026-06-23T07:19:04.241874+00:00,cam-01,behavior,6,unknown,idle,0.928,1,0
2026-06-23T07:19:04.276153+00:00,cam-01,behavior,6,unknown,idle,0.936,1,0
2026-06-23T07:19:04.314462+00:00,cam-01,behavior,6,unknown,idle,0.936,1,0
2026-06-23T07:19:04.342884+00:00,cam-01,behavior,6,unknown,idle,0.93,1,0
2026-06-23T07:19:04.376355+00:00,cam-01,behavior,6,unknown,idle,0.93,1,0
2026-06-23T07:19:04.406682+00:00,cam-01,behavior,6,unknown,idle,0.93,1,0
2026-06-23T07:19:04.439776+00:00,cam-01,behavior,6,unknown,idle,0.913,1,0
2026-06-23T07:19:04.744000+00:00,cam-01,behavior,6,unknown,idle,0.915,1,0
2026-06-23T07:19:04.770416+00:00,cam-01,behavior,6,unknown,idle,0.83,1,0
2026-06-23T07:19:04.799690+00:00,cam-01,behavior,6,unknown,working,0.797,1,0
2026-06-23T07:19:04.856047+00:00,cam-01,behavior,6,unknown,working,0.848,1,0
2026-06-23T07:19:04.890126+00:00,cam-01,behavior,6,unknown,working,0.848,1,0
2026-06-23T07:19:04.925248+00:00,cam-01,behavior,6,unknown,working,0.911,1,0
2026-06-23T07:19:04.967532+00:00,cam-01,behavior,6,unknown,working,0.911,1,0
2026-06-23T07:19:04.987764+00:00,cam-01,behavior,6,unknown,working,0.909,1,0
2026-06-23T07:19:05.017200+00:00,cam-01,behavior,6,unknown,working,0.909,1,0
2026-06-23T07:19:05.050219+00:00,cam-01,behavior,6,unknown,working,0.925,1,0
2026-06-23T07:19:05.078009+00:00,cam-01,behavior,6,unknown,working,0.925,1,0
2026-06-23T07:19:05.136488+00:00,cam-01,behavior,6,unknown,working,0.901,1,0
2026-06-23T07:19:05.172220+00:00,cam-01,behavior,6,unknown,working,0.901,1,0
2026-06-23T07:19:05.204749+00:00,cam-01,behavior,6,unknown,working,0.901,1,0
2026-06-23T07:19:05.248371+00:00,cam-01,behavior,6,unknown,idle,0.903,1,0
2026-06-23T07:19:05.276078+00:00,cam-01,behavior,6,unknown,idle,0.901,1,0
2026-06-23T07:19:05.307754+00:00,cam-01,behavior,6,unknown,idle,0.901,1,0
2026-06-23T07:19:05.335294+00:00,cam-01,behavior,6,unknown,idle,0.908,1,0
2026-06-23T07:19:05.369610+00:00,cam-01,behavior,6,unknown,idle,0.908,1,0
2026-06-23T07:19:05.394160+00:00,cam-01,behavior,6,unknown,idle,0.875,1,0
2026-06-23T07:19:05.418893+00:00,cam-01,behavior,6,unknown,idle,0.875,1,0
2026-06-23T07:19:05.452961+00:00,cam-01,behavior,6,unknown,idle,0.926,1,0
2026-06-23T07:19:05.474082+00:00,cam-01,behavior,6,unknown,idle,0.926,1,0
2026-06-23T07:19:05.535763+00:00,cam-01,behavior,6,unknown,idle,0.915,1,0
2026-06-23T07:19:05.557394+00:00,cam-01,behavior,6,unknown,idle,0.915,1,0
2026-06-23T07:19:05.591865+00:00,cam-01,behavior,6,unknown,idle,0.889,1,0
2026-06-23T07:19:05.626606+00:00,cam-01,behavior,6,unknown,idle,0.889,1,0
2026-06-23T07:19:05.661349+00:00,cam-01,behavior,6,unknown,idle,0.925,1,0
2026-06-23T07:19:05.682541+00:00,cam-01,behavior,6,unknown,idle,0.925,1,0
2026-06-23T07:19:05.723805+00:00,cam-01,behavior,6,unknown,idle,0.708,1,0
2026-06-23T07:19:06.012644+00:00,cam-01,behavior,6,unknown,idle,0.708,1,0
2026-06-23T07:19:06.035822+00:00,cam-01,behavior,6,unknown,idle,0.755,1,0
2026-06-23T07:19:06.063618+00:00,cam-01,behavior,6,unknown,working,0.781,1,0
2026-06-23T07:19:06.085676+00:00,cam-01,behavior,6,unknown,working,0.706,1,0
2026-06-23T07:19:06.112297+00:00,cam-01,behavior,6,unknown,working,0.706,1,0
2026-06-23T07:19:06.142346+00:00,cam-01,behavior,6,unknown,working,0.666,1,0
2026-06-23T07:19:06.177205+00:00,cam-01,behavior,6,unknown,working,0.666,1,0
2026-06-23T07:19:06.210786+00:00,cam-01,behavior,6,unknown,working,0.741,1,0
2026-06-23T07:19:06.244688+00:00,cam-01,behavior,6,unknown,working,0.741,1,0
2026-06-23T07:19:06.269081+00:00,cam-01,behavior,6,unknown,working,0.78,1,0
2026-06-23T07:19:06.314180+00:00,cam-01,behavior,6,unknown,working,0.78,1,0
2026-06-23T07:19:06.348154+00:00,cam-01,behavior,6,unknown,working,0.78,1,0
2026-06-23T07:19:06.374647+00:00,cam-01,behavior,6,unknown,working,0.804,1,0
2026-06-23T07:19:06.417858+00:00,cam-01,behavior,6,unknown,working,0.804,1,0
2026-06-23T07:19:06.453015+00:00,cam-01,behavior,6,unknown,working,0.877,1,0
2026-06-23T07:19:06.480954+00:00,cam-01,behavior,6,unknown,working,0.903,1,0
2026-06-23T07:19:06.507921+00:00,cam-01,behavior,6,unknown,working,0.903,1,0
2026-06-23T07:19:06.529756+00:00,cam-01,behavior,6,unknown,working,0.888,1,0
2026-06-23T07:19:06.561829+00:00,cam-01,behavior,6,unknown,working,0.888,1,0
2026-06-23T07:19:06.584813+00:00,cam-01,behavior,6,unknown,working,0.869,1,0
2026-06-23T07:19:06.619476+00:00,cam-01,behavior,6,unknown,working,0.869,1,0
2026-06-23T07:19:06.668166+00:00,cam-01,behavior,6,unknown,working,0.851,1,0
2026-06-23T07:19:06.698830+00:00,cam-01,behavior,6,unknown,working,0.851,1,0
2026-06-23T07:19:06.731003+00:00,cam-01,behavior,6,unknown,idle,0.851,1,0
2026-06-23T07:19:06.772606+00:00,cam-01,behavior,6,unknown,idle,0.786,1,0
2026-06-23T07:19:06.793878+00:00,cam-01,behavior,6,unknown,working,0.786,1,0
2026-06-23T07:19:06.826380+00:00,cam-01,behavior,6,unknown,working,0.706,1,0
2026-06-23T07:19:06.862552+00:00,cam-01,behavior,6,unknown,working,0.808,1,0
2026-06-23T07:19:06.883918+00:00,cam-01,behavior,6,unknown,working,0.808,1,0
2026-06-23T07:19:06.926257+00:00,cam-01,behavior,6,unknown,working,0.849,1,0
2026-06-23T07:19:07.202216+00:00,cam-01,behavior,6,unknown,working,0.849,1,0
2026-06-23T07:19:07.235251+00:00,cam-01,behavior,6,unknown,working,0.876,1,0
2026-06-23T07:19:07.269361+00:00,cam-01,behavior,6,unknown,working,0.917,1,0
2026-06-23T07:19:07.309990+00:00,cam-01,behavior,6,unknown,working,0.867,1,0
2026-06-23T07:19:07.335191+00:00,cam-01,behavior,6,unknown,working,0.867,1,0
2026-06-23T07:19:07.360902+00:00,cam-01,behavior,6,unknown,working,0.782,1,0
2026-06-23T07:19:07.397405+00:00,cam-01,behavior,6,unknown,working,0.782,1,0
2026-06-23T07:19:07.425231+00:00,cam-01,behavior,6,unknown,idle,0.816,1,0
2026-06-23T07:19:07.452764+00:00,cam-01,behavior,6,unknown,idle,0.816,1,0
2026-06-23T07:19:07.487482+00:00,cam-01,behavior,6,unknown,idle,0.706,1,0
2026-06-23T07:19:07.515397+00:00,cam-01,behavior,6,unknown,idle,0.706,1,0
2026-06-23T07:19:07.543081+00:00,cam-01,behavior,6,unknown,idle,0.706,1,0
2026-06-23T07:19:07.564351+00:00,cam-01,behavior,6,unknown,idle,0.608,1,0
2026-06-23T07:19:07.592048+00:00,cam-01,behavior,6,unknown,idle,0.608,1,0
2026-06-23T07:19:07.628446+00:00,cam-01,behavior,6,unknown,idle,0.818,1,0
2026-06-23T07:19:07.662189+00:00,cam-01,behavior,6,unknown,idle,0.84,1,0
2026-06-23T07:19:07.692494+00:00,cam-01,behavior,6,unknown,idle,0.84,1,0
2026-06-23T07:19:07.723871+00:00,cam-01,behavior,6,unknown,idle,0.755,1,0
2026-06-23T07:19:07.765564+00:00,cam-01,behavior,6,unknown,idle,0.755,1,0
2026-06-23T07:19:07.786392+00:00,cam-01,behavior,6,unknown,idle,0.63,1,0
2026-06-23T07:19:07.814134+00:00,cam-01,behavior,6,unknown,idle,0.63,1,0
2026-06-23T07:19:07.869470+00:00,cam-01,behavior,6,unknown,idle,0.356,1,0
2026-06-23T07:19:07.897379+00:00,cam-01,behavior,6,unknown,idle,0.356,1,0
2026-06-23T07:19:07.920781+00:00,cam-01,behavior,6,unknown,idle,0.356,1,0
2026-06-23T07:19:08.383328+00:00,cam-01,behavior,6,unknown,idle,0.36,1,0
2026-06-23T07:19:08.411304+00:00,cam-01,behavior,6,unknown,idle,0.36,1,0
2026-06-23T07:19:08.466822+00:00,cam-01,behavior,6,unknown,idle,0.425,1,0
2026-06-23T07:19:08.494503+00:00,cam-01,behavior,6,unknown,idle,0.425,1,0
2026-06-23T07:19:08.621480+00:00,cam-01,behavior,6,unknown,working,0.38,1,0
2026-06-23T07:19:08.647537+00:00,cam-01,behavior,6,unknown,working,0.38,1,0
2026-06-23T07:19:08.675127+00:00,cam-01,behavior,6,unknown,working,0.38,1,0
2026-06-23T07:19:08.966847+00:00,cam-01,behavior,7,unknown,working,0.593,1,0
2026-06-23T07:19:09.022394+00:00,cam-01,behavior,7,unknown,working,0.674,1,0
2026-06-23T07:19:09.050243+00:00,cam-01,behavior,7,unknown,working,0.674,1,0
2026-06-23T07:19:09.077796+00:00,cam-01,behavior,7,unknown,idle,0.674,1,0
2026-06-23T07:19:09.172522+00:00,cam-01,behavior,7,unknown,working,0.726,1,0
2026-06-23T07:19:09.202681+00:00,cam-01,behavior,7,unknown,working,0.726,1,0
2026-06-23T07:19:09.239990+00:00,cam-01,behavior,7,unknown,working,0.82,1,0
2026-06-23T07:19:09.542934+00:00,cam-01,behavior,7,unknown,working,0.771,1,0
2026-06-23T07:19:09.571819+00:00,cam-01,behavior,7,unknown,working,0.901,1,0
2026-06-23T07:19:09.600266+00:00,cam-01,behavior,7,unknown,working,0.914,1,0
2026-06-23T07:19:09.661122+00:00,cam-01,behavior,7,unknown,working,0.912,1,0
2026-06-23T07:19:09.688456+00:00,cam-01,behavior,7,unknown,working,0.912,1,0
2026-06-23T07:19:09.724360+00:00,cam-01,behavior,7,unknown,working,0.913,1,0
2026-06-23T07:19:09.752124+00:00,cam-01,behavior,7,unknown,working,0.913,1,0
2026-06-23T07:19:09.807103+00:00,cam-01,behavior,7,unknown,working,0.913,1,0
2026-06-23T07:19:09.834848+00:00,cam-01,behavior,7,unknown,working,0.913,1,0
2026-06-23T07:19:09.862045+00:00,cam-01,behavior,7,unknown,working,0.913,1,0
2026-06-23T07:19:09.883698+00:00,cam-01,behavior,7,unknown,working,0.891,1,0
2026-06-23T07:19:09.911411+00:00,cam-01,behavior,7,unknown,working,0.891,1,0
2026-06-23T07:19:09.945853+00:00,cam-01,behavior,7,unknown,idle,0.882,1,0
2026-06-23T07:19:09.971926+00:00,cam-01,behavior,7,unknown,idle,0.882,1,0
2026-06-23T07:19:09.994704+00:00,cam-01,behavior,7,unknown,idle,0.889,1,0
2026-06-23T07:19:10.057246+00:00,cam-01,behavior,7,unknown,idle,0.898,1,0
2026-06-23T07:19:10.085320+00:00,cam-01,behavior,7,unknown,idle,0.898,1,0
2026-06-23T07:19:10.140706+00:00,cam-01,behavior,7,unknown,idle,0.899,1,0
2026-06-23T07:19:10.180215+00:00,cam-01,behavior,7,unknown,idle,0.899,1,0
2026-06-23T07:19:10.213342+00:00,cam-01,behavior,7,unknown,idle,0.913,1,0
2026-06-23T07:19:10.253639+00:00,cam-01,behavior,7,unknown,idle,0.913,1,0
2026-06-23T07:19:10.277016+00:00,cam-01,behavior,7,unknown,idle,0.913,1,0
2026-06-23T07:19:10.321858+00:00,cam-01,behavior,7,unknown,idle,0.909,1,0
2026-06-23T07:19:10.348691+00:00,cam-01,behavior,7,unknown,idle,0.909,1,0
2026-06-23T07:19:10.372453+00:00,cam-01,behavior,7,unknown,idle,0.898,1,0
2026-06-23T07:19:10.398904+00:00,cam-01,behavior,7,unknown,idle,0.898,1,0
2026-06-23T07:19:10.425156+00:00,cam-01,behavior,7,unknown,idle,0.898,1,0
2026-06-23T07:19:10.459441+00:00,cam-01,behavior,7,unknown,idle,0.902,1,0
2026-06-23T07:19:10.487394+00:00,cam-01,behavior,7,unknown,idle,0.902,1,0
2026-06-23T07:19:10.536183+00:00,cam-01,behavior,7,unknown,idle,0.897,1,0
2026-06-23T07:19:10.843931+00:00,cam-01,behavior,7,unknown,idle,0.897,1,0
2026-06-23T07:19:10.869240+00:00,cam-01,behavior,7,unknown,idle,0.9,1,0
2026-06-23T07:19:10.907791+00:00,cam-01,behavior,7,unknown,idle,0.894,1,0
2026-06-23T07:19:10.932021+00:00,cam-01,behavior,7,unknown,idle,0.878,1,0
2026-06-23T07:19:10.968457+00:00,cam-01,behavior,7,unknown,idle,0.863,1,0
2026-06-23T07:19:11.014764+00:00,cam-01,behavior,7,unknown,idle,0.886,1,0
2026-06-23T07:19:11.044084+00:00,cam-01,behavior,7,unknown,idle,0.886,1,0
2026-06-23T07:19:11.077796+00:00,cam-01,behavior,7,unknown,idle,0.886,1,0
2026-06-23T07:19:11.098848+00:00,cam-01,behavior,7,unknown,idle,0.886,1,0
2026-06-23T07:19:11.135052+00:00,cam-01,behavior,7,unknown,idle,0.92,1,0
2026-06-23T07:19:11.182221+00:00,cam-01,behavior,7,unknown,idle,0.92,1,0
2026-06-23T07:19:11.204516+00:00,cam-01,behavior,7,unknown,idle,0.921,1,0
2026-06-23T07:19:11.272876+00:00,cam-01,behavior,7,unknown,idle,0.922,1,0
2026-06-23T07:19:11.307613+00:00,cam-01,behavior,7,unknown,idle,0.922,1,0
2026-06-23T07:19:11.348605+00:00,cam-01,behavior,7,unknown,idle,0.911,1,0
2026-06-23T07:19:11.383402+00:00,cam-01,behavior,7,unknown,idle,0.911,1,0
2026-06-23T07:19:11.404584+00:00,cam-01,behavior,7,unknown,idle,0.911,1,0
2026-06-23T07:19:11.431816+00:00,cam-01,behavior,7,unknown,idle,0.905,1,0
2026-06-23T07:19:11.466870+00:00,cam-01,behavior,7,unknown,idle,0.905,1,0
2026-06-23T07:19:11.493902+00:00,cam-01,behavior,7,unknown,idle,0.918,1,0
2026-06-23T07:19:11.516015+00:00,cam-01,behavior,7,unknown,idle,0.918,1,0
2026-06-23T07:19:11.545173+00:00,cam-01,behavior,7,unknown,idle,0.886,1,0
2026-06-23T07:19:11.577780+00:00,cam-01,behavior,7,unknown,idle,0.886,1,0
2026-06-23T07:19:11.611932+00:00,cam-01,behavior,7,unknown,idle,0.879,1,0
2026-06-23T07:19:11.677737+00:00,cam-01,behavior,7,unknown,idle,0.89,1,0
2026-06-23T07:19:11.709595+00:00,cam-01,behavior,7,unknown,idle,0.89,1,0
2026-06-23T07:19:11.751192+00:00,cam-01,behavior,7,unknown,idle,0.91,1,0
2026-06-23T07:19:11.779785+00:00,cam-01,behavior,7,unknown,idle,0.91,1,0
2026-06-23T07:19:11.800336+00:00,cam-01,behavior,7,unknown,idle,0.91,1,0
2026-06-23T07:19:11.829674+00:00,cam-01,behavior,7,unknown,idle,0.89,1,0
2026-06-23T07:19:12.145925+00:00,cam-01,behavior,7,unknown,idle,0.89,1,0
2026-06-23T07:19:12.174617+00:00,cam-01,behavior,7,unknown,idle,0.909,1,0
2026-06-23T07:19:12.209135+00:00,cam-01,behavior,7,unknown,idle,0.931,1,0
2026-06-23T07:19:12.241781+00:00,cam-01,behavior,7,unknown,idle,0.938,1,0
2026-06-23T07:19:12.280293+00:00,cam-01,behavior,7,unknown,idle,0.932,1,0
2026-06-23T07:19:12.313756+00:00,cam-01,behavior,7,unknown,idle,0.932,1,0
2026-06-23T07:19:12.348936+00:00,cam-01,behavior,7,unknown,idle,0.934,1,0
2026-06-23T07:19:12.374771+00:00,cam-01,behavior,7,unknown,idle,0.934,1,0
2026-06-23T07:19:12.404233+00:00,cam-01,behavior,7,unknown,idle,0.924,1,0
2026-06-23T07:19:12.487499+00:00,cam-01,behavior,7,unknown,idle,0.926,1,0
2026-06-23T07:19:12.529286+00:00,cam-01,behavior,7,unknown,idle,0.926,1,0
2026-06-23T07:19:12.550388+00:00,cam-01,behavior,7,unknown,idle,0.926,1,0
2026-06-23T07:19:12.591701+00:00,cam-01,behavior,7,unknown,idle,0.93,1,0
2026-06-23T07:19:12.626220+00:00,cam-01,behavior,7,unknown,idle,0.93,1,0
2026-06-23T07:19:12.652672+00:00,cam-01,behavior,7,unknown,idle,0.926,1,0
2026-06-23T07:19:12.689104+00:00,cam-01,behavior,7,unknown,idle,0.926,1,0
2026-06-23T07:19:12.723494+00:00,cam-01,behavior,7,unknown,idle,0.937,1,0
2026-06-23T07:19:12.748198+00:00,cam-01,behavior,7,unknown,idle,0.937,1,0
2026-06-23T07:19:12.772094+00:00,cam-01,behavior,7,unknown,idle,0.934,1,0
2026-06-23T07:19:12.801396+00:00,cam-01,behavior,7,unknown,idle,0.934,1,0
2026-06-23T07:19:12.827631+00:00,cam-01,behavior,7,unknown,idle,0.925,1,0
2026-06-23T07:19:12.883268+00:00,cam-01,behavior,7,unknown,idle,0.927,1,0
2026-06-23T07:19:12.913573+00:00,cam-01,behavior,7,unknown,idle,0.927,1,0
2026-06-23T07:19:12.939041+00:00,cam-01,behavior,7,unknown,idle,0.927,1,0
2026-06-23T07:19:12.973743+00:00,cam-01,behavior,7,unknown,idle,0.916,1,0
2026-06-23T07:19:12.994723+00:00,cam-01,behavior,7,unknown,idle,0.916,1,0
2026-06-23T07:19:13.024423+00:00,cam-01,behavior,7,unknown,idle,0.919,1,0
2026-06-23T07:19:13.050036+00:00,cam-01,behavior,7,unknown,idle,0.919,1,0
2026-06-23T07:19:13.077673+00:00,cam-01,behavior,7,unknown,idle,0.916,1,0
2026-06-23T07:19:13.108239+00:00,cam-01,behavior,7,unknown,idle,0.916,1,0
2026-06-23T07:19:13.415201+00:00,cam-01,behavior,7,Diksha,idle,0.909,1,0
2026-06-23T07:19:13.445260+00:00,cam-01,behavior,7,Diksha,idle,0.92,1,0
2026-06-23T07:19:13.466318+00:00,cam-01,behavior,7,Diksha,working,0.889,1,0
2026-06-23T07:19:13.494163+00:00,cam-01,behavior,7,Diksha,working,0.889,1,0
2026-06-23T07:19:13.528771+00:00,cam-01,behavior,7,Diksha,working,0.891,1,0
2026-06-23T07:19:13.553691+00:00,cam-01,behavior,7,Diksha,working,0.891,1,0
2026-06-23T07:19:13.577208+00:00,cam-01,behavior,7,Diksha,working,0.903,1,0
2026-06-23T07:19:13.611978+00:00,cam-01,behavior,7,Diksha,working,0.903,1,0
2026-06-23T07:19:13.632882+00:00,cam-01,behavior,7,Diksha,working,0.889,1,0
2026-06-23T07:19:13.683001+00:00,cam-01,behavior,7,Diksha,working,0.904,1,0
2026-06-23T07:19:13.714117+00:00,cam-01,behavior,7,Diksha,working,0.904,1,0
2026-06-23T07:19:13.743856+00:00,cam-01,behavior,7,Diksha,working,0.904,1,0
2026-06-23T07:19:13.777573+00:00,cam-01,behavior,7,Diksha,idle,0.907,1,0
2026-06-23T07:19:13.806395+00:00,cam-01,behavior,7,Diksha,idle,0.907,1,0
2026-06-23T07:19:13.832973+00:00,cam-01,behavior,7,Diksha,idle,0.902,1,0
2026-06-23T07:19:13.855146+00:00,cam-01,behavior,7,Diksha,idle,0.902,1,0
2026-06-23T07:19:13.882935+00:00,cam-01,behavior,7,Diksha,idle,0.898,1,0
2026-06-23T07:19:13.917325+00:00,cam-01,behavior,7,Diksha,idle,0.898,1,0
2026-06-23T07:19:13.938559+00:00,cam-01,behavior,7,Diksha,idle,0.893,1,0
2026-06-23T07:19:14.009278+00:00,cam-01,behavior,7,Diksha,idle,0.9,1,0
2026-06-23T07:19:14.035507+00:00,cam-01,behavior,7,Diksha,idle,0.9,1,0
2026-06-23T07:19:14.093722+00:00,cam-01,behavior,7,Diksha,idle,0.897,1,0
2026-06-23T07:19:14.115878+00:00,cam-01,behavior,7,Diksha,idle,0.897,1,0
2026-06-23T07:19:14.145909+00:00,cam-01,behavior,7,Diksha,idle,0.897,1,0
2026-06-23T07:19:14.179770+00:00,cam-01,behavior,7,Diksha,idle,0.9,1,0
2026-06-23T07:19:14.215718+00:00,cam-01,behavior,7,Diksha,idle,0.9,1,0
2026-06-23T07:19:14.247392+00:00,cam-01,behavior,7,Diksha,idle,0.903,1,0
2026-06-23T07:19:14.281444+00:00,cam-01,behavior,7,Diksha,idle,0.903,1,0
2026-06-23T07:19:14.314196+00:00,cam-01,behavior,7,Diksha,idle,0.907,1,0
2026-06-23T07:19:14.350379+00:00,cam-01,behavior,7,Diksha,idle,0.907,1,0
2026-06-23T07:19:14.650467+00:00,cam-01,behavior,7,Diksha,idle,0.91,1,0
2026-06-23T07:19:14.688422+00:00,cam-01,behavior,7,Diksha,idle,0.907,1,0
2026-06-23T07:19:14.716066+00:00,cam-01,behavior,7,Diksha,idle,0.907,1,0
2026-06-23T07:19:14.743808+00:00,cam-01,behavior,7,Diksha,idle,0.907,1,0
2026-06-23T07:19:14.769419+00:00,cam-01,behavior,7,Diksha,idle,0.908,1,0
2026-06-23T07:19:14.834089+00:00,cam-01,behavior,7,Diksha,idle,0.897,1,0
2026-06-23T07:19:14.868908+00:00,cam-01,behavior,7,Diksha,idle,0.897,1,0
2026-06-23T07:19:14.896626+00:00,cam-01,behavior,7,Diksha,idle,0.899,1,0
2026-06-23T07:19:14.931296+00:00,cam-01,behavior,7,Diksha,idle,0.899,1,0
2026-06-23T07:19:14.959115+00:00,cam-01,behavior,7,Diksha,idle,0.9,1,0
2026-06-23T07:19:14.994684+00:00,cam-01,behavior,7,Diksha,idle,0.9,1,0
2026-06-23T07:19:15.029458+00:00,cam-01,behavior,7,Diksha,idle,0.896,1,0
2026-06-23T07:19:15.056305+00:00,cam-01,behavior,7,Diksha,idle,0.896,1,0
2026-06-23T07:19:15.084069+00:00,cam-01,behavior,7,Diksha,idle,0.898,1,0
2026-06-23T07:19:15.112134+00:00,cam-01,behavior,7,Diksha,idle,0.898,1,0
2026-06-23T07:19:15.147399+00:00,cam-01,behavior,7,Diksha,idle,0.894,1,0
2026-06-23T07:19:15.228407+00:00,cam-01,behavior,7,Diksha,idle,0.892,1,0
2026-06-23T07:19:15.271833+00:00,cam-01,behavior,7,Diksha,idle,0.892,1,0
2026-06-23T07:19:15.300191+00:00,cam-01,behavior,7,Diksha,idle,0.892,1,0
2026-06-23T07:19:15.342442+00:00,cam-01,behavior,7,Diksha,idle,0.887,1,0
2026-06-23T07:19:15.383432+00:00,cam-01,behavior,7,Diksha,idle,0.887,1,0
2026-06-23T07:19:15.414851+00:00,cam-01,behavior,7,Diksha,idle,0.87,1,0
2026-06-23T07:19:15.446458+00:00,cam-01,behavior,7,Diksha,idle,0.87,1,0
2026-06-23T07:19:15.473538+00:00,cam-01,behavior,7,Diksha,idle,0.87,1,0
2026-06-23T07:19:15.494464+00:00,cam-01,behavior,7,Diksha,working,0.87,1,0
2026-06-23T07:19:15.528518+00:00,cam-01,behavior,7,Diksha,working,0.859,1,0
2026-06-23T07:19:15.550150+00:00,cam-01,behavior,7,Diksha,working,0.859,1,0
2026-06-23T07:19:15.591615+00:00,cam-01,behavior,7,Diksha,working,0.86,1,0
2026-06-23T07:19:15.626847+00:00,cam-01,behavior,7,Diksha,working,0.86,1,0
2026-06-23T07:19:15.652339+00:00,cam-01,behavior,7,Diksha,working,0.886,1,0
2026-06-23T07:19:15.954637+00:00,cam-01,behavior,7,Diksha,working,0.886,1,0
2026-06-23T07:19:15.979114+00:00,cam-01,behavior,7,Diksha,working,0.881,1,0
2026-06-23T07:19:16.007749+00:00,cam-01,behavior,7,Diksha,working,0.903,1,0
2026-06-23T07:19:16.031247+00:00,cam-01,behavior,7,Diksha,working,0.903,1,0
2026-06-23T07:19:16.057257+00:00,cam-01,behavior,7,Diksha,idle,0.674,1,0
2026-06-23T07:19:16.084823+00:00,cam-01,behavior,7,Diksha,idle,0.891,1,0
2026-06-23T07:19:16.116086+00:00,cam-01,behavior,7,Diksha,idle,0.891,1,0
2026-06-23T07:19:16.151495+00:00,cam-01,behavior,7,Diksha,idle,0.884,1,0
2026-06-23T07:19:16.181936+00:00,cam-01,behavior,7,Diksha,idle,0.884,1,0
2026-06-23T07:19:16.217690+00:00,cam-01,behavior,7,Diksha,idle,0.864,1,0
2026-06-23T07:19:16.250741+00:00,cam-01,behavior,7,Diksha,idle,0.864,1,0
2026-06-23T07:19:16.284289+00:00,cam-01,behavior,7,Diksha,idle,0.91,1,0
2026-06-23T07:19:16.363879+00:00,cam-01,behavior,7,Diksha,idle,0.917,1,0
2026-06-23T07:19:16.390137+00:00,cam-01,behavior,7,Diksha,idle,0.917,1,0
2026-06-23T07:19:16.428818+00:00,cam-01,behavior,7,Diksha,idle,0.932,1,0
2026-06-23T07:19:16.459557+00:00,cam-01,behavior,7,Diksha,idle,0.932,1,0
2026-06-23T07:19:16.487394+00:00,cam-01,behavior,7,Diksha,idle,0.928,1,0
2026-06-23T07:19:16.517411+00:00,cam-01,behavior,7,Diksha,idle,0.928,1,0
2026-06-23T07:19:16.550499+00:00,cam-01,behavior,7,Diksha,idle,0.925,1,0
2026-06-23T07:19:16.591690+00:00,cam-01,behavior,7,Diksha,idle,0.925,1,0
2026-06-23T07:19:16.628925+00:00,cam-01,behavior,7,Diksha,idle,0.928,1,0
2026-06-23T07:19:16.654067+00:00,cam-01,behavior,7,Diksha,idle,0.928,1,0
2026-06-23T07:19:16.688792+00:00,cam-01,behavior,7,Diksha,idle,0.927,1,0
2026-06-23T07:19:16.716507+00:00,cam-01,behavior,7,Diksha,idle,0.927,1,0
2026-06-23T07:19:16.758079+00:00,cam-01,behavior,7,Diksha,idle,0.925,1,0
2026-06-23T07:19:16.792303+00:00,cam-01,behavior,7,Diksha,idle,0.925,1,0
2026-06-23T07:19:16.827655+00:00,cam-01,behavior,7,Diksha,idle,0.924,1,0
2026-06-23T07:19:16.852209+00:00,cam-01,behavior,7,Diksha,idle,0.924,1,0
2026-06-23T07:19:16.889861+00:00,cam-01,behavior,7,Diksha,idle,0.895,1,0
2026-06-23T07:19:16.924961+00:00,cam-01,behavior,7,Diksha,idle,0.895,1,0
2026-06-23T07:19:17.215456+00:00,cam-01,behavior,7,Diksha,idle,0.899,1,0
2026-06-23T07:19:17.252201+00:00,cam-01,behavior,7,Diksha,idle,0.917,1,0
2026-06-23T07:19:17.285606+00:00,cam-01,behavior,7,Diksha,idle,0.93,1,0
2026-06-23T07:19:17.327445+00:00,cam-01,behavior,7,Diksha,idle,0.93,1,0
2026-06-23T07:19:17.357706+00:00,cam-01,behavior,7,Diksha,idle,0.922,1,0
2026-06-23T07:19:17.397301+00:00,cam-01,behavior,7,Diksha,idle,0.922,1,0
2026-06-23T07:19:17.431873+00:00,cam-01,behavior,7,Diksha,idle,0.927,1,0
2026-06-23T07:19:17.487005+00:00,cam-01,behavior,7,Diksha,idle,0.927,1,0
2026-06-23T07:19:17.529583+00:00,cam-01,behavior,7,Diksha,idle,0.927,1,0
2026-06-23T07:19:17.563040+00:00,cam-01,behavior,7,Diksha,idle,0.924,1,0
2026-06-23T07:19:17.587832+00:00,cam-01,behavior,7,Diksha,idle,0.924,1,0
2026-06-23T07:19:17.626102+00:00,cam-01,behavior,7,Diksha,idle,0.922,1,0
2026-06-23T07:19:17.655449+00:00,cam-01,behavior,7,Diksha,idle,0.922,1,0
2026-06-23T07:19:17.688562+00:00,cam-01,behavior,7,Diksha,idle,0.922,1,0
2026-06-23T07:19:17.713638+00:00,cam-01,behavior,7,Diksha,idle,0.922,1,0
2026-06-23T07:19:17.751296+00:00,cam-01,behavior,7,Diksha,idle,0.918,1,0
2026-06-23T07:19:17.779940+00:00,cam-01,behavior,7,Diksha,idle,0.918,1,0
2026-06-23T07:19:17.813701+00:00,cam-01,behavior,7,Diksha,idle,0.92,1,0
2026-06-23T07:19:17.848426+00:00,cam-01,behavior,7,Diksha,idle,0.92,1,0
2026-06-23T07:19:17.889972+00:00,cam-01,behavior,7,Diksha,idle,0.916,1,0
2026-06-23T07:19:17.925071+00:00,cam-01,behavior,7,Diksha,idle,0.916,1,0
2026-06-23T07:19:17.959078+00:00,cam-01,behavior,7,Diksha,idle,0.918,1,0
2026-06-23T07:19:17.995146+00:00,cam-01,behavior,7,Diksha,idle,0.918,1,0
2026-06-23T07:19:18.022220+00:00,cam-01,behavior,7,Diksha,idle,0.92,1,0
2026-06-23T07:19:18.056387+00:00,cam-01,behavior,7,Diksha,idle,0.92,1,0
2026-06-23T07:19:18.098104+00:00,cam-01,behavior,7,Diksha,idle,0.916,1,0
2026-06-23T07:19:18.130044+00:00,cam-01,behavior,7,Diksha,idle,0.916,1,0
2026-06-23T07:19:18.157679+00:00,cam-01,behavior,7,Diksha,idle,0.918,1,0
2026-06-23T07:19:18.196795+00:00,cam-01,behavior,7,Diksha,idle,0.918,1,0
2026-06-23T07:19:18.226225+00:00,cam-01,behavior,7,Diksha,idle,0.923,1,0
2026-06-23T07:19:18.546347+00:00,cam-01,behavior,7,Diksha,idle,0.923,1,0
2026-06-23T07:19:18.580212+00:00,cam-01,behavior,7,Diksha,idle,0.917,1,0
2026-06-23T07:19:18.619400+00:00,cam-01,behavior,7,Diksha,idle,0.92,1,0
2026-06-23T07:19:18.646939+00:00,cam-01,behavior,7,Diksha,idle,0.919,1,0
2026-06-23T07:19:18.695582+00:00,cam-01,behavior,7,Diksha,idle,0.915,1,0
2026-06-23T07:19:18.723503+00:00,cam-01,behavior,7,Diksha,idle,0.915,1,0
2026-06-23T07:19:18.758495+00:00,cam-01,behavior,7,Diksha,idle,0.914,1,0
2026-06-23T07:19:18.788166+00:00,cam-01,behavior,7,Diksha,idle,0.914,1,0
2026-06-23T07:19:18.827637+00:00,cam-01,behavior,7,Diksha,idle,0.919,1,0
2026-06-23T07:19:18.852238+00:00,cam-01,behavior,7,Diksha,idle,0.919,1,0
2026-06-23T07:19:18.889909+00:00,cam-01,behavior,7,Diksha,idle,0.92,1,0
2026-06-23T07:19:18.913705+00:00,cam-01,behavior,7,Diksha,idle,0.92,1,0
2026-06-23T07:19:18.952568+00:00,cam-01,behavior,7,Diksha,idle,0.924,1,0
2026-06-23T07:19:18.994229+00:00,cam-01,behavior,7,Diksha,idle,0.924,1,0
2026-06-23T07:19:19.015416+00:00,cam-01,behavior,7,Diksha,idle,0.926,1,0
2026-06-23T07:19:19.043489+00:00,cam-01,behavior,7,Diksha,idle,0.926,1,0
2026-06-23T07:19:19.091752+00:00,cam-01,behavior,7,Diksha,idle,0.923,1,0
2026-06-23T07:19:19.121343+00:00,cam-01,behavior,7,Diksha,idle,0.923,1,0
2026-06-23T07:19:19.153954+00:00,cam-01,behavior,7,Diksha,idle,0.924,1,0
2026-06-23T07:19:19.171066+00:00,cam-01,behavior,7,Diksha,idle,0.924,1,0
2026-06-23T07:19:19.225206+00:00,cam-01,behavior,7,Diksha,idle,0.92,1,0
2026-06-23T07:19:19.258792+00:00,cam-01,behavior,7,Diksha,idle,0.92,1,0
2026-06-23T07:19:19.293639+00:00,cam-01,behavior,7,Diksha,idle,0.926,1,0
2026-06-23T07:19:19.328571+00:00,cam-01,behavior,7,Diksha,idle,0.926,1,0
2026-06-23T07:19:19.355555+00:00,cam-01,behavior,7,Diksha,idle,0.925,1,0
2026-06-23T07:19:19.385243+00:00,cam-01,behavior,7,Diksha,idle,0.925,1,0
2026-06-23T07:19:19.411448+00:00,cam-01,behavior,7,Diksha,idle,0.926,1,0
2026-06-23T07:19:19.445922+00:00,cam-01,behavior,7,Diksha,idle,0.926,1,0
2026-06-23T07:19:19.494306+00:00,cam-01,behavior,7,Diksha,idle,0.924,1,0
2026-06-23T07:19:19.529135+00:00,cam-01,behavior,7,Diksha,idle,0.924,1,0
2026-06-23T07:19:19.793041+00:00,cam-01,behavior,7,Diksha,idle,0.923,1,0
2026-06-23T07:19:19.819971+00:00,cam-01,behavior,7,Diksha,idle,0.926,1,0
2026-06-23T07:19:19.847834+00:00,cam-01,behavior,7,Diksha,idle,0.925,1,0
2026-06-23T07:19:19.868900+00:00,cam-01,behavior,7,Diksha,idle,0.925,1,0
2026-06-23T07:19:19.896395+00:00,cam-01,behavior,7,Diksha,idle,0.925,1,0
2026-06-23T07:19:19.925340+00:00,cam-01,behavior,7,Diksha,idle,0.925,1,0
2026-06-23T07:19:19.960195+00:00,cam-01,behavior,7,Diksha,idle,0.925,1,0
2026-06-23T07:19:19.988248+00:00,cam-01,behavior,7,Diksha,idle,0.925,1,0
2026-06-23T07:19:20.028491+00:00,cam-01,behavior,7,Diksha,idle,0.92,1,0
2026-06-23T07:19:20.054240+00:00,cam-01,behavior,7,Diksha,idle,0.92,1,0
2026-06-23T07:19:20.088300+00:00,cam-01,behavior,7,Diksha,idle,0.931,1,0
2026-06-23T07:19:20.139873+00:00,cam-01,behavior,7,Diksha,idle,0.931,1,0
2026-06-23T07:19:20.174275+00:00,cam-01,behavior,7,Diksha,idle,0.931,1,0
2026-06-23T07:19:20.214265+00:00,cam-01,behavior,7,Diksha,idle,0.931,1,0
2026-06-23T07:19:20.244661+00:00,cam-01,behavior,7,Diksha,idle,0.922,1,0
2026-06-23T07:19:20.278913+00:00,cam-01,behavior,7,Diksha,idle,0.922,1,0
2026-06-23T07:19:20.313357+00:00,cam-01,behavior,7,Diksha,idle,0.919,1,0
2026-06-23T07:19:20.342180+00:00,cam-01,behavior,7,Diksha,idle,0.919,1,0
2026-06-23T07:19:20.375874+00:00,cam-01,behavior,7,Diksha,idle,0.922,1,0
2026-06-23T07:19:20.403947+00:00,cam-01,behavior,7,Diksha,idle,0.922,1,0
2026-06-23T07:19:20.432916+00:00,cam-01,behavior,7,Diksha,idle,0.923,1,0
2026-06-23T07:19:20.466207+00:00,cam-01,behavior,7,Diksha,idle,0.923,1,0
2026-06-23T07:19:20.489926+00:00,cam-01,behavior,7,Diksha,idle,0.927,1,0
2026-06-23T07:19:20.522390+00:00,cam-01,behavior,7,Diksha,idle,0.927,1,0
2026-06-23T07:19:20.556342+00:00,cam-01,behavior,7,Diksha,idle,0.923,1,0
2026-06-23T07:19:20.577837+00:00,cam-01,behavior,7,Diksha,idle,0.923,1,0
2026-06-23T07:19:20.632881+00:00,cam-01,behavior,7,Diksha,idle,0.922,1,0
2026-06-23T07:19:20.660708+00:00,cam-01,behavior,7,Diksha,idle,0.922,1,0
2026-06-23T07:19:20.696043+00:00,cam-01,behavior,7,Diksha,idle,0.928,1,0
2026-06-23T07:19:20.730251+00:00,cam-01,behavior,7,Diksha,idle,0.928,1,0
2026-06-23T07:19:21.024828+00:00,cam-01,behavior,7,Diksha,idle,0.933,1,0
2026-06-23T07:19:21.042573+00:00,cam-01,behavior,7,Diksha,idle,0.933,1,0
2026-06-23T07:19:21.077038+00:00,cam-01,behavior,7,Diksha,idle,0.933,1,0
2026-06-23T07:19:21.098266+00:00,cam-01,behavior,7,Diksha,idle,0.928,1,0
2026-06-23T07:19:21.132813+00:00,cam-01,behavior,7,Diksha,idle,0.929,1,0
2026-06-23T07:19:21.166946+00:00,cam-01,behavior,7,Diksha,idle,0.929,1,0
2026-06-23T07:19:21.199128+00:00,cam-01,behavior,7,Diksha,idle,0.927,1,0
2026-06-23T07:19:21.233890+00:00,cam-01,behavior,7,Diksha,idle,0.927,1,0
2026-06-23T07:19:21.263945+00:00,cam-01,behavior,7,Diksha,idle,0.928,1,0
2026-06-23T07:19:21.302272+00:00,cam-01,behavior,7,Diksha,idle,0.928,1,0
2026-06-23T07:19:21.336993+00:00,cam-01,behavior,7,Diksha,idle,0.924,1,0
2026-06-23T07:19:21.362891+00:00,cam-01,behavior,7,Diksha,idle,0.924,1,0
2026-06-23T07:19:21.383521+00:00,cam-01,behavior,7,Diksha,idle,0.928,1,0
2026-06-23T07:19:21.417764+00:00,cam-01,behavior,7,Diksha,idle,0.928,1,0
2026-06-23T07:19:21.453105+00:00,cam-01,behavior,7,Diksha,idle,0.937,1,0
2026-06-23T07:19:21.487054+00:00,cam-01,behavior,7,Diksha,idle,0.937,1,0
2026-06-23T07:19:21.508673+00:00,cam-01,behavior,7,Diksha,idle,0.941,1,0
2026-06-23T07:19:21.542611+00:00,cam-01,behavior,7,Diksha,idle,0.941,1,0
2026-06-23T07:19:21.564282+00:00,cam-01,behavior,7,Diksha,idle,0.94,1,0
2026-06-23T07:19:21.591294+00:00,cam-01,behavior,7,Diksha,idle,0.94,1,0
2026-06-23T07:19:21.625885+00:00,cam-01,behavior,7,Diksha,idle,0.918,1,0
2026-06-23T07:19:21.653895+00:00,cam-01,behavior,7,Diksha,idle,0.918,1,0
2026-06-23T07:19:21.687973+00:00,cam-01,behavior,7,Diksha,idle,0.922,1,0
2026-06-23T07:19:21.713476+00:00,cam-01,behavior,7,Diksha,idle,0.922,1,0
2026-06-23T07:19:21.750994+00:00,cam-01,behavior,7,Diksha,idle,0.922,1,0
2026-06-23T07:19:21.787258+00:00,cam-01,behavior,7,Diksha,idle,0.922,1,0
2026-06-23T07:19:21.837137+00:00,cam-01,behavior,7,Diksha,idle,0.929,1,0
2026-06-23T07:19:21.869231+00:00,cam-01,behavior,7,Diksha,idle,0.929,1,0
2026-06-23T07:19:21.897145+00:00,cam-01,behavior,7,Diksha,idle,0.929,1,0
2026-06-23T07:19:21.924638+00:00,cam-01,behavior,7,Diksha,idle,0.929,1,0
2026-06-23T07:19:22.220177+00:00,cam-01,behavior,7,Diksha,idle,0.927,1,0
2026-06-23T07:19:22.245200+00:00,cam-01,behavior,7,Diksha,idle,0.927,1,0
2026-06-23T07:19:22.279279+00:00,cam-01,behavior,7,Diksha,idle,0.92,1,0
2026-06-23T07:19:22.312949+00:00,cam-01,behavior,7,Diksha,idle,0.92,1,0
2026-06-23T07:19:22.337622+00:00,cam-01,behavior,7,Diksha,idle,0.92,1,0
2026-06-23T07:19:22.375768+00:00,cam-01,behavior,7,Diksha,idle,0.92,1,0
2026-06-23T07:19:22.403423+00:00,cam-01,behavior,7,Diksha,idle,0.911,1,0
2026-06-23T07:19:22.428695+00:00,cam-01,behavior,7,Diksha,idle,0.911,1,0
2026-06-23T07:19:22.459345+00:00,cam-01,behavior,7,Diksha,idle,0.917,1,0
2026-06-23T07:19:22.487015+00:00,cam-01,behavior,7,Diksha,idle,0.917,1,0
2026-06-23T07:19:22.514965+00:00,cam-01,behavior,7,Diksha,idle,0.915,1,0
2026-06-23T07:19:22.549577+00:00,cam-01,behavior,7,Diksha,idle,0.915,1,0
2026-06-23T07:19:22.570508+00:00,cam-01,behavior,7,Diksha,idle,0.913,1,0
2026-06-23T07:19:22.605157+00:00,cam-01,behavior,7,Diksha,idle,0.913,1,0
2026-06-23T07:19:22.633056+00:00,cam-01,behavior,7,Diksha,idle,0.914,1,0
2026-06-23T07:19:22.660203+00:00,cam-01,behavior,7,Diksha,idle,0.914,1,0
2026-06-23T07:19:22.695677+00:00,cam-01,behavior,7,Diksha,idle,0.915,1,0
2026-06-23T07:19:22.729665+00:00,cam-01,behavior,7,Diksha,idle,0.915,1,0
2026-06-23T07:19:22.758281+00:00,cam-01,behavior,7,Diksha,idle,0.917,1,0
2026-06-23T07:19:22.791578+00:00,cam-01,behavior,7,Diksha,idle,0.917,1,0
2026-06-23T07:19:22.820385+00:00,cam-01,behavior,7,Diksha,idle,0.918,1,0
2026-06-23T07:19:22.852243+00:00,cam-01,behavior,7,Diksha,idle,0.918,1,0
2026-06-23T07:19:22.889252+00:00,cam-01,behavior,7,Diksha,idle,0.906,1,0
2026-06-23T07:19:22.910729+00:00,cam-01,behavior,7,Diksha,idle,0.906,1,0
2026-06-23T07:19:22.966299+00:00,cam-01,behavior,7,Diksha,idle,0.903,1,0
2026-06-23T07:19:23.001015+00:00,cam-01,behavior,7,Diksha,idle,0.903,1,0
2026-06-23T07:19:23.029351+00:00,cam-01,behavior,7,Diksha,idle,0.909,1,0
2026-06-23T07:19:23.062975+00:00,cam-01,behavior,7,Diksha,idle,0.909,1,0
2026-06-23T07:19:23.090631+00:00,cam-01,behavior,7,Diksha,idle,0.901,1,0
2026-06-23T07:19:23.104554+00:00,cam-01,behavior,7,Diksha,idle,0.901,1,0
2026-06-23T07:19:23.422258+00:00,cam-01,behavior,7,Diksha,idle,0.897,1,0
2026-06-23T07:19:23.445782+00:00,cam-01,behavior,7,Diksha,idle,0.905,1,0
2026-06-23T07:19:23.479650+00:00,cam-01,behavior,7,Diksha,idle,0.909,1,0
2026-06-23T07:19:23.507521+00:00,cam-01,behavior,7,Diksha,idle,0.909,1,0
2026-06-23T07:19:23.534582+00:00,cam-01,behavior,7,Diksha,idle,0.906,1,0
2026-06-23T07:19:23.563108+00:00,cam-01,behavior,7,Diksha,idle,0.906,1,0
2026-06-23T07:19:23.590917+00:00,cam-01,behavior,7,Diksha,idle,0.906,1,0
2026-06-23T07:19:23.618624+00:00,cam-01,behavior,7,Diksha,idle,0.906,1,0
2026-06-23T07:19:23.649188+00:00,cam-01,behavior,7,Diksha,idle,0.902,1,0
2026-06-23T07:19:23.674143+00:00,cam-01,behavior,7,Diksha,idle,0.902,1,0
2026-06-23T07:19:23.701887+00:00,cam-01,behavior,7,Diksha,idle,0.908,1,0
2026-06-23T07:19:23.734567+00:00,cam-01,behavior,7,Diksha,idle,0.908,1,0
2026-06-23T07:19:23.760445+00:00,cam-01,behavior,7,Diksha,idle,0.921,1,0
2026-06-23T07:19:23.796564+00:00,cam-01,behavior,7,Diksha,idle,0.921,1,0
2026-06-23T07:19:23.833766+00:00,cam-01,behavior,7,Diksha,idle,0.925,1,0
2026-06-23T07:19:23.857873+00:00,cam-01,behavior,7,Diksha,idle,0.925,1,0
2026-06-23T07:19:23.887031+00:00,cam-01,behavior,7,Diksha,idle,0.938,1,0
2026-06-23T07:19:23.924095+00:00,cam-01,behavior,7,Diksha,idle,0.938,1,0
2026-06-23T07:19:23.958996+00:00,cam-01,behavior,7,Diksha,idle,0.94,1,0
2026-06-23T07:19:23.989898+00:00,cam-01,behavior,7,Diksha,idle,0.94,1,0
2026-06-23T07:19:24.021244+00:00,cam-01,behavior,7,Diksha,idle,0.935,1,0
2026-06-23T07:19:24.049462+00:00,cam-01,behavior,7,Diksha,idle,0.935,1,0
2026-06-23T07:19:24.105984+00:00,cam-01,behavior,7,Diksha,idle,0.935,1,0
2026-06-23T07:19:24.119368+00:00,cam-01,behavior,7,Diksha,idle,0.935,1,0
2026-06-23T07:19:24.167975+00:00,cam-01,behavior,7,Diksha,idle,0.924,1,0
2026-06-23T07:19:24.205739+00:00,cam-01,behavior,7,Diksha,idle,0.924,1,0
2026-06-23T07:19:24.244856+00:00,cam-01,behavior,7,Diksha,idle,0.93,1,0
2026-06-23T07:19:24.289510+00:00,cam-01,behavior,7,Diksha,idle,0.93,1,0
2026-06-23T07:19:24.325026+00:00,cam-01,behavior,7,Diksha,idle,0.929,1,0
2026-06-23T07:19:24.348358+00:00,cam-01,behavior,7,Diksha,idle,0.929,1,0
2026-06-23T07:19:24.648190+00:00,cam-01,behavior,7,Diksha,idle,0.93,1,0
2026-06-23T07:19:24.681496+00:00,cam-01,behavior,7,Diksha,idle,0.934,1,0
2026-06-23T07:19:24.702722+00:00,cam-01,behavior,7,Diksha,idle,0.934,1,0
2026-06-23T07:19:24.730477+00:00,cam-01,behavior,7,Diksha,working,0.943,1,0
2026-06-23T07:19:24.758097+00:00,cam-01,behavior,7,Diksha,working,0.942,1,0
2026-06-23T07:19:24.829417+00:00,cam-01,behavior,7,Diksha,working,0.941,1,0
2026-06-23T07:19:24.848505+00:00,cam-01,behavior,7,Diksha,working,0.941,1,0
2026-06-23T07:19:24.908521+00:00,cam-01,behavior,7,Diksha,working,0.927,1,0
2026-06-23T07:19:24.938304+00:00,cam-01,behavior,7,Diksha,working,0.927,1,0
2026-06-23T07:19:24.973090+00:00,cam-01,behavior,7,Diksha,working,0.933,1,0
2026-06-23T07:19:25.014641+00:00,cam-01,behavior,7,Diksha,working,0.933,1,0
2026-06-23T07:19:25.036570+00:00,cam-01,behavior,7,Diksha,working,0.629,1,0
2026-06-23T07:19:25.063613+00:00,cam-01,behavior,7,Diksha,working,0.629,1,0
2026-06-23T07:19:25.100144+00:00,cam-01,behavior,7,Diksha,working,0.802,1,0
2026-06-23T07:19:25.121180+00:00,cam-01,behavior,7,Diksha,working,0.802,1,0
2026-06-23T07:19:25.151431+00:00,cam-01,behavior,7,Diksha,idle,0.512,1,0
2026-06-23T07:19:25.195393+00:00,cam-01,behavior,7,Diksha,idle,0.512,1,0
2026-06-23T07:19:25.225343+00:00,cam-01,behavior,7,Diksha,idle,0.579,1,0
2026-06-23T07:19:25.265686+00:00,cam-01,behavior,7,Diksha,idle,0.579,1,0
2026-06-23T07:19:25.375923+00:00,cam-01,behavior,7,Diksha,working,0.584,1,0
2026-06-23T07:19:25.406021+00:00,cam-01,behavior,7,Diksha,working,0.584,1,0
2026-06-23T07:19:25.788743+00:00,cam-01,behavior,7,Diksha,working,0.685,1,0
2026-06-23T07:19:25.834595+00:00,cam-01,behavior,7,Diksha,working,0.451,1,0
2026-06-23T07:19:25.862414+00:00,cam-01,behavior,7,Diksha,working,0.451,1,0
2026-06-23T07:19:25.896835+00:00,cam-01,behavior,7,Diksha,working,0.492,1,0
2026-06-23T07:19:25.926344+00:00,cam-01,behavior,7,Diksha,working,0.492,1,0
2026-06-23T07:19:25.959283+00:00,cam-01,behavior,7,Diksha,working,0.366,1,0
2026-06-23T07:19:25.992548+00:00,cam-01,behavior,7,Diksha,working,0.366,1,0
2026-06-23T07:19:26.028081+00:00,cam-01,behavior,7,Diksha,working,0.573,1,0
2026-06-23T07:19:26.049528+00:00,cam-01,behavior,7,Diksha,working,0.573,1,0
2026-06-23T07:19:26.092431+00:00,cam-01,behavior,7,Diksha,working,0.372,1,0
2026-06-23T07:19:26.117465+00:00,cam-01,behavior,7,Diksha,working,0.372,1,0
2026-06-23T07:19:27.092483+00:00,cam-01,behavior,7,Diksha,working,0.46,1,0
2026-06-23T07:19:27.123780+00:00,cam-01,behavior,7,Diksha,working,0.46,1,0
2026-06-23T07:19:27.157000+00:00,cam-01,behavior,7,Diksha,working,0.413,1,0
2026-06-23T07:19:27.182149+00:00,cam-01,behavior,7,Diksha,working,0.413,1,0
2026-06-23T07:19:27.219809+00:00,cam-01,behavior,7,Diksha,working,0.372,1,0
2026-06-23T07:19:27.267468+00:00,cam-01,behavior,7,Diksha,working,0.372,1,0
2026-06-23T07:19:27.288148+00:00,cam-01,behavior,7,Diksha,working,0.649,1,0
2026-06-23T07:19:27.328502+00:00,cam-01,behavior,7,Diksha,working,0.649,1,0
2026-06-23T07:19:27.369230+00:00,cam-01,behavior,7,Diksha,working,0.734,1,0
2026-06-23T07:19:27.393348+00:00,cam-01,behavior,7,Diksha,working,0.734,1,0
2026-06-23T07:19:27.431413+00:00,cam-01,behavior,7,Diksha,working,0.794,1,0
2026-06-23T07:19:27.466063+00:00,cam-01,behavior,7,Diksha,working,0.794,1,0
2026-06-23T07:19:27.500657+00:00,cam-01,behavior,7,Diksha,working,0.533,1,0
2026-06-23T07:19:27.535320+00:00,cam-01,behavior,7,Diksha,idle,0.533,1,0
2026-06-23T07:19:27.769695+00:00,cam-01,behavior,7,Diksha,working,0.643,1,0
2026-06-23T07:19:27.796384+00:00,cam-01,behavior,7,Diksha,working,0.643,1,0
2026-06-23T07:19:27.833981+00:00,cam-01,behavior,7,Diksha,idle,0.789,1,0
2026-06-23T07:19:27.966089+00:00,cam-01,behavior,7,Diksha,idle,0.789,1,0
2026-06-23T07:19:28.003759+00:00,cam-01,behavior,7,Diksha,idle,0.721,1,0
2026-06-23T07:19:28.042331+00:00,cam-01,behavior,7,Diksha,idle,0.71,1,0
2026-06-23T07:19:28.070347+00:00,cam-01,behavior,7,Diksha,idle,0.71,1,0
2026-06-23T07:19:28.104302+00:00,cam-01,behavior,7,Diksha,idle,0.827,1,0
2026-06-23T07:19:28.137537+00:00,cam-01,behavior,7,Diksha,idle,0.827,1,0
2026-06-23T07:19:28.171914+00:00,cam-01,behavior,7,Diksha,idle,0.798,1,0
2026-06-23T07:19:28.218245+00:00,cam-01,behavior,7,Diksha,idle,0.798,1,0
2026-06-23T07:19:28.240499+00:00,cam-01,behavior,7,Diksha,idle,0.659,1,0
2026-06-23T07:19:28.274952+00:00,cam-01,behavior,7,Diksha,idle,0.659,1,0
2026-06-23T07:19:28.307884+00:00,cam-01,behavior,7,Diksha,idle,0.603,1,0
2026-06-23T07:19:28.347165+00:00,cam-01,behavior,7,Diksha,idle,0.603,1,0
2026-06-23T07:19:28.375674+00:00,cam-01,behavior,7,Diksha,idle,0.554,1,0
2026-06-23T07:19:28.401582+00:00,cam-01,behavior,7,Diksha,idle,0.554,1,0
2026-06-23T07:19:28.646753+00:00,cam-01,behavior,7,Diksha,working,0.621,1,0
2026-06-23T07:19:28.688179+00:00,cam-01,behavior,7,Diksha,working,0.621,1,0
2026-06-23T07:19:28.715551+00:00,cam-01,behavior,7,Diksha,working,0.561,1,0
2026-06-23T07:19:28.744073+00:00,cam-01,behavior,7,Diksha,working,0.561,1,0
2026-06-23T07:19:30.875885+00:00,cam-01,behavior,8,unknown,working,0.457,1,0
2026-06-23T07:19:30.896750+00:00,cam-01,behavior,8,unknown,working,0.402,1,0
2026-06-23T07:19:30.931230+00:00,cam-01,behavior,8,unknown,working,0.402,1,0
2026-06-23T07:19:30.959694+00:00,cam-01,behavior,8,unknown,idle,0.451,1,0
2026-06-23T07:19:30.993652+00:00,cam-01,behavior,8,unknown,idle,0.451,1,0
2026-06-23T07:19:31.500701+00:00,cam-01,behavior,8,unknown,walking,0.564,1,0
2026-06-23T07:19:31.539372+00:00,cam-01,behavior,8,unknown,walking,0.564,1,0
2026-06-23T07:19:31.577065+00:00,cam-01,behavior,8,unknown,walking,0.564,1,0
2026-06-23T07:19:31.604793+00:00,cam-01,behavior,8,unknown,working,0.387,1,0
2026-06-23T07:19:31.764001+00:00,cam-01,behavior,8,unknown,working,0.462,1,0
2026-06-23T07:19:31.799267+00:00,cam-01,behavior,8,unknown,working,0.462,1,0
2026-06-23T07:19:32.438341+00:00,cam-01,behavior,8,unknown,walking,0.591,1,0
2026-06-23T07:19:32.459728+00:00,cam-01,behavior,8,unknown,walking,0.591,1,0
2026-06-23T07:19:32.507777+00:00,cam-01,behavior,8,unknown,walking,0.52,1,0
2026-06-23T07:19:32.549316+00:00,cam-01,behavior,8,unknown,walking,0.52,1,0
2026-06-23T07:19:32.576915+00:00,cam-01,behavior,8,unknown,walking,0.603,1,0
2026-06-23T07:19:32.605064+00:00,cam-01,behavior,8,unknown,working,0.603,1,0
2026-06-23T07:19:32.660468+00:00,cam-01,behavior,8,unknown,working,0.515,1,0
2026-06-23T07:19:32.695477+00:00,cam-01,behavior,8,unknown,working,0.515,1,0
2026-06-23T07:19:32.722779+00:00,cam-01,behavior,8,unknown,working,0.515,1,0
2026-06-23T07:19:32.771406+00:00,cam-01,behavior,8,unknown,working,0.784,1,0
2026-06-23T07:19:32.819930+00:00,cam-01,behavior,8,unknown,working,0.784,1,0
2026-06-23T07:19:32.848444+00:00,cam-01,behavior,8,unknown,working,0.768,1,0
2026-06-23T07:19:32.889367+00:00,cam-01,behavior,8,unknown,working,0.803,1,0
2026-06-23T07:19:32.910473+00:00,cam-01,behavior,8,unknown,working,0.803,1,0
2026-06-23T07:19:32.945376+00:00,cam-01,behavior,8,unknown,working,0.843,1,0
2026-06-23T07:19:32.979719+00:00,cam-01,behavior,8,unknown,working,0.843,1,0
2026-06-23T07:19:33.003630+00:00,cam-01,behavior,8,unknown,working,0.847,1,0
2026-06-23T07:19:33.028442+00:00,cam-01,behavior,8,unknown,working,0.847,1,0
2026-06-23T07:19:33.049311+00:00,cam-01,behavior,8,unknown,working,0.852,1,0
2026-06-23T07:19:33.083438+00:00,cam-01,behavior,8,unknown,working,0.852,1,0
2026-06-23T07:19:33.104116+00:00,cam-01,behavior,8,unknown,working,0.852,1,0
2026-06-23T07:19:33.140833+00:00,cam-01,behavior,8,unknown,working,0.843,1,0
2026-06-23T07:19:33.173580+00:00,cam-01,behavior,8,unknown,working,0.843,1,0
2026-06-23T07:19:33.209355+00:00,cam-01,behavior,8,unknown,idle,0.854,1,0
2026-06-23T07:19:33.244990+00:00,cam-01,behavior,8,unknown,idle,0.875,1,0
2026-06-23T07:19:33.281757+00:00,cam-01,behavior,8,unknown,idle,0.875,1,0
2026-06-23T07:19:33.306539+00:00,cam-01,behavior,8,unknown,idle,0.88,1,0
2026-06-23T07:19:33.343617+00:00,cam-01,behavior,8,unknown,idle,0.88,1,0
2026-06-23T07:19:33.650876+00:00,cam-01,behavior,8,unknown,idle,0.885,1,0
2026-06-23T07:19:33.681123+00:00,cam-01,behavior,8,unknown,idle,0.889,1,0
2026-06-23T07:19:33.709071+00:00,cam-01,behavior,8,unknown,idle,0.907,1,0
2026-06-23T07:19:33.770960+00:00,cam-01,behavior,8,unknown,idle,0.906,1,0
2026-06-23T07:19:33.799168+00:00,cam-01,behavior,8,unknown,idle,0.906,1,0
2026-06-23T07:19:33.848043+00:00,cam-01,behavior,8,unknown,idle,0.904,1,0
2026-06-23T07:19:33.882610+00:00,cam-01,behavior,8,unknown,idle,0.904,1,0
2026-06-23T07:19:33.903389+00:00,cam-01,behavior,8,unknown,idle,0.904,1,0
2026-06-23T07:19:33.931117+00:00,cam-01,behavior,8,unknown,idle,0.906,1,0
2026-06-23T07:19:33.966272+00:00,cam-01,behavior,8,unknown,idle,0.906,1,0
2026-06-23T07:19:34.001124+00:00,cam-01,behavior,8,unknown,idle,0.906,1,0
2026-06-23T07:19:34.042403+00:00,cam-01,behavior,8,unknown,idle,0.896,1,0
2026-06-23T07:19:34.067817+00:00,cam-01,behavior,8,unknown,idle,0.896,1,0
2026-06-23T07:19:34.097624+00:00,cam-01,behavior,8,unknown,idle,0.9,1,0
2026-06-23T07:19:34.121110+00:00,cam-01,behavior,8,unknown,idle,0.9,1,0
2026-06-23T07:19:34.184341+00:00,cam-01,behavior,8,unknown,idle,0.899,1,0
2026-06-23T07:19:34.219213+00:00,cam-01,behavior,8,unknown,idle,0.899,1,0
2026-06-23T07:19:34.252037+00:00,cam-01,behavior,8,unknown,idle,0.899,1,0
2026-06-23T07:19:34.286502+00:00,cam-01,behavior,8,unknown,idle,0.902,1,0
2026-06-23T07:19:34.319777+00:00,cam-01,behavior,8,unknown,idle,0.902,1,0
2026-06-23T07:19:34.347785+00:00,cam-01,behavior,8,unknown,idle,0.895,1,0
2026-06-23T07:19:34.382673+00:00,cam-01,behavior,8,unknown,idle,0.895,1,0
2026-06-23T07:19:34.417226+00:00,cam-01,behavior,8,unknown,idle,0.89,1,0
2026-06-23T07:19:34.451861+00:00,cam-01,behavior,8,unknown,idle,0.878,1,0
2026-06-23T07:19:34.480500+00:00,cam-01,behavior,8,unknown,idle,0.878,1,0
2026-06-23T07:19:34.509166+00:00,cam-01,behavior,8,unknown,idle,0.871,1,0
2026-06-23T07:19:34.539178+00:00,cam-01,behavior,8,unknown,idle,0.871,1,0
2026-06-23T07:19:34.590375+00:00,cam-01,behavior,8,unknown,idle,0.854,1,0
2026-06-23T07:19:34.618790+00:00,cam-01,behavior,8,unknown,idle,0.854,1,0
2026-06-23T07:19:34.646514+00:00,cam-01,behavior,8,unknown,idle,0.854,1,0
2026-06-23T07:19:34.940171+00:00,cam-01,behavior,8,unknown,idle,0.874,1,0
2026-06-23T07:19:34.967833+00:00,cam-01,behavior,8,unknown,idle,0.851,1,0
2026-06-23T07:19:34.996084+00:00,cam-01,behavior,8,unknown,idle,0.854,1,0
2026-06-23T07:19:35.049147+00:00,cam-01,behavior,8,unknown,idle,0.843,1,0
2026-06-23T07:19:35.076984+00:00,cam-01,behavior,8,unknown,idle,0.843,1,0
2026-06-23T07:19:35.111911+00:00,cam-01,behavior,8,unknown,idle,0.88,1,0
2026-06-23T07:19:35.153715+00:00,cam-01,behavior,8,unknown,idle,0.88,1,0
2026-06-23T07:19:35.187601+00:00,cam-01,behavior,8,unknown,idle,0.882,1,0
2026-06-23T07:19:35.243623+00:00,cam-01,behavior,8,unknown,idle,0.872,1,0
2026-06-23T07:19:35.279440+00:00,cam-01,behavior,8,unknown,idle,0.872,1,0
2026-06-23T07:19:35.313537+00:00,cam-01,behavior,8,unknown,idle,0.89,1,0
2026-06-23T07:19:35.347831+00:00,cam-01,behavior,8,unknown,idle,0.89,1,0
2026-06-23T07:19:35.389416+00:00,cam-01,behavior,8,unknown,idle,0.885,1,0
2026-06-23T07:19:35.411400+00:00,cam-01,behavior,8,unknown,idle,0.885,1,0
2026-06-23T07:19:35.444773+00:00,cam-01,behavior,8,unknown,idle,0.885,1,0
2026-06-23T07:19:35.466026+00:00,cam-01,behavior,8,unknown,idle,0.874,1,0
2026-06-23T07:19:35.493688+00:00,cam-01,behavior,8,unknown,idle,0.874,1,0
2026-06-23T07:19:35.527797+00:00,cam-01,behavior,8,unknown,idle,0.897,1,0
2026-06-23T07:19:35.551039+00:00,cam-01,behavior,8,unknown,idle,0.897,1,0
2026-06-23T07:19:35.577302+00:00,cam-01,behavior,8,unknown,idle,0.905,1,0
2026-06-23T07:19:35.646442+00:00,cam-01,behavior,8,unknown,idle,0.905,1,0
2026-06-23T07:19:35.674261+00:00,cam-01,behavior,8,unknown,idle,0.905,1,0
2026-06-23T07:19:35.708407+00:00,cam-01,behavior,8,unknown,idle,0.905,1,0
2026-06-23T07:19:35.729721+00:00,cam-01,behavior,8,unknown,idle,0.905,1,0
2026-06-23T07:19:35.785129+00:00,cam-01,behavior,8,unknown,idle,0.891,1,0
2026-06-23T07:19:35.827222+00:00,cam-01,behavior,8,unknown,idle,0.891,1,0
2026-06-23T07:19:35.855076+00:00,cam-01,behavior,8,unknown,idle,0.891,1,0
2026-06-23T07:19:35.883123+00:00,cam-01,behavior,8,unknown,working,0.822,1,0
2026-06-23T07:19:35.910137+00:00,cam-01,behavior,8,unknown,working,0.822,1,0
2026-06-23T07:19:35.937965+00:00,cam-01,behavior,8,unknown,working,0.867,1,0
2026-06-23T07:19:36.230378+00:00,cam-01,behavior,8,Dikshant,working,0.867,1,0
2026-06-23T07:19:36.252152+00:00,cam-01,behavior,8,Dikshant,working,0.917,1,0
2026-06-23T07:19:36.313239+00:00,cam-01,behavior,8,Dikshant,working,0.912,1,0
2026-06-23T07:19:36.342198+00:00,cam-01,behavior,8,Dikshant,working,0.912,1,0
2026-06-23T07:19:36.382236+00:00,cam-01,behavior,8,Dikshant,working,0.915,1,0
2026-06-23T07:19:36.444967+00:00,cam-01,behavior,8,Dikshant,working,0.913,1,0
2026-06-23T07:19:36.475564+00:00,cam-01,behavior,8,Dikshant,working,0.913,1,0
2026-06-23T07:19:36.529467+00:00,cam-01,behavior,8,Dikshant,working,0.923,1,0
2026-06-23T07:19:36.555984+00:00,cam-01,behavior,8,Dikshant,idle,0.923,1,0
2026-06-23T07:19:36.597214+00:00,cam-01,behavior,8,Dikshant,idle,0.923,1,0
2026-06-23T07:19:36.625496+00:00,cam-01,behavior,8,Dikshant,idle,0.917,1,0
2026-06-23T07:19:36.652776+00:00,cam-01,behavior,8,Dikshant,idle,0.917,1,0
2026-06-23T07:19:36.681177+00:00,cam-01,behavior,8,Dikshant,idle,0.927,1,0
2026-06-23T07:19:36.702040+00:00,cam-01,behavior,8,Dikshant,idle,0.927,1,0
2026-06-23T07:19:36.730109+00:00,cam-01,behavior,8,Dikshant,idle,0.924,1,0
2026-06-23T07:19:36.757623+00:00,cam-01,behavior,8,Dikshant,idle,0.924,1,0
2026-06-23T07:19:36.778085+00:00,cam-01,behavior,8,Dikshant,idle,0.927,1,0
2026-06-23T07:19:36.847725+00:00,cam-01,behavior,8,Dikshant,idle,0.929,1,0
2026-06-23T07:19:36.877570+00:00,cam-01,behavior,8,Dikshant,idle,0.929,1,0
2026-06-23T07:19:36.925820+00:00,cam-01,behavior,8,Dikshant,idle,0.928,1,0
2026-06-23T07:19:36.958677+00:00,cam-01,behavior,8,Dikshant,idle,0.928,1,0
2026-06-23T07:19:36.986028+00:00,cam-01,behavior,8,Dikshant,idle,0.928,1,0
2026-06-23T07:19:37.017618+00:00,cam-01,behavior,8,Dikshant,idle,0.934,1,0
2026-06-23T07:19:37.042198+00:00,cam-01,behavior,8,Dikshant,idle,0.934,1,0
2026-06-23T07:19:37.077124+00:00,cam-01,behavior,8,Dikshant,idle,0.93,1,0
2026-06-23T07:19:37.105106+00:00,cam-01,behavior,8,Dikshant,idle,0.93,1,0
2026-06-23T07:19:37.140660+00:00,cam-01,behavior,8,Dikshant,idle,0.92,1,0
2026-06-23T07:19:37.172161+00:00,cam-01,behavior,8,Dikshant,idle,0.92,1,0
2026-06-23T07:19:37.208590+00:00,cam-01,behavior,8,Dikshant,idle,0.915,1,0
2026-06-23T07:19:37.244079+00:00,cam-01,behavior,8,Dikshant,idle,0.913,1,0
2026-06-23T07:19:37.556973+00:00,cam-01,behavior,8,Dikshant,idle,0.913,1,0
2026-06-23T07:19:37.589127+00:00,cam-01,behavior,8,Dikshant,idle,0.912,1,0
2026-06-23T07:19:37.640804+00:00,cam-01,behavior,8,Dikshant,idle,0.909,1,0
2026-06-23T07:19:37.675070+00:00,cam-01,behavior,8,Dikshant,idle,0.909,1,0
2026-06-23T07:19:37.727485+00:00,cam-01,behavior,8,Dikshant,idle,0.918,1,0
2026-06-23T14:36:30.961513+00:00,cam-01,behavior,1,unknown,working,0.901,1,0
2026-06-23T14:52:03.773390+00:00,cam-01,behavior,1,unknown,working,0.923,1,0
2026-06-23T20:43:25.732757,cam-01,behavior,1,unknown,working,0.925,1,0
2026-06-23T20:43:30.703455,cam-01,behavior,1,unknown,idle,0.899,1,0
2026-06-23T20:43:32.083100,cam-01,behavior,1,Dikshant,idle,0.914,1,0
2026-06-23T20:43:33.280854,cam-01,behavior,1,Dikshant,idle,0.914,1,0
2026-06-23T20:43:34.447307,cam-01,behavior,1,Dikshant,idle,0.913,1,0
2026-06-23T20:43:35.668328,cam-01,behavior,1,Dikshant,idle,0.912,1,0
2026-06-23T20:43:36.919756,cam-01,behavior,1,Dikshant,idle,0.926,1,0
2026-06-23T20:43:38.267274,cam-01,behavior,1,Dikshant,idle,0.921,1,0
2026-06-23T20:43:39.555162,cam-01,behavior,1,Dikshant,idle,0.92,1,0
2026-06-23T20:43:40.954167,cam-01,behavior,1,Dikshant,idle,0.924,1,0
2026-06-23T20:43:42.294948,cam-01,behavior,1,Dikshant,idle,0.883,1,0
2026-06-23T20:43:43.536774,cam-01,behavior,1,Dikshant,idle,0.904,1,0
2026-06-23T20:43:44.754661,cam-01,behavior,1,Dikshant,idle,0.895,1,0
2026-06-23T20:43:46.148400,cam-01,behavior,1,Dikshant,idle,0.883,1,0
2026-06-23T20:43:47.444504,cam-01,behavior,1,Dikshant,working,0.867,1,0
2026-06-23T20:43:48.766492,cam-01,behavior,1,Dikshant,idle,0.861,1,0
2026-06-23T20:43:50.100398,cam-01,behavior,1,Dikshant,idle,0.904,1,0
2026-06-23T20:43:51.376337,cam-01,behavior,1,Dikshant,idle,0.914,1,0
2026-06-23T20:43:52.840199,cam-01,behavior,1,Dikshant,idle,0.899,1,0
2026-06-23T20:43:54.058239,cam-01,behavior,1,Dikshant,idle,0.888,1,0
2026-06-23T20:43:55.296766,cam-01,behavior,1,Dikshant,idle,0.89,1,0
2026-06-23T20:43:56.610846,cam-01,behavior,1,Dikshant,idle,0.922,1,0
2026-06-23T20:43:57.962474,cam-01,behavior,1,Dikshant,idle,0.926,1,0
2026-06-23T20:43:59.329573,cam-01,behavior,1,Dikshant,idle,0.914,1,0
2026-06-23T20:44:00.748054,cam-01,behavior,1,Dikshant,idle,0.896,1,0
2026-06-23T20:44:02.049223,cam-01,behavior,1,Dikshant,idle,0.911,1,0
2026-06-23T20:44:03.337555,cam-01,behavior,1,Dikshant,idle,0.906,1,0
2026-06-23T20:44:04.673067,cam-01,behavior,1,Dikshant,idle,0.913,1,0
2026-06-23T20:44:06.183191,cam-01,behavior,1,Dikshant,idle,0.913,1,0
2026-06-23T20:44:07.479010,cam-01,behavior,1,Dikshant,idle,0.911,1,0
2026-06-23T20:44:09.049993,cam-01,behavior,1,Dikshant,idle,0.907,1,0
2026-06-23T20:44:10.385432,cam-01,behavior,1,Dikshant,idle,0.889,1,0
2026-06-23T20:44:11.678393,cam-01,behavior,1,Dikshant,idle,0.902,1,0
2026-06-23T20:44:13.052498,cam-01,behavior,1,Dikshant,idle,0.897,1,0
2026-06-23T20:44:14.327602,cam-01,behavior,1,Dikshant,idle,0.893,1,0
2026-06-23T20:44:15.771305,cam-01,behavior,1,Dikshant,idle,0.897,1,0
2026-06-23T20:44:17.068002,cam-01,behavior,1,Dikshant,idle,0.908,1,0
2026-06-23T20:44:18.371624,cam-01,behavior,1,Dikshant,idle,0.928,1,0
2026-06-23T20:44:19.584474,cam-01,behavior,1,Dikshant,idle,0.928,1,0
2026-06-23T20:44:21.193679,cam-01,behavior,1,Dikshant,working,0.929,1,0
2026-06-23T20:44:22.646088,cam-01,behavior,1,Dikshant,idle,0.911,1,0
2026-06-23T20:44:23.918713,cam-01,behavior,1,Dikshant,idle,0.921,1,0
2026-06-23T20:44:25.254393,cam-01,behavior,1,Dikshant,idle,0.909,1,0
2026-06-23T20:44:26.639285,cam-01,behavior,1,Dikshant,idle,0.918,2,0
2026-06-23T20:44:26.639285,cam-01,behavior,4,unknown,working,0.684,2,0
2026-06-23T20:44:27.939705,cam-01,behavior,1,Dikshant,idle,0.906,1,0
2026-06-23T20:44:29.280147,cam-01,behavior,1,Dikshant,idle,0.898,2,0
2026-06-23T20:44:29.280147,cam-01,behavior,5,unknown,working,0.693,2,0
2026-06-23T20:44:30.861423,cam-01,behavior,1,Dikshant,idle,0.894,1,0
2026-06-23T20:44:32.230567,cam-01,behavior,1,Dikshant,idle,0.909,2,0
2026-06-23T20:44:32.230567,cam-01,behavior,5,unknown,idle,0.662,2,0
2026-06-23T20:44:33.545115,cam-01,behavior,1,Dikshant,idle,0.914,2,0
2026-06-23T20:44:33.545115,cam-01,behavior,5,unknown,idle,0.679,2,0
2026-06-23T20:44:34.863103,cam-01,behavior,1,Dikshant,idle,0.916,1,0
2026-06-23T20:44:36.132880,cam-01,behavior,1,Dikshant,idle,0.92,1,0
2026-06-23T20:44:37.365548,cam-01,behavior,1,Dikshant,idle,0.918,1,0
2026-06-23T20:44:38.736126,cam-01,behavior,1,Dikshant,idle,0.917,1,0
2026-06-23T20:44:40.170179,cam-01,behavior,1,Dikshant,idle,0.899,1,0
2026-06-23T20:44:41.457097,cam-01,behavior,1,Dikshant,idle,0.903,1,0
2026-06-23T20:44:42.778606,cam-01,behavior,1,Dikshant,idle,0.906,1,0
2026-06-23T20:44:44.028824,cam-01,behavior,1,Dikshant,idle,0.91,1,0
2026-06-23T20:44:45.337684,cam-01,behavior,1,Dikshant,idle,0.915,1,0
2026-06-23T20:44:46.853217,cam-01,behavior,1,Dikshant,idle,0.888,1,0
2026-06-23T20:44:48.179112,cam-01,behavior,1,Dikshant,idle,0.863,1,0
2026-06-23T20:44:49.423755,cam-01,behavior,1,Dikshant,working,0.514,1,0
2026-06-23T20:44:50.484809,cam-01,behavior,7,unknown,working,0.912,1,0
2026-06-23T20:44:51.511054,cam-01,behavior,7,unknown,working,0.412,1,0
2026-06-23T20:44:52.803971,cam-01,behavior,7,unknown,working,0.815,1,0
2026-06-23T20:44:54.173443,cam-01,behavior,7,unknown,working,0.73,1,0
2026-06-23T20:44:58.278262,cam-01,behavior,9,unknown,working,0.855,1,0
2026-06-23T20:45:00.370363,cam-01,behavior,9,unknown,working,0.914,1,0
2026-06-23T20:45:01.958414,cam-01,behavior,9,dikshant,idle,0.898,1,0
2026-06-23T20:45:03.412191,cam-01,behavior,9,dikshant,idle,0.906,1,0
2026-06-23T20:45:04.796223,cam-01,behavior,9,dikshant,idle,0.895,1,0
2026-06-23T20:45:06.233756,cam-01,behavior,9,dikshant,idle,0.885,1,0
2026-06-23T20:45:07.645383,cam-01,behavior,9,dikshant,idle,0.885,1,0
2026-06-23T20:45:09.244056,cam-01,behavior,9,dikshant,idle,0.862,1,0
2026-06-23T20:45:10.864685,cam-01,behavior,9,dikshant,idle,0.905,1,0
2026-06-23T20:45:12.374623,cam-01,behavior,9,dikshant,idle,0.901,1,0
2026-06-23T20:45:13.622819,cam-01,behavior,9,dikshant,idle,0.894,1,0
2026-06-23T20:45:14.951001,cam-01,behavior,9,Dikshant,idle,0.892,1,0
2026-06-23T20:45:16.282135,cam-01,behavior,9,Dikshant,idle,0.927,1,0
2026-06-23T20:45:17.723544,cam-01,behavior,9,dikshant,idle,0.887,1,0
2026-06-23T20:45:19.385252,cam-01,behavior,9,Dikshant,idle,0.903,1,0
2026-06-23T20:45:20.846785,cam-01,behavior,9,Dikshant,idle,0.91,1,0
2026-06-23T20:45:22.106790,cam-01,behavior,9,Dikshant,idle,0.917,1,0
2026-06-23T20:45:23.384473,cam-01,behavior,9,Dikshant,idle,0.914,1,0
2026-06-23T20:45:24.900950,cam-01,behavior,9,Dikshant,idle,0.909,1,0
2026-06-23T20:45:26.174735,cam-01,behavior,9,Dikshant,idle,0.913,1,0
2026-06-23T20:45:27.540691,cam-01,behavior,9,Dikshant,working,0.914,1,0
2026-06-23T20:45:29.147163,cam-01,behavior,9,Dikshant,idle,0.945,1,0
2026-06-23T20:45:30.635085,cam-01,behavior,9,Dikshant,idle,0.942,1,0
2026-06-23T20:45:32.128151,cam-01,behavior,9,Dikshant,idle,0.942,1,0
2026-06-23T20:45:33.456329,cam-01,behavior,9,Dikshant,idle,0.936,1,0
2026-06-23T20:45:34.796195,cam-01,behavior,9,Dikshant,idle,0.922,1,0
2026-06-23T20:45:36.111204,cam-01,behavior,9,Dikshant,idle,0.904,1,0
2026-06-23T20:45:37.385588,cam-01,behavior,9,Dikshant,idle,0.891,1,0
2026-06-23T20:45:38.908929,cam-01,behavior,9,Dikshant,idle,0.89,1,0
2026-06-23T20:45:40.172963,cam-01,behavior,9,Dikshant,idle,0.893,1,0
2026-06-23T20:45:41.500212,cam-01,behavior,9,Dikshant,idle,0.903,1,0
2026-06-23T20:45:42.902323,cam-01,behavior,9,Dikshant,idle,0.911,1,0
2026-06-23T20:45:44.178868,cam-01,behavior,9,Dikshant,idle,0.91,1,0
2026-06-23T20:45:45.511675,cam-01,behavior,9,Dikshant,idle,0.89,1,0
2026-06-23T20:45:46.970524,cam-01,behavior,9,Dikshant,idle,0.905,1,0
2026-06-23T20:45:48.362537,cam-01,behavior,9,Dikshant,idle,0.909,1,0
2026-06-23T20:45:49.749575,cam-01,behavior,9,Dikshant,idle,0.919,1,0
2026-06-23T20:45:51.225054,cam-01,behavior,9,Dikshant,idle,0.928,1,0
2026-06-23T20:45:52.886688,cam-01,behavior,9,Dikshant,idle,0.892,1,0
2026-06-23T20:45:54.354125,cam-01,behavior,9,Dikshant,idle,0.908,1,0
2026-06-23T20:45:55.630922,cam-01,behavior,9,Dikshant,idle,0.901,1,0
2026-06-23T20:45:56.943380,cam-01,behavior,9,Dikshant,idle,0.913,1,0
2026-06-23T20:45:58.242546,cam-01,behavior,9,Dikshant,idle,0.91,1,0
2026-06-23T20:45:59.737152,cam-01,behavior,9,Dikshant,idle,0.905,1,0
2026-06-23T20:46:01.106209,cam-01,behavior,9,Dikshant,idle,0.912,1,0
2026-06-23T20:46:02.470430,cam-01,behavior,9,Dikshant,idle,0.898,1,0
2026-06-23T20:46:03.840601,cam-01,behavior,9,Dikshant,idle,0.889,1,0
2026-06-23T20:46:05.237622,cam-01,behavior,9,Dikshant,idle,0.901,1,0
2026-06-23T20:46:06.733184,cam-01,behavior,9,Dikshant,idle,0.909,1,0
2026-06-23T20:46:08.047437,cam-01,behavior,9,Dikshant,idle,0.901,1,0
2026-06-23T20:46:09.499567,cam-01,behavior,9,Dikshant,idle,0.909,1,0
2026-06-23T20:46:11.165066,cam-01,behavior,9,Dikshant,idle,0.915,1,0
2026-06-23T20:46:12.520940,cam-01,behavior,9,Dikshant,idle,0.902,1,0
2026-06-23T20:46:13.889016,cam-01,behavior,9,Dikshant,idle,0.898,1,0
2026-06-23T20:46:15.418087,cam-01,behavior,9,Dikshant,idle,0.911,1,0
2026-06-23T20:46:16.927853,cam-01,behavior,9,Dikshant,idle,0.905,1,0
2026-06-23T20:46:18.339065,cam-01,behavior,9,Dikshant,idle,0.904,1,0
2026-06-23T20:46:19.868693,cam-01,behavior,9,Dikshant,idle,0.903,1,0
2026-06-23T20:46:21.257402,cam-01,behavior,9,Dikshant,idle,0.902,1,0
2026-06-23T20:46:22.584601,cam-01,behavior,9,Dikshant,idle,0.892,1,0
2026-06-23T20:46:23.603931,cam-01,behavior,9,Dikshant,idle,0.895,1,0
2026-06-23T20:46:24.635702,cam-01,behavior,9,Dikshant,idle,0.908,1,0
2026-06-23T20:46:25.636384,cam-01,behavior,9,Dikshant,idle,0.902,1,0
2026-06-23T20:46:26.667011,cam-01,behavior,9,Dikshant,idle,0.899,1,0
2026-06-23T20:46:27.705849,cam-01,behavior,9,Dikshant,idle,0.898,1,0
2026-06-23T20:46:28.726263,cam-01,behavior,9,Dikshant,idle,0.9,1,0
2026-06-23T20:46:30.090202,cam-01,behavior,9,Dikshant,idle,0.903,1,0
2026-06-23T20:46:31.100450,cam-01,behavior,9,Dikshant,idle,0.91,1,0
2026-06-23T20:46:32.128982,cam-01,behavior,9,Dikshant,idle,0.901,1,0
2026-06-23T20:46:33.166704,cam-01,behavior,9,Dikshant,idle,0.896,1,0
2026-06-23T20:46:34.173799,cam-01,behavior,9,Dikshant,idle,0.879,1,0
2026-06-23T20:46:35.225934,cam-01,behavior,9,Dikshant,idle,0.877,1,0
2026-06-23T20:46:36.246322,cam-01,behavior,9,Dikshant,idle,0.888,1,0
2026-06-23T20:46:37.666432,cam-01,behavior,9,Dikshant,idle,0.888,2,0
2026-06-23T20:46:37.666432,cam-01,behavior,11,unknown,idle,0.713,2,0
2026-06-23T20:46:38.687208,cam-01,behavior,9,Dikshant,idle,0.887,1,0
2026-06-23T20:46:39.715912,cam-01,behavior,9,Dikshant,idle,0.886,1,0
2026-06-23T20:46:40.761253,cam-01,behavior,9,Dikshant,idle,0.893,1,0
2026-06-23T20:46:41.820349,cam-01,behavior,9,Dikshant,idle,0.899,1,0
2026-06-23T20:46:42.847270,cam-01,behavior,9,Dikshant,idle,0.893,1,0
2026-06-23T20:46:43.858493,cam-01,behavior,9,Dikshant,idle,0.893,1,0
2026-06-23T20:46:44.872527,cam-01,behavior,9,Dikshant,idle,0.9,1,0
2026-06-23T20:46:45.875830,cam-01,behavior,9,Dikshant,idle,0.903,1,0
2026-06-23T20:46:46.918117,cam-01,behavior,9,Dikshant,idle,0.893,1,0
2026-06-23T20:46:47.920882,cam-01,behavior,9,Dikshant,idle,0.891,1,0
2026-06-23T20:46:48.927020,cam-01,behavior,9,Dikshant,idle,0.894,1,0
2026-06-23T20:46:49.940087,cam-01,behavior,9,Dikshant,idle,0.896,1,0
2026-06-23T20:46:50.947729,cam-01,behavior,9,Dikshant,idle,0.89,1,0
2026-06-23T20:46:51.982981,cam-01,behavior,9,Dikshant,idle,0.887,1,0
2026-06-23T20:46:52.983953,cam-01,behavior,9,Dikshant,idle,0.898,1,0
2026-06-23T20:46:54.011505,cam-01,behavior,9,Dikshant,idle,0.895,1,0
2026-06-23T20:46:55.027168,cam-01,behavior,9,Dikshant,idle,0.891,1,0
2026-06-23T20:46:56.028947,cam-01,behavior,9,Dikshant,idle,0.903,1,0
2026-06-23T20:46:57.038933,cam-01,behavior,9,Dikshant,idle,0.917,1,0
2026-06-23T20:46:58.059663,cam-01,behavior,9,Dikshant,idle,0.904,1,0
2026-06-23T20:46:59.238278,cam-01,behavior,9,Dikshant,idle,0.875,1,0
2026-06-23T20:47:00.442319,cam-01,behavior,9,Dikshant,idle,0.885,1,0
2026-06-23T20:47:01.446845,cam-01,behavior,9,Dikshant,idle,0.916,1,0
2026-06-23T20:47:02.490442,cam-01,behavior,9,Dikshant,idle,0.908,1,0
2026-06-23T20:47:03.504038,cam-01,behavior,9,Dikshant,idle,0.916,1,0
2026-06-23T20:47:04.531537,cam-01,behavior,9,Dikshant,idle,0.913,1,0
2026-06-23T20:47:05.553729,cam-01,behavior,9,Dikshant,idle,0.91,1,0
2026-06-23T20:47:06.563347,cam-01,behavior,9,Dikshant,idle,0.906,1,0
2026-06-23T20:47:07.579792,cam-01,behavior,9,Dikshant,working,0.9,1,0
2026-06-23T20:47:08.582006,cam-01,behavior,9,Dikshant,idle,0.919,1,0
2026-06-23T20:47:09.598128,cam-01,behavior,9,Dikshant,idle,0.904,1,0
2026-06-23T20:47:10.611825,cam-01,behavior,9,Dikshant,idle,0.936,1,0
2026-06-23T20:47:11.630818,cam-01,behavior,9,Dikshant,idle,0.935,1,0
2026-06-23T20:47:13.846676,cam-01,behavior,12,unknown,working,0.922,1,0
2026-06-23T20:47:14.860131,cam-01,behavior,12,unknown,idle,0.919,1,0
2026-06-23T20:47:15.883768,cam-01,behavior,12,unknown,working,0.894,1,0
2026-06-23T20:47:17.109027,cam-01,behavior,12,unknown,working,0.93,1,0
2026-06-23T20:47:18.136815,cam-01,behavior,12,unknown,working,0.917,1,0
2026-06-23T20:47:19.144095,cam-01,behavior,12,Diksha,working,0.926,1,0
2026-06-23T20:47:20.160880,cam-01,behavior,12,Diksha,idle,0.938,1,0
2026-06-23T20:47:21.171182,cam-01,behavior,12,Diksha,idle,0.939,1,0
2026-06-23T20:47:22.182260,cam-01,behavior,12,Diksha,idle,0.937,1,0
2026-06-23T20:47:23.217199,cam-01,behavior,12,Diksha,idle,0.939,1,0
2026-06-23T20:47:24.244766,cam-01,behavior,12,Diksha,idle,0.937,1,0
2026-06-23T20:47:25.290138,cam-01,behavior,12,Diksha,idle,0.935,1,0
2026-06-23T20:47:26.683612,cam-01,behavior,12,Diksha,idle,0.938,1,0
2026-06-23T20:47:27.729912,cam-01,behavior,12,Diksha,idle,0.94,1,0
2026-06-23T20:47:28.756707,cam-01,behavior,12,Diksha,idle,0.945,1,0
2026-06-23T20:47:29.772615,cam-01,behavior,12,Diksha,idle,0.944,1,0
2026-06-23T20:47:30.794086,cam-01,behavior,12,Diksha,idle,0.944,1,0
2026-06-23T20:47:31.816607,cam-01,behavior,12,Diksha,idle,0.935,2,0
2026-06-23T20:47:31.816607,cam-01,behavior,13,unknown,idle,0.801,2,0
2026-06-23T20:47:32.848539,cam-01,behavior,12,Diksha,idle,0.939,2,0
2026-06-23T20:47:32.848539,cam-01,behavior,13,unknown,idle,0.79,2,0
2026-06-23T20:47:33.882723,cam-01,behavior,12,Diksha,idle,0.942,1,0
2026-06-23T20:47:34.897095,cam-01,behavior,12,Diksha,idle,0.935,1,0
2026-06-23T20:47:35.926431,cam-01,behavior,12,Diksha,idle,0.933,1,0
2026-06-23T20:47:37.328161,cam-01,behavior,12,Diksha,idle,0.943,1,0
2026-06-23T20:47:38.352056,cam-01,behavior,12,Diksha,working,0.929,1,0
2026-06-23T20:47:39.362865,cam-01,behavior,12,Diksha,idle,0.943,1,0
2026-06-23T20:47:40.369813,cam-01,behavior,12,Diksha,idle,0.946,2,0
2026-06-23T20:47:40.369813,cam-01,behavior,14,unknown,idle,0.897,2,0
2026-06-23T20:47:41.411410,cam-01,behavior,12,Diksha,idle,0.932,2,0
2026-06-23T20:47:41.411410,cam-01,behavior,14,unknown,working,0.917,2,0
2026-06-23T20:47:42.445472,cam-01,behavior,12,Diksha,idle,0.929,2,0
2026-06-23T20:47:42.445472,cam-01,behavior,14,unknown,idle,0.919,2,0
2026-06-23T20:47:43.626910,cam-01,behavior,12,Diksha,idle,0.931,2,0
2026-06-23T20:47:43.626910,cam-01,behavior,14,Dikshant,idle,0.933,2,0
2026-06-23T20:47:44.808147,cam-01,behavior,12,Diksha,idle,0.934,2,0
2026-06-23T20:47:44.808147,cam-01,behavior,14,Dikshant,idle,0.929,2,0
2026-06-23T20:47:45.956655,cam-01,behavior,12,Diksha,idle,0.928,2,0
2026-06-23T20:47:45.956655,cam-01,behavior,14,Dikshant,idle,0.93,2,0
2026-06-23T20:47:47.124701,cam-01,behavior,12,Diksha,working,0.844,2,0
2026-06-23T20:47:47.124701,cam-01,behavior,14,Dikshant,idle,0.943,2,0
2026-06-23T20:47:48.153888,cam-01,behavior,12,Diksha,idle,0.784,2,0
2026-06-23T20:47:48.153888,cam-01,behavior,14,Dikshant,working,0.901,2,0
2026-06-23T20:47:49.180420,cam-01,behavior,12,Diksha,idle,0.832,2,0
2026-06-23T20:47:49.180420,cam-01,behavior,14,Dikshant,idle,0.893,2,0
2026-06-23T20:47:50.183542,cam-01,behavior,12,Diksha,idle,0.829,2,0
2026-06-23T20:47:50.183542,cam-01,behavior,14,Dikshant,idle,0.927,2,0
2026-06-23T20:47:51.232574,cam-01,behavior,12,Diksha,idle,0.835,2,0
2026-06-23T20:47:51.232574,cam-01,behavior,14,Dikshant,idle,0.924,2,0
2026-06-23T20:47:52.251060,cam-01,behavior,12,Diksha,idle,0.8,2,0
2026-06-23T20:47:52.251060,cam-01,behavior,14,Dikshant,idle,0.956,2,0
2026-06-23T20:47:53.274234,cam-01,behavior,12,Diksha,working,0.832,2,0
2026-06-23T20:47:53.274234,cam-01,behavior,14,Dikshant,idle,0.898,2,0
2026-06-23T20:47:54.284863,cam-01,behavior,12,Diksha,idle,0.783,2,0
2026-06-23T20:47:54.284863,cam-01,behavior,14,Dikshant,working,0.949,2,0
2026-06-23T20:47:55.314763,cam-01,behavior,12,Diksha,idle,0.792,2,0
2026-06-23T20:47:55.314763,cam-01,behavior,14,Dikshant,idle,0.912,2,0
2026-06-23T20:47:56.338117,cam-01,behavior,12,Diksha,idle,0.811,2,0
2026-06-23T20:47:56.338117,cam-01,behavior,14,Dikshant,idle,0.948,2,0
2026-06-23T20:47:57.370921,cam-01,behavior,12,Diksha,idle,0.813,2,0
2026-06-23T20:47:57.370921,cam-01,behavior,14,Dikshant,idle,0.915,2,0
2026-06-23T20:47:58.386949,cam-01,behavior,12,Diksha,idle,0.845,2,0
2026-06-23T20:47:58.386949,cam-01,behavior,14,Dikshant,working,0.919,2,0
2026-06-23T20:47:59.389474,cam-01,behavior,12,Diksha,idle,0.796,2,1
2026-06-23T20:47:59.389474,cam-01,behavior,14,Dikshant,phone,0.933,2,1
2026-06-23T20:48:00.401123,cam-01,behavior,12,Diksha,idle,0.746,2,0
2026-06-23T20:48:00.401123,cam-01,behavior,14,Dikshant,idle,0.892,2,0
2026-06-23T20:48:01.422621,cam-01,behavior,12,Diksha,idle,0.635,2,1
2026-06-23T20:48:01.422621,cam-01,behavior,14,Dikshant,phone,0.906,2,1
2026-06-23T20:48:02.775763,cam-01,behavior,14,Dikshant,idle,0.785,1,0
2026-06-23T20:48:03.786924,cam-01,behavior,14,Dikshant,working,0.873,2,0
2026-06-23T20:48:03.786924,cam-01,behavior,12,Diksha,idle,0.579,2,0
2026-06-23T20:48:04.794336,cam-01,behavior,14,Dikshant,working,0.918,2,0
2026-06-23T20:48:04.794336,cam-01,behavior,12,Diksha,working,0.859,2,0
2026-06-23T20:48:05.816246,cam-01,behavior,14,Dikshant,phone,0.874,2,1
2026-06-23T20:48:05.816246,cam-01,behavior,12,Diksha,working,0.906,2,1
2026-06-23T20:48:06.840628,cam-01,behavior,14,Dikshant,phone,0.866,2,1
2026-06-23T20:48:06.840628,cam-01,behavior,12,Diksha,idle,0.788,2,1
2026-06-23T20:48:07.860327,cam-01,behavior,14,Dikshant,phone,0.785,2,1
2026-06-23T20:48:07.860327,cam-01,behavior,12,Diksha,idle,0.749,2,1
2026-06-23T20:48:08.885384,cam-01,behavior,14,Dikshant,phone,0.89,2,1
2026-06-23T20:48:08.885384,cam-01,behavior,12,Diksha,idle,0.901,2,1
2026-06-23T20:48:09.902918,cam-01,behavior,14,Dikshant,phone,0.883,2,1
2026-06-23T20:48:09.902918,cam-01,behavior,12,Diksha,idle,0.809,2,1
2026-06-23T20:48:10.915185,cam-01,behavior,12,Diksha,idle,0.926,1,0
2026-06-23T20:48:11.940150,cam-01,behavior,12,Diksha,idle,0.929,2,0
2026-06-23T20:48:11.940150,cam-01,behavior,14,Dikshant,working,0.74,2,0
2026-06-23T20:48:12.977375,cam-01,behavior,12,Diksha,working,0.418,2,0
2026-06-23T20:48:12.977375,cam-01,behavior,14,Dikshant,idle,0.886,2,0
2026-06-23T20:48:14.008641,cam-01,behavior,12,Diksha,idle,0.885,2,0
2026-06-23T20:48:14.008641,cam-01,behavior,14,Dikshant,idle,0.909,2,0
2026-06-23T20:48:15.034712,cam-01,behavior,12,Diksha,working,0.903,1,0
2026-06-23T20:48:16.058398,cam-01,behavior,12,Diksha,idle,0.891,1,0
2026-06-23T20:48:17.065759,cam-01,behavior,12,Diksha,working,0.896,1,0
2026-06-23T20:48:18.067174,cam-01,behavior,12,Diksha,idle,0.463,1,0
2026-06-23T20:48:19.236019,cam-01,behavior,21,unknown,working,0.934,1,0
2026-06-23T20:48:20.266434,cam-01,behavior,21,unknown,working,0.874,1,0
2026-06-23T20:48:21.322193,cam-01,behavior,21,Dikshant,idle,0.888,1,0
2026-06-23T20:48:22.337650,cam-01,behavior,21,Dikshant,idle,0.902,1,0
2026-06-23T20:48:23.357066,cam-01,behavior,21,Dikshant,idle,0.903,1,0
2026-06-23T20:48:24.371372,cam-01,behavior,21,Dikshant,idle,0.895,1,0
2026-06-23T20:48:25.417755,cam-01,behavior,21,Dikshant,idle,0.899,1,0
2026-06-23T20:48:26.430382,cam-01,behavior,21,Dikshant,idle,0.906,1,0
2026-06-23T20:48:27.782005,cam-01,behavior,21,Dikshant,idle,0.898,1,0
2026-06-23T20:56:24.084932,cam-01,behavior,1,unknown,working,0.913,1,0
2026-06-23T20:56:28.186858,cam-01,behavior,1,unknown,idle,0.9,1,0
2026-06-23T20:56:29.262230,cam-01,behavior,1,Dikshant,idle,0.927,1,0
2026-06-23T20:56:30.300232,cam-01,behavior,1,Dikshant,idle,0.919,1,0
2026-06-23T20:56:31.301356,cam-01,behavior,1,Dikshant,idle,0.914,1,0
2026-06-23T20:56:32.309059,cam-01,behavior,1,Dikshant,idle,0.919,1,0
2026-06-23T20:56:33.339364,cam-01,behavior,1,Dikshant,idle,0.911,1,0
2026-06-23T20:56:34.353105,cam-01,behavior,1,Dikshant,idle,0.921,1,0
2026-06-23T20:56:35.372343,cam-01,behavior,1,Dikshant,idle,0.917,1,0
2026-06-23T20:56:36.388237,cam-01,behavior,1,Dikshant,idle,0.922,1,0
2026-06-23T20:56:37.400009,cam-01,behavior,1,Dikshant,idle,0.909,1,0
2026-06-23T20:56:38.773919,cam-01,behavior,1,Dikshant,idle,0.885,1,0
2026-06-23T20:56:39.777495,cam-01,behavior,1,Dikshant,idle,0.885,1,0
2026-06-23T20:56:40.880092,cam-01,behavior,1,Dikshant,idle,0.887,1,0
2026-06-23T20:56:41.924455,cam-01,behavior,1,Dikshant,idle,0.882,1,0
2026-06-23T22:38:05.967538,Camera 1,behavior,1,unknown,working,0.944,1,0
2026-06-23T22:38:13.558172,Camera 1,behavior,1,unknown,idle,0.922,1,0
2026-06-23T22:38:14.571618,Camera 1,behavior,1,Dikshant,idle,0.928,1,0
2026-06-23T22:38:15.578015,Camera 1,behavior,1,Dikshant,idle,0.931,1,0
2026-06-23T22:38:16.594504,Camera 1,behavior,1,Dikshant,idle,0.933,1,0
2026-06-23T22:38:17.593520,Camera 1,behavior,1,Dikshant,idle,0.928,1,0
2026-06-23T22:38:18.620664,Camera 1,behavior,1,Dikshant,idle,0.925,1,0
2026-06-23T22:38:19.638199,Camera 1,behavior,1,Dikshant,idle,0.924,1,0
2026-06-23T22:38:20.975531,Camera 1,behavior,1,Dikshant,idle,0.925,1,0
2026-06-23T22:38:22.000884,Camera 1,behavior,1,Dikshant,idle,0.924,1,0
2026-06-23T22:38:23.012623,Camera 1,behavior,1,Dikshant,idle,0.923,1,0
2026-06-23T22:38:24.044100,Camera 1,behavior,1,Dikshant,idle,0.93,1,0
2026-06-23T22:38:25.086878,Camera 1,behavior,1,Dikshant,idle,0.932,1,0
2026-06-23T22:38:26.105449,Camera 1,behavior,1,Dikshant,idle,0.923,1,0
2026-06-23T22:38:27.137025,Camera 1,behavior,1,Dikshant,idle,0.922,1,0
2026-06-23T22:38:28.378784,Camera 1,behavior,1,Dikshant,idle,0.929,1,0
2026-06-23T22:38:29.409846,Camera 1,behavior,1,Dikshant,idle,0.927,1,0
2026-06-23T22:38:30.415536,Camera 1,behavior,1,Dikshant,idle,0.93,1,0
2026-06-23T22:38:31.461223,Camera 1,behavior,1,Dikshant,idle,0.91,1,0
2026-06-23T22:38:32.466757,Camera 1,behavior,1,Dikshant,idle,0.903,1,0
2026-06-23T22:38:33.487870,Camera 1,behavior,1,Dikshant,idle,0.926,1,0
2026-06-23T22:38:34.515869,Camera 1,behavior,1,Dikshant,idle,0.911,1,0
2026-06-23T22:38:35.533852,Camera 1,behavior,1,Dikshant,working,0.909,1,0
2026-06-23T22:38:36.579353,Camera 1,behavior,1,Dikshant,phone,0.913,1,1
2026-06-23T22:38:37.584315,Camera 1,behavior,1,Dikshant,phone,0.919,1,1
2026-06-23T22:38:38.586375,Camera 1,behavior,1,Dikshant,phone,0.923,1,1
2026-06-23T22:38:39.897779,Camera 1,behavior,1,Dikshant,phone,0.923,1,1
2026-06-23T22:38:40.924931,Camera 1,behavior,1,Dikshant,phone,0.917,1,1
2026-06-23T22:38:41.952374,Camera 1,behavior,1,Dikshant,phone,0.91,1,1
2026-06-23T22:38:42.976444,Camera 1,behavior,1,Dikshant,phone,0.918,1,1
2026-06-23T22:38:43.994250,Camera 1,behavior,1,Dikshant,idle,0.925,1,0
2026-06-23T22:38:45.030368,Camera 1,behavior,1,Dikshant,idle,0.907,1,0
2026-06-23T22:38:46.058631,Camera 1,behavior,1,Dikshant,idle,0.911,1,0
2026-06-23T22:38:47.063036,Camera 1,behavior,1,Dikshant,idle,0.92,1,0
2026-06-23T22:38:48.066129,Camera 1,behavior,1,Dikshant,idle,0.905,1,0
2026-06-23T22:38:49.116598,Camera 1,behavior,1,Dikshant,idle,0.905,1,0
2026-06-23T22:38:50.144823,Camera 1,behavior,1,Dikshant,idle,0.908,1,0
2026-06-23T22:38:51.400892,Camera 1,behavior,1,Dikshant,idle,0.932,1,0
2026-06-23T22:38:52.401607,Camera 1,behavior,1,Dikshant,idle,0.905,1,0
2026-06-23T22:38:53.439544,Camera 1,behavior,1,Dikshant,idle,0.914,1,0
2026-06-23T22:38:54.482934,Camera 1,behavior,1,Dikshant,idle,0.905,1,0
2026-06-23T22:38:55.520792,Camera 1,behavior,1,Dikshant,idle,0.921,1,0
2026-06-23T22:38:56.751537,Camera 1,behavior,1,Dikshant,idle,0.925,1,0
2026-06-23T22:38:57.770584,Camera 1,behavior,1,Dikshant,idle,0.91,1,0
2026-06-23T22:38:58.791867,Camera 1,behavior,1,Dikshant,idle,0.909,1,0
2026-06-23T22:38:59.797694,Camera 1,behavior,1,Dikshant,idle,0.908,1,0
2026-06-23T22:39:00.829134,Camera 1,behavior,1,Dikshant,idle,0.907,1,0
2026-06-23T22:39:01.834535,Camera 1,behavior,1,Dikshant,idle,0.912,1,0
2026-06-23T22:39:02.854214,Camera 1,behavior,1,Dikshant,idle,0.907,1,0
2026-06-23T22:39:04.106163,Camera 1,behavior,1,Dikshant,idle,0.908,1,0
2026-06-23T22:39:05.144796,Camera 1,behavior,1,Dikshant,idle,0.902,1,0
2026-06-23T22:39:06.165233,Camera 1,behavior,1,Dikshant,idle,0.908,1,0
2026-06-23T22:39:07.194387,Camera 1,behavior,1,Dikshant,idle,0.904,1,0
2026-06-23T22:39:08.211666,Camera 1,behavior,1,Dikshant,idle,0.897,1,0
2026-06-23T22:39:09.405658,Camera 1,behavior,1,Dikshant,idle,0.905,1,0
2026-06-23T22:39:10.409170,Camera 1,behavior,1,Dikshant,idle,0.901,1,0
2026-06-23T22:39:11.430778,Camera 1,behavior,1,Dikshant,idle,0.9,1,0
2026-06-23T22:39:12.465210,Camera 1,behavior,1,Dikshant,idle,0.916,1,0
2026-06-23T22:39:13.467602,Camera 1,behavior,1,Dikshant,idle,0.891,1,0
2026-06-23T22:39:14.476752,Camera 1,behavior,1,Dikshant,idle,0.889,1,0
2026-06-23T22:39:15.492361,Camera 1,behavior,1,Dikshant,idle,0.903,1,0
2026-06-23T22:39:16.529401,Camera 1,behavior,1,Dikshant,working,0.806,1,0
2026-06-23T22:39:17.563647,Camera 1,behavior,1,Dikshant,idle,0.87,1,0
2026-06-23T22:39:18.571690,Camera 1,behavior,1,Dikshant,idle,0.89,1,0
2026-06-23T22:39:19.579255,Camera 1,behavior,1,Dikshant,working,0.92,1,0
2026-06-23T22:39:20.592865,Camera 1,behavior,1,Dikshant,idle,0.938,1,0
2026-06-23T22:39:21.621116,Camera 1,behavior,1,Dikshant,idle,0.944,1,0
2026-06-23T22:39:22.867074,Camera 1,behavior,1,Dikshant,idle,0.929,1,0
2026-06-23T22:39:23.902736,Camera 1,behavior,1,Dikshant,working,0.931,1,0
2026-06-23T22:39:24.926474,Camera 1,behavior,1,Dikshant,idle,0.925,1,0
2026-06-23T22:39:25.959498,Camera 1,behavior,1,Dikshant,idle,0.919,1,0
2026-06-23T22:39:26.971932,Camera 1,behavior,1,Dikshant,idle,0.92,1,0
2026-06-23T22:39:27.999297,Camera 1,behavior,1,Dikshant,idle,0.917,1,0
2026-06-23T22:39:29.007927,Camera 1,behavior,1,Dikshant,idle,0.919,1,0
2026-06-23T22:39:30.029920,Camera 1,behavior,1,Dikshant,idle,0.92,1,0
2026-06-23T22:39:31.061578,Camera 1,behavior,1,Dikshant,idle,0.921,1,0
2026-06-23T22:39:32.076619,Camera 1,behavior,1,Dikshant,idle,0.922,1,0
2026-06-23T22:39:33.328973,Camera 1,behavior,1,Dikshant,idle,0.92,1,0
2026-06-23T22:39:34.362888,Camera 1,behavior,1,Dikshant,idle,0.922,1,0
2026-06-23T22:39:35.369306,Camera 1,behavior,1,Dikshant,idle,0.926,1,0
2026-06-23T22:39:36.431442,Camera 1,behavior,1,Dikshant,idle,0.927,1,0
2026-06-23T22:39:37.454899,Camera 1,behavior,1,Dikshant,idle,0.934,1,0
2026-06-23T22:39:38.717872,Camera 1,behavior,1,Dikshant,idle,0.92,1,0
2026-06-23T22:39:39.760237,Camera 1,behavior,1,Dikshant,idle,0.915,1,0
2026-06-23T22:39:40.785193,Camera 1,behavior,1,Dikshant,idle,0.92,1,0
2026-06-23T22:39:41.822546,Camera 1,behavior,1,Dikshant,idle,0.917,1,0
2026-06-23T22:39:42.834977,Camera 1,behavior,1,Dikshant,idle,0.92,1,0
2026-06-23T22:39:43.860993,Camera 1,behavior,1,Dikshant,idle,0.922,1,0
2026-06-23T22:39:44.890120,Camera 1,behavior,1,Dikshant,idle,0.922,1,0
2026-06-23T22:39:45.903467,Camera 1,behavior,1,Dikshant,idle,0.926,1,0
2026-06-23T22:39:47.209491,Camera 1,behavior,1,Dikshant,idle,0.92,1,0
2026-06-23T22:39:48.228167,Camera 1,behavior,1,Dikshant,idle,0.925,1,0
2026-06-23T22:39:49.249568,Camera 1,behavior,1,Dikshant,idle,0.926,1,0
2026-06-23T22:39:50.264051,Camera 1,behavior,1,Dikshant,idle,0.928,1,0
2026-06-23T22:39:51.309884,Camera 1,behavior,1,Dikshant,idle,0.867,1,0
2026-06-23T22:39:52.324664,Camera 1,behavior,1,Dikshant,idle,0.92,1,0
2026-06-23T22:39:53.346255,Camera 1,behavior,1,Dikshant,idle,0.934,1,0
2026-06-23T22:39:54.381822,Camera 1,behavior,1,Dikshant,idle,0.923,1,0
2026-06-23T22:39:55.389153,Camera 1,behavior,1,Dikshant,idle,0.935,1,0
2026-06-23T22:39:56.414241,Camera 1,behavior,1,Dikshant,idle,0.923,1,0
2026-06-23T22:39:57.641877,Camera 1,behavior,1,Dikshant,idle,0.914,1,0
2026-06-23T22:39:58.643832,Camera 1,behavior,1,Dikshant,idle,0.915,1,0
2026-06-23T22:39:59.669432,Camera 1,behavior,1,Dikshant,idle,0.921,1,0
2026-06-23T22:40:00.688964,Camera 1,behavior,1,Dikshant,idle,0.908,1,0
2026-06-23T22:40:01.892688,Camera 1,behavior,1,Dikshant,idle,0.922,1,0
2026-06-23T22:40:02.912224,Camera 1,behavior,1,Dikshant,idle,0.922,1,0
2026-06-23T22:40:03.930670,Camera 1,behavior,1,Dikshant,idle,0.915,1,0
2026-06-23T22:40:04.958549,Camera 1,behavior,1,Dikshant,idle,0.913,1,0
2026-06-23T22:40:05.963881,Camera 1,behavior,1,Dikshant,idle,0.906,1,0
2026-06-23T22:40:06.995048,Camera 1,behavior,1,Dikshant,idle,0.911,1,0
2026-06-23T22:40:08.012627,Camera 1,behavior,1,Dikshant,idle,0.915,1,0
2026-06-23T22:40:09.060470,Camera 1,behavior,1,Dikshant,idle,0.916,1,0
2026-06-23T22:40:10.106455,Camera 1,behavior,1,Dikshant,idle,0.916,1,0
2026-06-23T22:40:11.112086,Camera 1,behavior,1,Dikshant,idle,0.9,1,0
2026-06-23T22:40:12.383322,Camera 1,behavior,1,Dikshant,idle,0.911,1,0
2026-06-23T22:40:13.394799,Camera 1,behavior,1,Dikshant,idle,0.923,1,0
2026-06-23T22:40:14.415473,Camera 1,behavior,1,Dikshant,idle,0.919,1,0
2026-06-23T22:40:15.728543,Camera 1,behavior,1,Dikshant,idle,0.913,1,0
2026-06-23T22:40:16.766145,Camera 1,behavior,1,Dikshant,idle,0.919,1,0
2026-06-23T22:40:17.777340,Camera 1,behavior,1,Dikshant,idle,0.909,1,0
2026-06-23T22:40:18.830313,Camera 1,behavior,1,Dikshant,idle,0.91,1,0
2026-06-23T22:40:19.854255,Camera 1,behavior,1,Dikshant,idle,0.909,1,0
2026-06-23T22:40:20.869396,Camera 1,behavior,1,Dikshant,idle,0.909,1,0
2026-06-23T22:40:21.867440,Camera 1,behavior,1,Dikshant,idle,0.915,1,0
2026-06-23T22:40:22.872103,Camera 1,behavior,1,Dikshant,idle,0.913,1,0
2026-06-23T22:40:23.881844,Camera 1,behavior,1,Dikshant,idle,0.916,1,0
2026-06-23T22:40:25.226062,Camera 1,behavior,1,Dikshant,idle,0.909,1,0
2026-06-23T22:40:26.237715,Camera 1,behavior,1,Dikshant,idle,0.902,1,0
2026-06-23T22:40:27.239175,Camera 1,behavior,1,Dikshant,idle,0.936,1,0
2026-06-23T22:40:28.260917,Camera 1,behavior,1,Dikshant,idle,0.93,1,0
2026-06-23T22:40:29.554423,Camera 1,behavior,1,Dikshant,idle,0.924,1,0
2026-06-23T22:40:30.562967,Camera 1,behavior,1,Dikshant,idle,0.934,1,0
2026-06-23T22:40:31.617494,Camera 1,behavior,1,Dikshant,idle,0.924,1,0
2026-06-23T22:40:32.656306,Camera 1,behavior,1,Dikshant,idle,0.909,1,0
2026-06-23T22:40:33.687358,Camera 1,behavior,1,Dikshant,idle,0.908,1,0
2026-06-23T22:40:34.706767,Camera 1,behavior,1,Dikshant,idle,0.907,1,0
2026-06-23T22:40:35.965392,Camera 1,behavior,1,Dikshant,idle,0.895,1,0
2026-06-23T22:40:36.966524,Camera 1,behavior,1,Dikshant,idle,0.93,1,0
2026-06-23T22:40:37.982851,Camera 1,behavior,1,Dikshant,idle,0.932,1,0
2026-06-23T22:40:38.997196,Camera 1,behavior,1,Dikshant,idle,0.926,1,0
2026-06-23T22:40:40.178432,Camera 1,behavior,1,Dikshant,idle,0.923,1,0
2026-06-23T22:40:41.213499,Camera 1,behavior,1,Dikshant,idle,0.936,1,0
2026-06-23T22:40:42.224237,Camera 1,behavior,1,Dikshant,idle,0.93,1,0
2026-06-23T22:40:43.235101,Camera 1,behavior,1,Dikshant,idle,0.936,1,0
2026-06-23T22:40:44.255938,Camera 1,behavior,1,Dikshant,idle,0.936,1,0
2026-06-23T22:40:45.287154,Camera 1,behavior,1,Dikshant,idle,0.933,1,0
2026-06-23T22:40:46.292928,Camera 1,behavior,1,Dikshant,idle,0.925,1,0
2026-06-23T22:40:47.332308,Camera 1,behavior,1,Dikshant,idle,0.934,1,0
2026-06-23T22:40:48.337378,Camera 1,behavior,1,Dikshant,idle,0.933,1,0
2026-06-23T22:40:49.351647,Camera 1,behavior,1,Dikshant,idle,0.922,1,0
2026-06-23T22:40:50.591152,Camera 1,behavior,1,Dikshant,idle,0.928,1,0
2026-06-23T22:40:51.600455,Camera 1,behavior,1,Dikshant,idle,0.914,1,0
2026-06-23T22:40:52.615745,Camera 1,behavior,1,Dikshant,idle,0.933,1,0
2026-06-23T22:40:53.626249,Camera 1,behavior,1,Dikshant,idle,0.905,1,0
2026-06-23T22:40:54.887756,Camera 1,behavior,1,Dikshant,idle,0.919,1,0
2026-06-23T22:40:55.886048,Camera 1,behavior,1,Dikshant,idle,0.931,1,0
2026-06-23T22:40:56.911257,Camera 1,behavior,1,Dikshant,idle,0.929,1,0
2026-06-23T22:40:57.943329,Camera 1,behavior,1,Dikshant,idle,0.922,1,0
2026-06-23T22:40:58.953544,Camera 1,behavior,1,Dikshant,idle,0.931,1,0
2026-06-23T22:40:59.953638,Camera 1,behavior,1,Dikshant,idle,0.924,1,0
2026-06-23T22:41:00.958150,Camera 1,behavior,1,Dikshant,idle,0.934,1,0
2026-06-23T22:41:01.965458,Camera 1,behavior,1,Dikshant,idle,0.937,1,0
2026-06-23T22:41:02.976397,Camera 1,behavior,1,Dikshant,idle,0.929,1,0
2026-06-23T22:41:03.983883,Camera 1,behavior,1,Dikshant,idle,0.928,1,0
2026-06-23T22:41:05.142952,Camera 1,behavior,1,Dikshant,idle,0.914,1,0
2026-06-23T22:41:06.172273,Camera 1,behavior,1,Dikshant,idle,0.929,1,0
2026-06-23T22:41:07.203448,Camera 1,behavior,1,Dikshant,idle,0.933,1,0
2026-06-23T22:41:08.499274,Camera 1,behavior,1,Dikshant,idle,0.934,1,0
2026-06-23T22:41:09.551836,Camera 1,behavior,1,Dikshant,idle,0.936,1,0
2026-06-23T22:41:10.564020,Camera 1,behavior,1,Dikshant,idle,0.938,1,0
2026-06-23T22:41:11.608097,Camera 1,behavior,1,Dikshant,idle,0.925,1,0
2026-06-23T22:41:12.635808,Camera 1,behavior,1,Dikshant,idle,0.933,1,0
2026-06-23T22:41:13.675601,Camera 1,behavior,1,Dikshant,idle,0.936,1,0
2026-06-23T22:41:14.715776,Camera 1,behavior,1,Dikshant,idle,0.938,1,0
2026-06-23T22:41:15.731885,Camera 1,behavior,1,Dikshant,idle,0.934,1,0
2026-06-23T22:41:17.008761,Camera 1,behavior,1,Dikshant,idle,0.934,1,0
2026-06-23T22:41:18.033690,Camera 1,behavior,1,Dikshant,idle,0.94,1,0
2026-06-23T22:41:19.061078,Camera 1,behavior,1,Dikshant,idle,0.933,1,0
2026-06-23T22:41:20.343772,Camera 1,behavior,1,Dikshant,idle,0.921,1,0
2026-06-23T22:41:21.351102,Camera 1,behavior,1,Dikshant,idle,0.931,1,0
2026-06-23T22:41:22.386321,Camera 1,behavior,1,Dikshant,idle,0.934,1,0
2026-06-23T22:41:23.426492,Camera 1,behavior,1,Dikshant,idle,0.929,1,0
2026-06-23T22:41:24.444147,Camera 1,behavior,1,Dikshant,idle,0.94,1,0
2026-06-23T22:41:25.453683,Camera 1,behavior,1,Dikshant,idle,0.933,1,0
2026-06-23T22:41:26.485520,Camera 1,behavior,1,Dikshant,idle,0.931,1,0
2026-06-23T22:41:27.509759,Camera 1,behavior,1,Dikshant,idle,0.93,1,0
2026-06-23T22:41:28.530629,Camera 1,behavior,1,Dikshant,idle,0.931,1,0
2026-06-23T22:41:29.793613,Camera 1,behavior,1,Dikshant,idle,0.912,1,0
2026-06-23T22:41:30.831092,Camera 1,behavior,1,Dikshant,working,0.909,1,0
2026-06-23T22:41:31.837314,Camera 1,behavior,1,Dikshant,idle,0.909,1,0
2026-06-23T22:41:33.130757,Camera 1,behavior,1,Dikshant,idle,0.911,1,0
2026-06-23T22:41:34.131117,Camera 1,behavior,1,Dikshant,idle,0.915,1,0
2026-06-23T22:41:35.179212,Camera 1,behavior,1,Dikshant,idle,0.924,1,0
2026-06-23T22:41:36.192571,Camera 1,behavior,1,Dikshant,idle,0.904,1,0
2026-06-23T22:41:37.239240,Camera 1,behavior,1,Dikshant,idle,0.92,1,0
2026-06-23T22:41:38.247291,Camera 1,behavior,1,Dikshant,idle,0.881,1,0
2026-06-23T22:41:39.248613,Camera 1,behavior,1,Dikshant,idle,0.887,1,0
2026-06-23T22:41:40.268731,Camera 1,behavior,1,Dikshant,idle,0.881,1,0
2026-06-23T22:41:41.295658,Camera 1,behavior,1,Dikshant,idle,0.901,1,0
2026-06-23T22:41:42.301707,Camera 1,behavior,1,Dikshant,idle,0.928,1,0
2026-06-23T22:41:43.595613,Camera 1,behavior,1,Dikshant,idle,0.917,1,0
2026-06-23T22:41:44.595463,Camera 1,behavior,1,Dikshant,idle,0.919,1,0
2026-06-23T22:41:45.612933,Camera 1,behavior,1,Dikshant,idle,0.926,1,0
2026-06-23T22:41:46.641536,Camera 1,behavior,1,Dikshant,idle,0.921,1,0
2026-06-23T22:41:47.659022,Camera 1,behavior,1,Dikshant,idle,0.918,1,0
2026-06-23T22:41:48.666996,Camera 1,behavior,1,Dikshant,working,0.833,1,0
2026-06-23T22:41:49.700706,Camera 1,behavior,1,Dikshant,idle,0.91,1,0
2026-06-23T22:41:51.057333,Camera 1,behavior,1,Dikshant,idle,0.928,1,0
2026-06-23T22:41:52.060892,Camera 1,behavior,1,Dikshant,idle,0.925,1,0
2026-06-23T22:41:53.069314,Camera 1,behavior,1,Dikshant,idle,0.934,1,0
2026-06-23T22:41:54.120599,Camera 1,behavior,1,Dikshant,idle,0.913,1,0
2026-06-23T22:41:55.137658,Camera 1,behavior,1,Dikshant,idle,0.914,1,0
2026-06-23T22:41:56.161293,Camera 1,behavior,1,Dikshant,idle,0.936,1,0
2026-06-23T22:41:57.297748,Camera 1,behavior,1,Dikshant,idle,0.922,1,0
2026-06-23T22:41:58.316239,Camera 1,behavior,1,Dikshant,idle,0.927,1,0
2026-06-23T22:41:59.348415,Camera 1,behavior,1,Dikshant,idle,0.93,1,0
2026-06-23T22:42:00.678178,Camera 1,behavior,1,Dikshant,idle,0.934,1,0
2026-06-23T22:42:01.725658,Camera 1,behavior,1,Dikshant,idle,0.922,1,0
2026-06-23T22:42:02.724092,Camera 1,behavior,1,Dikshant,idle,0.932,1,0
2026-06-23T22:42:03.767760,Camera 1,behavior,1,Dikshant,idle,0.915,1,0
2026-06-23T22:42:04.771527,Camera 1,behavior,1,Dikshant,idle,0.918,1,0
2026-06-23T22:42:05.780262,Camera 1,behavior,1,Dikshant,idle,0.914,1,0
2026-06-23T22:42:06.829008,Camera 1,behavior,1,Dikshant,idle,0.92,1,0
2026-06-23T22:42:07.843096,Camera 1,behavior,1,Dikshant,idle,0.919,1,0
2026-06-23T22:42:08.844863,Camera 1,behavior,1,Dikshant,idle,0.914,1,0
2026-06-23T22:42:10.128287,Camera 1,behavior,1,Dikshant,idle,0.922,1,0
2026-06-23T22:42:11.149264,Camera 1,behavior,1,Dikshant,idle,0.909,1,0
2026-06-23T22:42:12.192182,Camera 1,behavior,1,Dikshant,idle,0.916,1,0
2026-06-23T22:42:13.465485,Camera 1,behavior,1,Dikshant,idle,0.91,1,0
2026-06-23T22:42:14.494979,Camera 1,behavior,1,Dikshant,idle,0.915,1,0
2026-06-23T22:42:15.498282,Camera 1,behavior,1,dikshant,idle,0.916,1,0
2026-06-23T22:42:16.510365,Camera 1,behavior,1,Dikshant,idle,0.922,1,0
2026-06-23T22:42:17.538584,Camera 1,behavior,1,Dikshant,idle,0.928,1,0
2026-06-23T22:42:18.557464,Camera 1,behavior,1,Dikshant,idle,0.909,1,0
2026-06-23T22:42:19.567427,Camera 1,behavior,1,Dikshant,idle,0.9,1,0
2026-06-23T22:42:20.579364,Camera 1,behavior,1,Dikshant,idle,0.899,1,0
2026-06-23T22:42:21.592511,Camera 1,behavior,1,Dikshant,working,0.913,1,0
2026-06-23T22:42:22.608850,Camera 1,behavior,1,Dikshant,idle,0.911,1,0
2026-06-23T22:42:23.634145,Camera 1,behavior,1,Dikshant,idle,0.919,1,0
2026-06-23T22:42:25.002620,Camera 1,behavior,1,Dikshant,idle,0.926,1,0
2026-06-23T22:42:26.010631,Camera 1,behavior,1,Dikshant,idle,0.92,1,0
2026-06-23T22:42:27.023722,Camera 1,behavior,1,Dikshant,idle,0.912,1,0
2026-06-23T22:42:28.040237,Camera 1,behavior,1,Dikshant,idle,0.909,1,0
2026-06-23T22:42:29.393983,Camera 1,behavior,1,Dikshant,idle,0.915,1,0
2026-06-23T22:42:30.412150,Camera 1,behavior,1,Dikshant,idle,0.924,1,0
2026-06-23T22:42:31.421234,Camera 1,behavior,1,Dikshant,idle,0.928,1,0
2026-06-23T22:42:32.452613,Camera 1,behavior,1,Dikshant,idle,0.917,1,0
2026-06-23T22:42:33.454228,Camera 1,behavior,1,Dikshant,idle,0.909,1,0
2026-06-23T22:42:34.779459,Camera 1,behavior,1,Dikshant,idle,0.908,1,0
2026-06-23T22:42:35.806153,Camera 1,behavior,1,Dikshant,idle,0.9,1,0
2026-06-23T22:42:36.844903,Camera 1,behavior,1,Dikshant,idle,0.904,1,0
2026-06-23T22:42:37.884046,Camera 1,behavior,1,Dikshant,idle,0.914,1,0
2026-06-23T22:42:38.884733,Camera 1,behavior,1,Dikshant,idle,0.913,1,0
2026-06-23T22:42:40.148639,Camera 1,behavior,1,Dikshant,idle,0.912,1,0
2026-06-23T22:42:41.176309,Camera 1,behavior,1,Dikshant,idle,0.9,1,0
2026-06-23T22:42:42.209114,Camera 1,behavior,1,Dikshant,working,0.888,1,0
2026-06-23T22:42:43.228542,Camera 1,behavior,1,Dikshant,working,0.926,1,0
2026-06-23T22:42:44.231528,Camera 1,behavior,1,Dikshant,idle,0.929,1,0
2026-06-23T22:42:45.260449,Camera 1,behavior,1,Dikshant,idle,0.935,1,0
2026-06-23T22:42:46.259678,Camera 1,behavior,1,Dikshant,idle,0.927,1,0
2026-06-23T22:42:47.289216,Camera 1,behavior,1,Dikshant,idle,0.925,1,0
2026-06-23T22:42:48.291590,Camera 1,behavior,1,Dikshant,idle,0.915,1,0
2026-06-23T22:42:49.627867,Camera 1,behavior,1,Dikshant,idle,0.919,1,0
2026-06-23T22:42:50.631198,Camera 1,behavior,1,Dikshant,idle,0.883,1,0
2026-06-23T22:42:51.655522,Camera 1,behavior,1,Dikshant,working,0.895,2,0
2026-06-23T22:42:51.655522,Camera 1,behavior,5,unknown,working,0.42,2,0
2026-06-23T22:42:52.668628,Camera 1,behavior,1,Dikshant,working,0.872,3,0
2026-06-23T22:42:52.668628,Camera 1,behavior,7,unknown,working,0.455,3,0
2026-06-23T22:42:52.668628,Camera 1,behavior,5,unknown,working,0.474,3,0
2026-06-23T22:42:53.692226,Camera 1,behavior,1,Dikshant,idle,0.89,1,0
2026-06-23T22:42:54.701463,Camera 1,behavior,1,Dikshant,working,0.713,1,0
2026-06-23T22:42:55.714644,Camera 1,behavior,1,Dikshant,idle,0.748,1,0
2026-06-23T22:42:56.755736,Camera 1,behavior,1,Dikshant,idle,0.658,1,0
2026-06-23T22:42:57.763315,Camera 1,behavior,1,Dikshant,idle,0.703,1,0
2026-06-23T22:42:58.800208,Camera 1,behavior,1,Dikshant,idle,0.789,1,0
2026-06-23T22:43:00.280741,Camera 1,behavior,1,Dikshant,idle,0.859,2,0
2026-06-23T22:43:00.280741,Camera 1,behavior,8,unknown,working,0.867,2,0
2026-06-23T22:43:01.300698,Camera 1,behavior,1,Dikshant,working,0.923,1,0
2026-06-23T22:43:02.365179,Camera 1,behavior,1,Dikshant,working,0.928,2,0
2026-06-23T22:43:02.365179,Camera 1,behavior,8,unknown,working,0.862,2,0
2026-06-23T22:43:03.413010,Camera 1,behavior,1,Dikshant,working,0.876,2,0
2026-06-23T22:43:03.413010,Camera 1,behavior,8,unknown,working,0.908,2,0
2026-06-23T22:43:04.414735,Camera 1,behavior,1,Dikshant,idle,0.902,1,0
2026-06-23T22:43:05.424882,Camera 1,behavior,1,Dikshant,idle,0.908,1,0
2026-06-23T22:43:06.436704,Camera 1,behavior,1,Dikshant,idle,0.908,1,0
2026-06-23T22:43:07.565258,Camera 1,behavior,1,Dikshant,idle,0.904,1,0
2026-06-23T22:43:08.817326,Camera 1,behavior,1,Dikshant,working,0.705,2,0
2026-06-23T22:43:08.817326,Camera 1,behavior,8,unknown,idle,0.934,2,0
2026-06-23T22:43:10.104252,Camera 1,behavior,1,Dikshant,idle,0.907,2,0
2026-06-23T22:43:10.104252,Camera 1,behavior,8,unknown,idle,0.556,2,0
2026-06-23T22:43:11.364348,Camera 1,behavior,1,Dikshant,idle,0.911,2,0
2026-06-23T22:43:11.364348,Camera 1,behavior,8,unknown,working,0.664,2,0
2026-06-23T22:43:12.570986,Camera 1,behavior,1,Dikshant,idle,0.933,2,0
2026-06-23T22:43:12.570986,Camera 1,behavior,8,unknown,working,0.679,2,0
2026-06-23T22:43:13.647617,Camera 1,behavior,1,Dikshant,idle,0.915,2,0
2026-06-23T22:43:13.647617,Camera 1,behavior,8,unknown,idle,0.752,2,0
2026-06-23T22:43:14.729842,Camera 1,behavior,1,Dikshant,idle,0.883,2,0
2026-06-23T22:43:14.729842,Camera 1,behavior,8,unknown,working,0.615,2,0
2026-06-23T22:43:15.765168,Camera 1,behavior,8,unknown,idle,0.928,1,0
2026-06-23T22:43:16.804349,Camera 1,behavior,8,unknown,idle,0.941,1,0
2026-06-23T22:43:17.825396,Camera 1,behavior,8,unknown,idle,0.94,1,0
2026-06-23T22:43:18.846081,Camera 1,behavior,8,unknown,idle,0.917,1,0
2026-06-23T22:43:19.886438,Camera 1,behavior,8,unknown,idle,0.924,1,0
2026-06-23T22:43:20.917802,Camera 1,behavior,8,unknown,idle,0.932,1,0
2026-06-23T22:43:21.957708,Camera 1,behavior,8,unknown,idle,0.936,1,0
2026-06-23T22:43:22.976970,Camera 1,behavior,8,unknown,idle,0.934,1,0
2026-06-23T22:43:24.005806,Camera 1,behavior,8,unknown,idle,0.926,1,0
2026-06-23T22:43:25.028152,Camera 1,behavior,8,unknown,idle,0.93,1,0
2026-06-23T22:43:26.205081,Camera 1,behavior,8,unknown,idle,0.921,1,0
2026-06-23T22:43:27.249051,Camera 1,behavior,8,unknown,idle,0.931,1,0
2026-06-23T22:43:28.251053,Camera 1,behavior,8,unknown,idle,0.927,1,0
2026-06-23T22:43:29.283683,Camera 1,behavior,8,unknown,idle,0.925,1,0
2026-06-23T22:43:30.323844,Camera 1,behavior,8,unknown,working,0.705,1,0
2026-06-23T22:43:31.357749,Camera 1,behavior,8,unknown,working,0.831,1,0
2026-06-23T22:43:32.386200,Camera 1,behavior,8,dikshant,working,0.901,2,0
2026-06-23T22:43:32.386200,Camera 1,behavior,11,unknown,walking,0.351,2,0
2026-06-23T22:43:33.437721,Camera 1,behavior,8,dikshant,working,0.907,2,0
2026-06-23T22:43:33.437721,Camera 1,behavior,11,unknown,idle,0.853,2,0
2026-06-23T22:43:34.486197,Camera 1,behavior,8,dikshant,idle,0.911,2,0
2026-06-23T22:43:34.486197,Camera 1,behavior,11,unknown,idle,0.819,2,0
2026-06-23T22:43:35.500625,Camera 1,behavior,8,dikshant,idle,0.913,2,0
2026-06-23T22:43:35.500625,Camera 1,behavior,11,unknown,idle,0.77,2,0
2026-06-23T22:43:36.624758,Camera 1,behavior,8,dikshant,idle,0.909,2,0
2026-06-23T22:43:36.624758,Camera 1,behavior,11,unknown,idle,0.765,2,0
2026-06-23T22:43:37.846888,Camera 1,behavior,8,dikshant,idle,0.909,2,0
2026-06-23T22:43:37.846888,Camera 1,behavior,11,unknown,idle,0.751,2,0
2026-06-23T22:43:38.995354,Camera 1,behavior,8,dikshant,working,0.906,2,0
2026-06-23T22:43:38.995354,Camera 1,behavior,11,unknown,working,0.754,2,0
2026-06-23T22:43:40.070640,Camera 1,behavior,8,dikshant,idle,0.918,2,0
2026-06-23T22:43:40.070640,Camera 1,behavior,11,unknown,idle,0.761,2,0
2026-06-23T22:43:41.100285,Camera 1,behavior,8,dikshant,idle,0.92,2,0
2026-06-23T22:43:41.100285,Camera 1,behavior,11,unknown,idle,0.753,2,0
2026-06-23T22:43:42.126327,Camera 1,behavior,8,dikshant,idle,0.913,2,0
2026-06-23T22:43:42.126327,Camera 1,behavior,11,unknown,idle,0.8,2,0
2026-06-23T22:43:43.161392,Camera 1,behavior,8,dikshant,idle,0.898,2,0
2026-06-23T22:43:43.161392,Camera 1,behavior,11,unknown,idle,0.687,2,0
2026-06-23T22:43:44.249844,Camera 1,behavior,8,dikshant,idle,0.924,2,0
2026-06-23T22:43:44.249844,Camera 1,behavior,11,unknown,idle,0.802,2,0
2026-06-23T22:43:45.341796,Camera 1,behavior,8,dikshant,idle,0.899,2,0
2026-06-23T22:43:45.341796,Camera 1,behavior,11,unknown,idle,0.821,2,0
2026-06-23T22:43:46.401909,Camera 1,behavior,8,dikshant,idle,0.917,1,0
2026-06-23T22:43:47.565246,Camera 1,behavior,8,dikshant,idle,0.904,2,0
2026-06-23T22:43:47.565246,Camera 1,behavior,11,unknown,working,0.51,2,0
2026-06-23T22:43:48.583311,Camera 1,behavior,8,dikshant,idle,0.917,1,0
2026-06-23T22:43:49.589275,Camera 1,behavior,8,dikshant,idle,0.905,1,0
2026-06-23T22:43:50.594490,Camera 1,behavior,8,dikshant,idle,0.898,1,0
2026-06-23T22:43:51.631166,Camera 1,behavior,8,dikshant,idle,0.919,1,0
2026-06-23T22:43:52.884681,Camera 1,behavior,8,dikshant,idle,0.925,1,0
2026-06-23T22:43:53.894241,Camera 1,behavior,8,dikshant,idle,0.918,1,0
2026-06-23T22:43:54.924627,Camera 1,behavior,8,dikshant,idle,0.919,2,0
2026-06-23T22:43:54.924627,Camera 1,behavior,12,unknown,idle,0.58,2,0
2026-06-23T22:43:55.951969,Camera 1,behavior,8,dikshant,idle,0.922,1,0
2026-06-23T22:43:56.955205,Camera 1,behavior,8,dikshant,idle,0.923,2,0
2026-06-23T22:43:56.955205,Camera 1,behavior,12,unknown,idle,0.522,2,0
2026-06-23T22:43:57.973126,Camera 1,behavior,8,dikshant,idle,0.919,1,0
2026-06-23T22:43:59.003260,Camera 1,behavior,8,dikshant,idle,0.908,1,0
2026-06-23T22:44:00.017874,Camera 1,behavior,8,dikshant,idle,0.907,1,0
2026-06-23T22:44:01.045685,Camera 1,behavior,8,dikshant,idle,0.913,1,0
2026-06-23T22:44:02.257309,Camera 1,behavior,8,dikshant,idle,0.915,1,0
2026-06-23T22:44:03.275620,Camera 1,behavior,8,Dikshant,idle,0.916,1,0
2026-06-23T22:44:04.286982,Camera 1,behavior,8,Dikshant,idle,0.906,1,0
2026-06-23T22:44:05.596469,Camera 1,behavior,8,Dikshant,idle,0.919,1,0
2026-06-23T22:44:06.596939,Camera 1,behavior,8,Dikshant,idle,0.907,1,0
2026-06-23T22:44:07.643711,Camera 1,behavior,8,Dikshant,idle,0.911,1,0
2026-06-23T22:44:08.688961,Camera 1,behavior,8,Dikshant,idle,0.919,1,0
2026-06-23T22:44:09.934056,Camera 1,behavior,8,Dikshant,idle,0.917,1,0
2026-06-23T22:44:10.975733,Camera 1,behavior,8,Dikshant,idle,0.89,1,0
2026-06-23T22:44:11.983478,Camera 1,behavior,8,Dikshant,idle,0.898,1,0
2026-06-23T22:44:12.996343,Camera 1,behavior,8,Dikshant,idle,0.889,1,0
2026-06-23T22:44:14.018974,Camera 1,behavior,8,Dikshant,idle,0.875,1,0
2026-06-23T22:44:15.056457,Camera 1,behavior,8,Dikshant,working,0.894,1,0
2026-06-23T22:44:16.078892,Camera 1,behavior,8,Dikshant,working,0.859,1,0
2026-06-23T22:44:17.099808,Camera 1,behavior,8,Dikshant,idle,0.901,2,0
2026-06-23T22:44:17.099808,Camera 1,behavior,13,unknown,idle,0.625,2,0
2026-06-23T22:44:18.126925,Camera 1,behavior,8,Dikshant,idle,0.89,2,0
2026-06-23T22:44:18.126925,Camera 1,behavior,13,unknown,working,0.867,2,0
2026-06-23T22:44:19.131953,Camera 1,behavior,8,Dikshant,idle,0.777,2,0
2026-06-23T22:44:19.131953,Camera 1,behavior,13,unknown,working,0.705,2,0
2026-06-23T22:44:20.467256,Camera 1,behavior,8,Dikshant,idle,0.878,2,0
2026-06-23T22:44:20.467256,Camera 1,behavior,13,unknown,idle,0.616,2,0
2026-06-23T22:44:21.547965,Camera 1,behavior,8,Dikshant,idle,0.861,2,0
2026-06-23T22:44:21.547965,Camera 1,behavior,13,unknown,idle,0.84,2,0
2026-06-23T22:44:22.551513,Camera 1,behavior,13,unknown,working,0.941,1,0
2026-06-23T22:44:23.603860,Camera 1,behavior,13,unknown,working,0.909,1,0
2026-06-23T22:44:24.614190,Camera 1,behavior,13,unknown,idle,0.907,1,0
2026-06-23T22:44:25.646480,Camera 1,behavior,13,unknown,idle,0.908,1,0
2026-06-23T22:44:26.662797,Camera 1,behavior,13,unknown,idle,0.906,1,0
2026-06-23T22:44:27.760594,Camera 1,behavior,13,unknown,idle,0.918,1,0
2026-06-23T22:44:28.780733,Camera 1,behavior,13,unknown,idle,0.913,1,0
2026-06-23T22:44:29.791256,Camera 1,behavior,13,unknown,idle,0.919,1,0
2026-06-23T22:44:30.828858,Camera 1,behavior,13,Mamta,idle,0.914,1,0
2026-06-23T22:44:31.857440,Camera 1,behavior,13,Mamta,idle,0.918,1,0
2026-06-23T22:44:32.863614,Camera 1,behavior,13,Mamta,idle,0.912,1,0
2026-06-23T22:44:33.883561,Camera 1,behavior,13,Mamta,idle,0.919,1,0
2026-06-23T22:44:35.138028,Camera 1,behavior,13,Mamta,idle,0.915,1,0
2026-06-23T22:44:36.170198,Camera 1,behavior,13,Mamta,idle,0.907,1,0
2026-06-23T22:44:37.247209,Camera 1,behavior,13,Mamta,idle,0.919,1,0
2026-06-23T22:44:39.303225,Camera 1,behavior,15,unknown,idle,0.868,1,0
2026-06-23T22:44:40.308691,Camera 1,behavior,15,unknown,working,0.89,1,0
2026-06-23T22:44:41.329661,Camera 1,behavior,15,unknown,working,0.929,1,0
2026-06-23T22:44:42.337109,Camera 1,behavior,15,dikshant,working,0.914,1,0
2026-06-23T22:44:43.365587,Camera 1,behavior,15,dikshant,idle,0.918,1,0
2026-06-23T22:44:44.398845,Camera 1,behavior,15,dikshant,idle,0.913,1,0
2026-06-23T22:44:45.574000,Camera 1,behavior,15,dikshant,working,0.871,1,0
2026-06-23T22:44:46.587611,Camera 1,behavior,15,Dikshant,working,0.891,1,0
2026-06-23T22:44:47.594172,Camera 1,behavior,15,dikshant,working,0.908,1,0
2026-06-23T22:44:48.636847,Camera 1,behavior,15,Dikshant,idle,0.909,1,0
2026-06-23T22:44:49.687186,Camera 1,behavior,15,Dikshant,idle,0.912,1,0
2026-06-23T22:44:50.710812,Camera 1,behavior,15,Dikshant,idle,0.922,1,0
2026-06-23T22:44:51.723446,Camera 1,behavior,15,Dikshant,idle,0.917,1,0
2026-06-23T22:44:52.759428,Camera 1,behavior,15,Dikshant,idle,0.926,1,0
2026-06-23T22:44:53.780532,Camera 1,behavior,15,Dikshant,idle,0.928,1,0
2026-06-23T22:44:54.807940,Camera 1,behavior,15,Dikshant,working,0.95,1,0
2026-06-23T22:44:55.819752,Camera 1,behavior,15,Dikshant,idle,0.947,1,0
2026-06-23T22:44:57.093967,Camera 1,behavior,15,Dikshant,idle,0.94,1,0
2026-06-23T22:44:58.122050,Camera 1,behavior,15,Dikshant,idle,0.938,1,0
2026-06-23T22:44:59.122515,Camera 1,behavior,15,Dikshant,idle,0.945,1,0
2026-06-23T22:45:00.135820,Camera 1,behavior,15,Dikshant,idle,0.939,1,0
2026-06-23T22:45:01.172851,Camera 1,behavior,15,Dikshant,idle,0.936,1,0
2026-06-23T22:45:02.205891,Camera 1,behavior,15,Dikshant,idle,0.938,1,0
2026-06-23T22:45:03.255264,Camera 1,behavior,15,Dikshant,idle,0.939,1,0
2026-06-23T22:45:04.274973,Camera 1,behavior,15,Dikshant,idle,0.933,1,0
2026-06-23T22:45:05.567351,Camera 1,behavior,15,Dikshant,idle,0.927,1,0
2026-06-23T22:45:06.606316,Camera 1,behavior,15,Dikshant,idle,0.933,1,0
2026-06-23T22:45:07.628841,Camera 1,behavior,15,Dikshant,idle,0.939,1,0
2026-06-23T22:45:08.630615,Camera 1,behavior,15,Dikshant,idle,0.938,1,0
2026-06-23T22:45:09.641379,Camera 1,behavior,15,Dikshant,idle,0.943,1,0
2026-06-23T22:45:10.653762,Camera 1,behavior,15,Dikshant,idle,0.933,1,0
2026-06-23T22:45:11.754496,Camera 1,behavior,15,Dikshant,idle,0.943,1,0
2026-06-23T22:45:12.782675,Camera 1,behavior,15,Dikshant,idle,0.941,1,0
2026-06-23T22:45:13.788673,Camera 1,behavior,15,Dikshant,idle,0.937,1,0
2026-06-23T22:45:14.795694,Camera 1,behavior,15,Dikshant,idle,0.933,1,0
2026-06-24T09:41:47.651535,Camera 1,behavior,1,unknown,working,0.908,1,0
2026-06-24T09:41:55.404955,Camera 1,behavior,1,unknown,idle,0.929,1,0
2026-06-24T09:41:56.410560,Camera 1,behavior,1,Dikshant,idle,0.928,1,0
2026-06-24T09:41:57.419323,Camera 1,behavior,1,Dikshant,idle,0.93,1,0
2026-06-24T09:41:58.441548,Camera 1,behavior,1,Dikshant,idle,0.93,1,0
2026-06-24T09:41:59.480063,Camera 1,behavior,1,Dikshant,idle,0.923,1,0
2026-06-24T09:42:00.533717,Camera 1,behavior,1,Dikshant,idle,0.924,1,0
2026-06-24T09:42:01.549943,Camera 1,behavior,1,Dikshant,idle,0.927,1,0
2026-06-24T09:42:02.563590,Camera 1,behavior,1,Dikshant,idle,0.925,1,0
2026-06-24T09:42:03.596053,Camera 1,behavior,1,Dikshant,idle,0.93,1,0
2026-06-24T09:42:04.639709,Camera 1,behavior,1,Dikshant,idle,0.923,1,0
2026-06-24T09:42:05.644397,Camera 1,behavior,1,Dikshant,idle,0.924,1,0
2026-06-24T09:42:06.667670,Camera 1,behavior,1,Dikshant,idle,0.928,1,0
2026-06-24T09:42:07.674839,Camera 1,behavior,1,Dikshant,idle,0.924,1,0
2026-06-24T09:42:08.702990,Camera 1,behavior,1,Dikshant,idle,0.918,1,0
2026-06-24T09:42:09.721411,Camera 1,behavior,1,Dikshant,idle,0.913,1,0
2026-06-24T09:42:10.951623,Camera 1,behavior,1,Dikshant,idle,0.918,1,0
2026-06-24T09:42:11.972361,Camera 1,behavior,1,Dikshant,idle,0.922,1,0
2026-06-24T09:42:12.981296,Camera 1,behavior,1,Dikshant,idle,0.922,1,0
2026-06-24T09:42:14.019011,Camera 1,behavior,1,Dikshant,idle,0.917,1,0
2026-06-24T09:42:15.062876,Camera 1,behavior,1,Dikshant,idle,0.922,1,0
2026-06-24T09:42:16.106002,Camera 1,behavior,1,Dikshant,idle,0.921,1,0
2026-06-24T09:42:17.125714,Camera 1,behavior,1,Dikshant,idle,0.938,1,0
2026-06-24T09:42:18.187113,Camera 1,behavior,1,Dikshant,working,0.916,1,0
2026-06-24T09:42:19.214220,Camera 1,behavior,1,Dikshant,phone,0.942,1,1
2026-06-24T09:42:20.234402,Camera 1,behavior,1,Dikshant,phone,0.945,1,1
2026-06-24T09:42:21.553588,Camera 1,behavior,1,Dikshant,phone,0.92,1,1
2026-06-24T09:42:22.612427,Camera 1,behavior,1,Dikshant,idle,0.886,1,0
2026-06-24T09:42:23.618045,Camera 1,behavior,1,Dikshant,phone,0.914,1,1
2026-06-24T09:42:24.619115,Camera 1,behavior,1,Dikshant,phone,0.923,1,1
2026-06-24T09:42:25.675253,Camera 1,behavior,1,Dikshant,phone,0.938,1,1
2026-06-24T09:42:26.707769,Camera 1,behavior,1,Dikshant,idle,0.93,1,0
2026-06-24T09:42:27.743206,Camera 1,behavior,1,Dikshant,phone,0.893,1,1
2026-06-24T09:42:28.772188,Camera 1,behavior,1,Dikshant,phone,0.913,1,1
2026-06-24T09:42:30.027756,Camera 1,behavior,1,Dikshant,phone,0.909,1,1
2026-06-24T09:42:31.025444,Camera 1,behavior,1,Dikshant,phone,0.915,1,1
2026-06-24T09:42:32.030334,Camera 1,behavior,1,Dikshant,working,0.787,1,0
2026-06-24T09:42:33.034731,Camera 1,behavior,1,Dikshant,idle,0.909,1,0
2026-06-24T09:42:34.046876,Camera 1,behavior,1,Dikshant,idle,0.889,1,0
2026-06-24T09:42:35.340900,Camera 1,behavior,1,Dikshant,idle,0.881,1,0
2026-06-24T09:42:36.347519,Camera 1,behavior,1,Dikshant,idle,0.873,1,0
2026-06-24T09:42:37.372923,Camera 1,behavior,1,Dikshant,idle,0.884,1,0
2026-06-24T09:42:38.386685,Camera 1,behavior,1,Dikshant,idle,0.882,1,0
2026-06-24T09:42:39.423009,Camera 1,behavior,1,Dikshant,idle,0.891,1,0
2026-06-24T09:42:40.437610,Camera 1,behavior,1,Dikshant,idle,0.888,1,0
2026-06-24T09:42:41.450153,Camera 1,behavior,1,Dikshant,idle,0.885,1,0
2026-06-24T09:42:42.485485,Camera 1,behavior,1,Dikshant,idle,0.88,1,0
2026-06-24T09:42:43.551446,Camera 1,behavior,1,Dikshant,idle,0.886,1,0
2026-06-24T09:42:44.585289,Camera 1,behavior,1,Dikshant,idle,0.885,1,0
2026-06-24T09:42:45.873204,Camera 1,behavior,1,Dikshant,idle,0.907,1,0
2026-06-24T09:42:46.874237,Camera 1,behavior,1,Dikshant,idle,0.902,1,0
2026-06-24T09:42:47.879140,Camera 1,behavior,1,Dikshant,idle,0.903,1,0
2026-06-24T09:42:48.900917,Camera 1,behavior,1,Dikshant,idle,0.897,1,0
2026-06-24T09:42:49.922099,Camera 1,behavior,1,Dikshant,idle,0.904,1,0
2026-06-24T09:42:50.956915,Camera 1,behavior,1,Dikshant,idle,0.904,1,0
2026-06-24T09:42:51.970044,Camera 1,behavior,1,Dikshant,idle,0.904,1,0
2026-06-24T09:42:52.998248,Camera 1,behavior,1,Dikshant,idle,0.896,1,0
2026-06-24T09:42:54.332021,Camera 1,behavior,1,Dikshant,idle,0.895,1,0
2026-06-24T09:42:55.348398,Camera 1,behavior,1,Dikshant,idle,0.896,1,0
2026-06-24T09:42:56.379313,Camera 1,behavior,1,Dikshant,idle,0.896,1,0
2026-06-24T09:42:57.388347,Camera 1,behavior,1,Dikshant,idle,0.894,1,0
2026-06-24T09:42:58.644503,Camera 1,behavior,1,Dikshant,idle,0.889,1,0
2026-06-24T09:42:59.670367,Camera 1,behavior,1,Dikshant,idle,0.888,1,0
2026-06-24T09:43:00.706407,Camera 1,behavior,1,Dikshant,idle,0.888,1,0
2026-06-24T09:43:01.723576,Camera 1,behavior,1,Dikshant,idle,0.887,1,0
2026-06-24T09:43:02.740101,Camera 1,behavior,1,Dikshant,idle,0.883,1,0
2026-06-24T09:43:03.746073,Camera 1,behavior,1,Dikshant,idle,0.909,1,0
2026-06-24T09:43:04.779299,Camera 1,behavior,1,Dikshant,idle,0.893,1,0
2026-06-24T09:43:05.786480,Camera 1,behavior,1,Dikshant,idle,0.896,1,0
2026-06-24T09:43:06.814993,Camera 1,behavior,1,Dikshant,idle,0.885,1,0
2026-06-24T09:43:08.071215,Camera 1,behavior,1,Dikshant,idle,0.891,1,0
2026-06-24T09:43:09.085516,Camera 1,behavior,1,Dikshant,idle,0.889,1,0
2026-06-24T09:43:10.106968,Camera 1,behavior,1,Dikshant,idle,0.894,1,0
2026-06-24T09:43:11.125956,Camera 1,behavior,1,Dikshant,idle,0.888,1,0
2026-06-24T09:43:12.151609,Camera 1,behavior,1,Dikshant,idle,0.884,1,0
2026-06-24T09:43:13.189683,Camera 1,behavior,1,Dikshant,idle,0.876,1,0
2026-06-24T09:43:14.311611,Camera 1,behavior,1,Dikshant,idle,0.885,1,0
2026-06-24T09:43:15.349951,Camera 1,behavior,1,Dikshant,idle,0.886,1,0
2026-06-24T09:43:16.370912,Camera 1,behavior,1,Dikshant,idle,0.893,1,0
2026-06-24T09:43:17.517183,Camera 1,behavior,1,Dikshant,idle,0.884,1,0
2026-06-24T09:43:18.518711,Camera 1,behavior,1,Dikshant,idle,0.883,1,0
2026-06-24T09:43:19.539497,Camera 1,behavior,1,Dikshant,idle,0.887,1,0
2026-06-24T09:43:20.579135,Camera 1,behavior,1,Dikshant,idle,0.89,1,0
2026-06-24T09:43:21.622361,Camera 1,behavior,1,Dikshant,idle,0.894,1,0
2026-06-24T09:43:22.632851,Camera 1,behavior,1,Dikshant,idle,0.889,1,0
2026-06-24T09:43:23.679031,Camera 1,behavior,1,Dikshant,idle,0.885,1,0
2026-06-24T09:43:24.698126,Camera 1,behavior,1,Dikshant,idle,0.884,1,0
2026-06-24T09:43:26.032584,Camera 1,behavior,1,Dikshant,idle,0.894,1,0
2026-06-24T09:43:27.035491,Camera 1,behavior,1,Dikshant,idle,0.894,1,0
2026-06-24T09:43:28.052835,Camera 1,behavior,1,Dikshant,idle,0.887,1,0
2026-06-24T09:43:29.070833,Camera 1,behavior,1,Dikshant,idle,0.89,1,0
2026-06-24T09:43:30.078828,Camera 1,behavior,1,Dikshant,idle,0.895,1,0
2026-06-24T09:43:31.097044,Camera 1,behavior,1,Dikshant,idle,0.895,1,0
2026-06-24T09:43:32.110915,Camera 1,behavior,1,Dikshant,idle,0.897,1,0
2026-06-24T09:43:33.322049,Camera 1,behavior,1,Dikshant,idle,0.893,1,0
2026-06-24T09:43:34.323095,Camera 1,behavior,1,Dikshant,idle,0.883,1,0
2026-06-24T09:43:35.455917,Camera 1,behavior,1,Dikshant,idle,0.877,1,0
2026-06-24T09:43:36.658527,Camera 1,behavior,1,Dikshant,idle,0.89,1,0
2026-06-24T09:43:37.846071,Camera 1,behavior,1,Dikshant,idle,0.882,1,0
2026-06-24T09:43:39.048773,Camera 1,behavior,1,Dikshant,idle,0.867,1,0
2026-06-24T10:00:10.002850,Camera 1,behavior,1,unknown,working,0.934,1,0
2026-06-24T10:00:13.671992,Camera 1,behavior,1,unknown,idle,0.938,1,0
2026-06-24T10:00:14.724828,Camera 1,behavior,1,Dikshant,idle,0.924,1,0
2026-06-24T10:00:15.736077,Camera 1,behavior,1,Dikshant,idle,0.917,1,0
2026-06-24T10:00:16.761180,Camera 1,behavior,1,Dikshant,idle,0.935,1,0
2026-06-24T10:00:17.797152,Camera 1,behavior,1,Dikshant,idle,0.932,1,0
2026-06-24T10:00:18.821970,Camera 1,behavior,1,Dikshant,idle,0.929,1,0
2026-06-24T10:00:19.837032,Camera 1,behavior,1,Dikshant,idle,0.926,1,0
2026-06-24T10:00:20.863255,Camera 1,behavior,1,Dikshant,idle,0.928,1,0
2026-06-24T10:00:21.895700,Camera 1,behavior,1,Dikshant,idle,0.927,1,0
2026-06-24T10:00:22.901749,Camera 1,behavior,1,Dikshant,idle,0.926,1,0
2026-06-24T10:00:23.915244,Camera 1,behavior,1,Dikshant,idle,0.925,1,0
2026-06-24T10:00:24.920382,Camera 1,behavior,1,Dikshant,working,0.899,1,0
2026-06-24T10:00:26.205975,Camera 1,behavior,1,Dikshant,idle,0.922,1,0
2026-06-24T10:00:27.275942,Camera 1,behavior,1,Dikshant,idle,0.908,1,0
2026-06-24T10:00:28.279331,Camera 1,behavior,1,Dikshant,idle,0.902,1,0
2026-06-24T10:00:29.305206,Camera 1,behavior,1,Dikshant,idle,0.904,1,0
2026-06-24T10:00:30.315370,Camera 1,behavior,1,Dikshant,idle,0.902,1,0
2026-06-24T10:00:31.322255,Camera 1,behavior,1,Dikshant,idle,0.901,1,0
2026-06-24T10:00:32.526448,Camera 1,behavior,1,Dikshant,working,0.91,1,0
2026-06-24T10:00:33.526796,Camera 1,behavior,1,Dikshant,idle,0.911,1,0
2026-06-24T10:00:34.546461,Camera 1,behavior,1,Dikshant,idle,0.909,1,0
2026-06-24T10:00:35.562764,Camera 1,behavior,1,Dikshant,idle,0.901,1,0
2026-06-24T10:00:36.571286,Camera 1,behavior,1,Dikshant,working,0.904,1,0
2026-06-24T10:00:37.593259,Camera 1,behavior,1,Dikshant,idle,0.905,1,0
2026-06-24T10:00:38.606519,Camera 1,behavior,1,Dikshant,idle,0.905,1,0
2026-06-24T10:00:39.630679,Camera 1,behavior,1,Dikshant,idle,0.907,1,0
2026-06-24T10:00:40.655622,Camera 1,behavior,1,Dikshant,idle,0.908,1,0
2026-06-24T10:00:41.681379,Camera 1,behavior,1,Dikshant,idle,0.908,1,0
2026-06-24T10:00:42.697748,Camera 1,behavior,1,Dikshant,idle,0.907,1,0
2026-06-24T10:00:43.708533,Camera 1,behavior,1,Dikshant,idle,0.906,1,0
2026-06-24T10:00:44.898217,Camera 1,behavior,1,Dikshant,idle,0.915,1,0
2026-06-24T10:00:45.913262,Camera 1,behavior,1,Dikshant,idle,0.91,1,0
2026-06-24T10:00:46.945957,Camera 1,behavior,1,Dikshant,idle,0.917,1,0
2026-06-24T10:00:47.971599,Camera 1,behavior,1,Dikshant,idle,0.904,1,0
2026-06-24T10:00:48.978147,Camera 1,behavior,1,Dikshant,idle,0.894,1,0
2026-06-24T10:00:49.997992,Camera 1,behavior,1,Dikshant,idle,0.9,1,0
2026-06-24T10:00:51.015924,Camera 1,behavior,1,Dikshant,idle,0.893,1,0
2026-06-24T10:00:52.023794,Camera 1,behavior,1,Dikshant,idle,0.905,1,0
2026-06-24T10:00:53.026411,Camera 1,behavior,1,Dikshant,idle,0.923,1,0
2026-06-24T10:00:54.068405,Camera 1,behavior,1,Dikshant,idle,0.906,1,0
2026-06-24T10:00:55.081111,Camera 1,behavior,1,Dikshant,idle,0.903,1,0
2026-06-24T10:00:56.113281,Camera 1,behavior,1,Dikshant,idle,0.881,1,0
2026-06-24T10:00:57.431136,Camera 1,behavior,1,Dikshant,working,0.781,1,0
2026-06-24T10:00:58.449819,Camera 1,behavior,1,Dikshant,idle,0.891,1,0
2026-06-24T10:00:59.464950,Camera 1,behavior,1,Dikshant,phone,0.82,1,1
2026-06-24T10:01:00.488922,Camera 1,behavior,1,Dikshant,phone,0.825,1,1
2026-06-24T10:01:01.509741,Camera 1,behavior,1,Dikshant,phone,0.843,1,1
2026-06-24T10:01:02.550980,Camera 1,behavior,1,Dikshant,phone,0.855,1,1
2026-06-24T10:01:03.580742,Camera 1,behavior,1,Dikshant,phone,0.855,1,1
2026-06-24T10:01:04.619896,Camera 1,behavior,1,Dikshant,phone,0.857,1,1
2026-06-24T10:01:05.640503,Camera 1,behavior,1,Dikshant,phone,0.85,1,1
2026-06-24T10:01:06.684125,Camera 1,behavior,1,Dikshant,phone,0.887,1,1
2026-06-24T10:01:07.689477,Camera 1,behavior,1,Dikshant,working,0.794,1,0
2026-06-24T10:01:08.775595,Camera 1,behavior,1,Dikshant,phone,0.889,1,1
2026-06-24T10:01:09.795742,Camera 1,behavior,1,Dikshant,working,0.889,1,0
2026-06-24T10:01:10.841445,Camera 1,behavior,1,Dikshant,phone,0.876,1,1
2026-06-24T10:01:11.869617,Camera 1,behavior,1,Dikshant,phone,0.84,1,1
2026-06-24T10:01:12.971632,Camera 1,behavior,1,Dikshant,idle,0.888,1,0
2026-06-24T10:01:14.018172,Camera 1,behavior,1,Dikshant,idle,0.827,1,0
2026-06-24T10:01:15.031124,Camera 1,behavior,1,Dikshant,phone,0.87,1,1
2026-06-24T10:01:16.059704,Camera 1,behavior,1,Dikshant,phone,0.863,1,1
2026-06-24T10:01:17.050493,Camera 1,behavior,1,Dikshant,phone,0.86,1,1
2026-06-24T10:01:18.087376,Camera 1,behavior,1,Dikshant,working,0.927,1,0
2026-06-24T10:01:19.095861,Camera 1,behavior,1,Dikshant,idle,0.935,1,0
2026-06-24T10:01:20.098391,Camera 1,behavior,1,Dikshant,idle,0.9,1,0
2026-06-24T10:01:21.160142,Camera 1,behavior,1,Dikshant,working,0.899,1,0
2026-06-24T10:01:22.162281,Camera 1,behavior,1,Dikshant,idle,0.915,1,0
2026-06-24T10:01:23.176626,Camera 1,behavior,1,Dikshant,idle,0.917,1,0
2026-06-24T10:01:24.463412,Camera 1,behavior,1,Dikshant,idle,0.916,1,0
2026-06-24T10:01:25.468784,Camera 1,behavior,1,Dikshant,idle,0.914,1,0
2026-06-24T10:01:26.501863,Camera 1,behavior,1,Dikshant,idle,0.915,1,0
2026-06-24T10:01:27.510043,Camera 1,behavior,1,Dikshant,idle,0.919,1,0
2026-06-24T10:01:28.794595,Camera 1,behavior,1,Dikshant,idle,0.917,1,0
2026-06-24T10:01:29.827862,Camera 1,behavior,1,Dikshant,idle,0.923,1,0
2026-06-24T10:01:30.836947,Camera 1,behavior,1,Dikshant,idle,0.924,1,0
2026-06-24T10:01:31.844210,Camera 1,behavior,1,Dikshant,idle,0.922,1,0
2026-06-24T10:01:32.885692,Camera 1,behavior,1,Dikshant,idle,0.914,1,0
2026-06-24T10:01:34.223850,Camera 1,behavior,1,Dikshant,idle,0.916,1,0
2026-06-24T10:01:35.241862,Camera 1,behavior,1,Dikshant,idle,0.915,1,0
2026-06-24T10:01:36.250379,Camera 1,behavior,1,Dikshant,idle,0.922,1,0
2026-06-24T10:01:37.274955,Camera 1,behavior,1,Dikshant,idle,0.921,1,0
2026-06-24T10:01:38.287907,Camera 1,behavior,1,Dikshant,idle,0.921,1,0
2026-06-24T10:01:39.566052,Camera 1,behavior,1,Dikshant,idle,0.918,1,0
2026-06-24T10:01:40.587135,Camera 1,behavior,1,Dikshant,idle,0.914,1,0
2026-06-24T10:01:41.604479,Camera 1,behavior,1,Dikshant,idle,0.907,1,0
2026-06-24T10:01:42.628154,Camera 1,behavior,1,Dikshant,idle,0.902,1,0
2026-06-24T10:01:43.656280,Camera 1,behavior,1,Dikshant,idle,0.911,1,0
2026-06-24T10:01:44.683525,Camera 1,behavior,1,Dikshant,idle,0.909,1,0
2026-06-24T10:01:46.025664,Camera 1,behavior,1,Dikshant,idle,0.924,1,0
2026-06-24T10:01:47.051162,Camera 1,behavior,1,Dikshant,idle,0.92,1,0
2026-06-24T10:01:48.058121,Camera 1,behavior,1,Dikshant,idle,0.915,1,0
2026-06-24T10:01:49.072190,Camera 1,behavior,1,Dikshant,idle,0.911,1,0
2026-06-24T10:01:50.397050,Camera 1,behavior,1,Dikshant,idle,0.914,1,0
2026-06-24T10:01:51.418677,Camera 1,behavior,1,Dikshant,idle,0.9,1,0
2026-06-24T10:01:52.455881,Camera 1,behavior,1,Dikshant,idle,0.896,1,0
2026-06-24T10:01:53.468345,Camera 1,behavior,1,Dikshant,idle,0.911,1,0
2026-06-24T10:01:54.483782,Camera 1,behavior,1,Dikshant,idle,0.924,1,0
2026-06-24T10:01:55.504323,Camera 1,behavior,1,Dikshant,idle,0.898,1,0
2026-06-24T10:01:56.741024,Camera 1,behavior,1,Dikshant,idle,0.911,1,0
2026-06-24T10:01:57.768527,Camera 1,behavior,1,Dikshant,idle,0.909,1,0
2026-06-24T10:01:58.812069,Camera 1,behavior,1,Dikshant,idle,0.921,1,0
2026-06-24T10:01:59.868276,Camera 1,behavior,1,Dikshant,idle,0.919,1,0
2026-06-24T10:02:00.874985,Camera 1,behavior,1,Dikshant,idle,0.928,1,0
2026-06-24T10:02:01.882103,Camera 1,behavior,1,Dikshant,idle,0.922,1,0
2026-06-24T14:30:44.525211,Camera 6,behavior,7,unknown,working,0.593,1,0
2026-06-24T14:30:51.895645,Camera 6,behavior,7,unknown,walking,0.495,1,0
2026-06-24T14:30:53.179992,Camera 6,behavior,7,unknown,working,0.612,1,0
2026-06-24T14:30:56.406737,Camera 6,behavior,7,unknown,idle,0.425,1,0
2026-06-24T14:30:58.545305,Camera 6,behavior,12,unknown,walking,0.35,1,0
2026-06-24T14:30:59.676802,Camera 6,behavior,14,unknown,idle,0.379,1,0
2026-06-24T14:31:00.699600,Camera 6,behavior,14,unknown,idle,0.366,1,0
2026-06-24T14:31:01.724332,Camera 6,behavior,14,unknown,idle,0.569,1,0
2026-06-24T14:31:02.766076,Camera 6,behavior,14,unknown,idle,0.631,1,0
2026-06-24T14:31:07.988512,Camera 6,behavior,14,unknown,working,0.615,1,0
2026-06-24T14:31:09.096855,Camera 6,behavior,14,unknown,idle,0.748,1,0
2026-06-24T14:31:10.119697,Camera 6,behavior,14,unknown,idle,0.373,1,0
2026-06-24T14:31:11.146068,Camera 6,behavior,14,unknown,idle,0.658,1,0
2026-06-24T14:31:12.250664,Camera 6,behavior,14,unknown,idle,0.607,1,0
2026-06-24T14:31:14.427458,Camera 6,behavior,14,unknown,idle,0.726,1,0
2026-06-24T14:31:15.442486,Camera 6,behavior,14,unknown,idle,0.599,1,0
2026-06-24T14:31:16.544049,Camera 6,behavior,14,unknown,idle,0.762,1,0
2026-06-24T14:31:17.562201,Camera 6,behavior,14,unknown,idle,0.518,1,0
2026-06-24T14:31:18.725886,Camera 6,behavior,14,unknown,working,0.368,1,0
2026-06-24T14:31:19.748749,Camera 6,behavior,24,unknown,idle,0.413,2,0
2026-06-24T14:31:19.748749,Camera 6,behavior,14,unknown,working,0.352,2,0
2026-06-24T14:31:20.764132,Camera 6,behavior,14,unknown,idle,0.596,1,0
2026-06-24T14:31:22.047824,Camera 6,behavior,24,unknown,idle,0.485,1,0
2026-06-24T14:31:23.070203,Camera 6,behavior,14,unknown,idle,0.703,1,0
2026-06-24T14:31:24.069361,Camera 6,behavior,14,unknown,idle,0.646,1,0
2026-06-24T14:31:25.165105,Camera 6,behavior,14,unknown,idle,0.741,1,0
2026-06-24T14:31:26.535320,Camera 6,behavior,14,unknown,idle,0.638,1,0
2026-06-24T14:31:27.566223,Camera 6,behavior,14,unknown,idle,0.654,1,0
2026-06-24T14:31:28.590774,Camera 6,behavior,14,unknown,idle,0.681,1,0
2026-06-24T14:31:29.842135,Camera 6,behavior,14,unknown,idle,0.713,1,0
2026-06-24T14:31:30.902116,Camera 6,behavior,14,unknown,idle,0.732,1,0
2026-06-24T14:31:32.035081,Camera 6,behavior,14,unknown,idle,0.637,1,0
2026-06-24T14:31:33.060156,Camera 6,behavior,14,unknown,idle,0.701,1,0
2026-06-24T14:31:34.061928,Camera 6,behavior,14,unknown,idle,0.698,1,0
2026-06-24T14:31:35.367686,Camera 6,behavior,14,unknown,idle,0.408,1,0
2026-06-24T14:31:36.424279,Camera 6,behavior,14,unknown,idle,0.603,1,0
2026-06-24T14:31:39.796751,Camera 6,behavior,26,unknown,working,0.448,1,0
2026-06-24T14:31:40.836146,Camera 6,behavior,26,unknown,working,0.634,1,0
2026-06-24T14:31:41.873832,Camera 6,behavior,14,unknown,idle,0.439,2,0
2026-06-24T14:31:41.873832,Camera 6,behavior,26,unknown,idle,0.558,2,0
2026-06-24T14:31:42.879864,Camera 6,behavior,26,unknown,working,0.606,1,0
2026-06-24T14:31:43.894669,Camera 6,behavior,26,unknown,working,0.466,1,0
2026-06-24T14:31:45.949698,Camera 6,behavior,14,unknown,working,0.66,1,0
2026-06-24T14:31:49.171169,Camera 6,behavior,14,unknown,idle,0.431,1,0
2026-06-24T14:31:52.309774,Camera 6,behavior,26,unknown,working,0.456,1,0
2026-06-24T14:31:56.805822,Camera 6,behavior,14,unknown,working,0.48,1,0
2026-06-24T14:31:58.107260,Camera 6,behavior,28,unknown,working,0.478,1,0
2026-06-24T14:31:59.121473,Camera 6,behavior,28,unknown,walking,0.499,1,0
2026-06-24T14:32:01.400382,Camera 6,behavior,28,unknown,idle,0.556,1,0
2026-06-24T14:32:02.508228,Camera 6,behavior,28,unknown,idle,0.594,1,0
2026-06-24T14:32:04.694238,Camera 6,behavior,28,unknown,working,0.75,1,0
2026-06-24T14:32:05.820922,Camera 6,behavior,28,unknown,working,0.358,1,0
2026-06-24T14:32:06.945904,Camera 6,behavior,28,unknown,working,0.614,1,0
2026-06-24T14:32:09.152099,Camera 6,behavior,28,unknown,working,0.481,1,0
2026-06-24T14:32:10.332947,Camera 6,behavior,28,unknown,working,0.55,1,0
2026-06-24T14:32:11.348009,Camera 6,behavior,28,unknown,working,0.476,1,0
2026-06-24T14:32:12.369446,Camera 6,behavior,28,unknown,working,0.799,1,0
2026-06-24T14:32:13.486183,Camera 6,behavior,28,unknown,working,0.813,1,0
2026-06-24T14:32:14.530053,Camera 6,behavior,28,unknown,working,0.766,1,0
2026-06-24T14:32:15.545788,Camera 6,behavior,28,unknown,working,0.774,1,0
2026-06-24T14:32:16.547320,Camera 6,behavior,28,unknown,working,0.763,1,0
2026-06-24T14:32:17.591419,Camera 6,behavior,28,Dikshant,working,0.783,1,0
2026-06-24T14:32:18.718007,Camera 6,behavior,28,Dikshant,working,0.741,1,0
2026-06-24T14:32:19.741131,Camera 6,behavior,28,Dikshant,idle,0.789,1,0
2026-06-24T14:32:20.779517,Camera 6,behavior,28,Dikshant,idle,0.82,1,0
2026-06-24T14:32:21.953802,Camera 6,behavior,28,Dikshant,working,0.742,1,0
2026-06-24T14:43:16.089143,Webcam (laptop),behavior,1,unknown,working,0.889,1,0
2026-06-24T14:43:20.830570,Webcam (laptop),behavior,1,unknown,idle,0.92,1,0
2026-06-24T14:43:21.881243,Webcam (laptop),behavior,1,Dikshant,idle,0.915,1,0
2026-06-24T14:43:22.886432,Webcam (laptop),behavior,1,Dikshant,idle,0.909,1,0
2026-06-24T14:43:23.931115,Webcam (laptop),behavior,1,Dikshant,idle,0.91,1,0
2026-06-24T14:43:24.954642,Webcam (laptop),behavior,1,Dikshant,idle,0.916,1,0
2026-06-24T14:43:25.961518,Webcam (laptop),behavior,1,Dikshant,idle,0.911,1,0
2026-06-24T14:43:27.012464,Webcam (laptop),behavior,1,Dikshant,idle,0.913,1,0
2026-06-24T14:43:28.021850,Webcam (laptop),behavior,1,Dikshant,idle,0.906,1,0
2026-06-24T14:43:29.045040,Webcam (laptop),behavior,1,Dikshant,working,0.906,1,0
2026-06-24T14:43:30.044735,Webcam (laptop),behavior,2,unknown,idle,0.782,2,0
2026-06-24T14:43:30.044735,Webcam (laptop),behavior,1,Dikshant,working,0.776,2,0
2026-06-24T14:43:31.099373,Webcam (laptop),behavior,2,unknown,working,0.861,2,0
2026-06-24T14:43:31.099373,Webcam (laptop),behavior,1,Dikshant,idle,0.6,2,0
2026-06-24T14:43:32.429780,Webcam (laptop),behavior,2,Diksha,working,0.838,1,0
2026-06-24T14:43:33.433066,Webcam (laptop),behavior,2,Diksha,working,0.76,2,0
2026-06-24T14:43:33.433066,Webcam (laptop),behavior,5,unknown,idle,0.455,2,0
2026-06-24T14:43:34.465615,Webcam (laptop),behavior,2,Diksha,working,0.86,1,0
2026-06-24T14:43:35.468040,Webcam (laptop),behavior,2,Diksha,working,0.887,1,0
2026-06-24T14:43:36.496555,Webcam (laptop),behavior,2,Diksha,idle,0.919,1,0
2026-06-24T14:43:37.511484,Webcam (laptop),behavior,2,Diksha,idle,0.882,1,0
2026-06-24T14:43:38.547609,Webcam (laptop),behavior,2,Diksha,idle,0.889,1,0
2026-06-24T14:43:39.925265,Webcam (laptop),behavior,2,Diksha,idle,0.879,1,0
2026-06-24T14:43:40.938615,Webcam (laptop),behavior,2,Diksha,idle,0.858,1,0
2026-06-24T14:43:41.956021,Webcam (laptop),behavior,2,Diksha,idle,0.881,1,0
2026-06-24T14:43:42.986403,Webcam (laptop),behavior,2,Diksha,working,0.78,1,0
2026-06-24T14:43:43.984333,Webcam (laptop),behavior,2,Diksha,working,0.882,1,0
2026-06-24T14:43:45.006200,Webcam (laptop),behavior,2,Diksha,working,0.869,1,0
2026-06-24T14:43:46.019782,Webcam (laptop),behavior,2,Diksha,working,0.796,1,0
2026-06-24T14:43:47.043499,Webcam (laptop),behavior,2,Diksha,working,0.878,1,0
2026-06-24T14:43:48.090410,Webcam (laptop),behavior,2,Diksha,idle,0.908,1,0
2026-06-24T14:43:49.122974,Webcam (laptop),behavior,2,Diksha,idle,0.917,1,0
2026-06-24T14:43:50.155600,Webcam (laptop),behavior,2,Diksha,idle,0.9,1,0
2026-06-24T14:43:51.505100,Webcam (laptop),behavior,2,Diksha,idle,0.877,1,0
2026-06-24T14:43:52.560567,Webcam (laptop),behavior,2,Diksha,idle,0.884,1,0
2026-06-24T14:43:53.566119,Webcam (laptop),behavior,2,Diksha,working,0.919,1,0
2026-06-24T14:43:54.568116,Webcam (laptop),behavior,2,Diksha,idle,0.899,1,0
2026-06-24T14:43:55.579086,Webcam (laptop),behavior,2,Diksha,working,0.735,1,0
2026-06-24T14:43:56.593544,Webcam (laptop),behavior,2,Diksha,working,0.711,1,0
2026-06-24T14:43:57.636812,Webcam (laptop),behavior,2,Diksha,idle,0.917,1,0
2026-06-24T14:43:58.648944,Webcam (laptop),behavior,2,Diksha,idle,0.915,1,0
2026-06-24T14:43:59.661518,Webcam (laptop),behavior,2,Diksha,working,0.842,1,0
2026-06-24T14:44:01.058845,Webcam (laptop),behavior,2,Diksha,working,0.784,1,0
2026-06-24T14:44:02.077221,Webcam (laptop),behavior,2,Diksha,working,0.873,1,0
2026-06-24T14:44:03.088674,Webcam (laptop),behavior,2,Diksha,working,0.871,1,0
2026-06-24T14:44:04.115913,Webcam (laptop),behavior,2,Diksha,working,0.862,1,0
2026-06-24T14:44:05.142974,Webcam (laptop),behavior,2,Diksha,idle,0.861,1,0
2026-06-24T14:44:06.177136,Webcam (laptop),behavior,2,Diksha,working,0.817,1,0
2026-06-24T14:44:07.201494,Webcam (laptop),behavior,2,Diksha,idle,0.897,1,0
2026-06-24T14:44:08.202826,Webcam (laptop),behavior,2,Diksha,idle,0.885,1,0
2026-06-24T14:44:09.229264,Webcam (laptop),behavior,2,Diksha,idle,0.911,1,0
2026-06-24T14:44:10.239819,Webcam (laptop),behavior,2,Diksha,idle,0.908,1,0
2026-06-24T14:44:11.267929,Webcam (laptop),behavior,7,unknown,working,0.374,2,0
2026-06-24T14:44:11.267929,Webcam (laptop),behavior,2,Diksha,working,0.508,2,0
2026-06-24T14:44:12.694949,Webcam (laptop),behavior,2,Diksha,idle,0.912,1,0
2026-06-24T14:44:13.714966,Webcam (laptop),behavior,2,Diksha,working,0.879,1,0
2026-06-24T14:44:15.131942,Webcam (laptop),behavior,2,Diksha,idle,0.889,1,0
2026-06-24T14:44:16.152334,Webcam (laptop),behavior,2,Diksha,idle,0.898,1,0
2026-06-24T14:44:17.184063,Webcam (laptop),behavior,2,Diksha,idle,0.893,1,0
2026-06-24T14:44:18.199794,Webcam (laptop),behavior,2,Diksha,idle,0.919,1,0
2026-06-24T14:44:19.222639,Webcam (laptop),behavior,2,Diksha,idle,0.933,1,0
2026-06-24T14:44:20.244262,Webcam (laptop),behavior,2,Diksha,idle,0.909,1,0
2026-06-24T14:44:21.282146,Webcam (laptop),behavior,2,Diksha,idle,0.91,1,0
2026-06-24T14:44:22.310285,Webcam (laptop),behavior,2,Diksha,idle,0.917,1,0
2026-06-24T14:44:23.315596,Webcam (laptop),behavior,2,Diksha,idle,0.909,1,0
2026-06-24T14:44:24.347389,Webcam (laptop),behavior,2,Diksha,idle,0.872,1,0
2026-06-24T14:44:25.369122,Webcam (laptop),behavior,2,Diksha,idle,0.931,1,0
2026-06-24T14:44:26.395818,Webcam (laptop),behavior,2,Diksha,idle,0.93,1,0
2026-06-24T14:44:27.821148,Webcam (laptop),behavior,2,Diksha,idle,0.93,1,0
2026-06-24T14:44:28.875879,Webcam (laptop),behavior,2,Diksha,idle,0.934,1,0
2026-06-24T14:44:29.888631,Webcam (laptop),behavior,2,Diksha,idle,0.903,1,0
2026-06-24T14:44:30.945566,Webcam (laptop),behavior,2,Diksha,idle,0.934,1,0
2026-06-24T14:44:31.946081,Webcam (laptop),behavior,2,Diksha,idle,0.934,1,0
2026-06-24T14:44:32.973398,Webcam (laptop),behavior,2,Diksha,idle,0.938,1,0
2026-06-24T14:44:33.977910,Webcam (laptop),behavior,2,Diksha,idle,0.921,1,0
2026-06-24T14:44:34.992686,Webcam (laptop),behavior,2,Diksha,idle,0.885,1,0
2026-06-24T14:44:36.029534,Webcam (laptop),behavior,2,Diksha,idle,0.919,1,0
2026-06-24T14:44:37.037316,Webcam (laptop),behavior,2,Diksha,idle,0.921,1,0
2026-06-24T14:44:38.038181,Webcam (laptop),behavior,2,Diksha,idle,0.923,1,0
2026-06-24T14:44:39.073875,Webcam (laptop),behavior,2,Diksha,idle,0.923,1,0
2026-06-24T14:44:40.077963,Webcam (laptop),behavior,2,Diksha,idle,0.927,1,0
2026-06-24T14:44:41.079623,Webcam (laptop),behavior,2,Diksha,idle,0.922,1,0
2026-06-24T14:44:42.095878,Webcam (laptop),behavior,2,Diksha,idle,0.928,1,0
2026-06-24T14:44:43.128184,Webcam (laptop),behavior,2,Diksha,idle,0.923,1,0
2026-06-24T14:44:44.527498,Webcam (laptop),behavior,2,Diksha,idle,0.92,1,0
2026-06-24T14:44:45.542587,Webcam (laptop),behavior,2,Diksha,idle,0.928,1,0
2026-06-24T14:44:46.554971,Webcam (laptop),behavior,2,Diksha,idle,0.925,1,0
2026-06-24T14:44:47.573425,Webcam (laptop),behavior,2,Diksha,idle,0.92,1,0
2026-06-24T14:44:48.594680,Webcam (laptop),behavior,2,Diksha,idle,0.916,1,0
2026-06-24T14:44:49.627633,Webcam (laptop),behavior,2,Diksha,idle,0.921,1,0
2026-06-24T14:44:50.636723,Webcam (laptop),behavior,2,Diksha,idle,0.918,1,0
2026-06-24T14:44:52.010146,Webcam (laptop),behavior,2,Diksha,idle,0.917,1,0
2026-06-24T14:44:53.018931,Webcam (laptop),behavior,2,Diksha,idle,0.918,1,0
2026-06-24T14:44:54.047677,Webcam (laptop),behavior,2,Diksha,idle,0.935,1,0
2026-06-24T14:44:55.045530,Webcam (laptop),behavior,2,Diksha,idle,0.919,1,0
2026-06-24T19:21:30.455334,Webcam (laptop),behavior,1,unknown,working,0.948,1,0
2026-06-24T19:21:34.207950,Webcam (laptop),behavior,1,unknown,idle,0.929,1,0
2026-06-24T19:21:35.227742,Webcam (laptop),behavior,1,Dikshant,idle,0.941,1,0
2026-06-24T19:21:39.074815,Webcam (laptop),behavior,1,Dikshant,idle,0.937,1,0
2026-06-24T19:21:41.894313,Webcam (laptop),behavior,1,Dikshant,idle,0.934,1,0
2026-06-24T19:21:42.900235,Webcam (laptop),behavior,1,Dikshant,idle,0.946,2,0
2026-06-24T19:21:42.900235,Webcam (laptop),behavior,2,unknown,idle,0.597,2,0
2026-06-24T19:21:44.307761,Webcam (laptop),behavior,1,Dikshant,idle,0.945,2,0
2026-06-24T19:21:44.307761,Webcam (laptop),behavior,2,unknown,idle,0.82,2,0
2026-06-24T19:21:45.333436,Webcam (laptop),behavior,1,Dikshant,idle,0.947,2,0
2026-06-24T19:21:45.333436,Webcam (laptop),behavior,2,unknown,idle,0.889,2,0
2026-06-24T19:21:46.369115,Webcam (laptop),behavior,1,Dikshant,idle,0.958,2,0
2026-06-24T19:21:46.369115,Webcam (laptop),behavior,2,unknown,idle,0.866,2,0
2026-06-24T19:21:47.391163,Webcam (laptop),behavior,1,Dikshant,working,0.888,2,0
2026-06-24T19:21:47.391163,Webcam (laptop),behavior,2,unknown,idle,0.639,2,0
2026-06-24T19:21:48.398190,Webcam (laptop),behavior,1,Dikshant,working,0.838,1,0
2026-06-24T19:21:49.490937,Webcam (laptop),behavior,1,Dikshant,idle,0.817,1,0
2026-06-24T19:21:50.504045,Webcam (laptop),behavior,1,Dikshant,idle,0.726,1,0
2026-06-24T19:21:51.508530,Webcam (laptop),behavior,3,unknown,working,0.396,2,0
2026-06-24T19:21:51.508530,Webcam (laptop),behavior,1,Dikshant,idle,0.635,2,0
2026-06-24T19:21:52.638278,Webcam (laptop),behavior,3,unknown,working,0.874,1,0
2026-06-24T19:21:53.678992,Webcam (laptop),behavior,3,unknown,idle,0.941,1,0
2026-06-24T19:21:54.933773,Webcam (laptop),behavior,3,Diksha,idle,0.949,1,0
2026-06-24T19:21:55.966507,Webcam (laptop),behavior,3,Diksha,idle,0.953,1,0
2026-06-24T19:21:57.240127,Webcam (laptop),behavior,3,Diksha,idle,0.948,1,0
2026-06-24T19:21:58.279791,Webcam (laptop),behavior,3,Diksha,idle,0.95,1,0
2026-06-24T19:21:59.442693,Webcam (laptop),behavior,3,Diksha,idle,0.954,1,0
2026-06-24T19:22:00.451405,Webcam (laptop),behavior,3,Diksha,idle,0.951,1,0
2026-06-24T19:22:01.600497,Webcam (laptop),behavior,3,Diksha,idle,0.951,1,0
2026-06-24T19:22:02.622996,Webcam (laptop),behavior,3,Diksha,idle,0.951,1,0
2026-06-24T19:22:03.859473,Webcam (laptop),behavior,3,Diksha,idle,0.955,1,0
2026-06-24T19:22:04.881570,Webcam (laptop),behavior,3,Diksha,idle,0.953,1,0
2026-06-24T19:22:06.049919,Webcam (laptop),behavior,3,Diksha,idle,0.941,1,0
2026-06-24T19:22:07.062274,Webcam (laptop),behavior,3,Diksha,idle,0.95,1,0
2026-06-24T19:22:08.071451,Webcam (laptop),behavior,3,Diksha,idle,0.945,1,0
2026-06-24T19:22:09.407180,Webcam (laptop),behavior,3,Diksha,idle,0.946,1,0
2026-06-24T19:22:10.441601,Webcam (laptop),behavior,3,Diksha,idle,0.938,1,0
2026-06-24T19:22:11.443854,Webcam (laptop),behavior,3,Diksha,idle,0.944,1,0
2026-06-24T19:22:12.466621,Webcam (laptop),behavior,3,Diksha,idle,0.942,1,0
2026-06-24T19:22:13.507376,Webcam (laptop),behavior,3,Diksha,working,0.905,1,0
2026-06-24T19:22:14.533775,Webcam (laptop),behavior,3,Diksha,idle,0.942,1,0
2026-06-24T19:22:15.816541,Webcam (laptop),behavior,3,Diksha,idle,0.949,1,0
2026-06-24T19:22:17.119344,Webcam (laptop),behavior,3,Diksha,idle,0.956,1,0
2026-06-24T19:22:18.170907,Webcam (laptop),behavior,3,Diksha,idle,0.943,1,0
2026-06-24T19:22:19.257438,Webcam (laptop),behavior,3,Diksha,idle,0.947,1,0
2026-06-24T19:22:20.301042,Webcam (laptop),behavior,3,Diksha,idle,0.936,1,0
2026-06-24T19:22:21.626431,Webcam (laptop),behavior,3,Diksha,idle,0.948,1,0
2026-06-24T19:22:23.174130,Webcam (laptop),behavior,3,Diksha,idle,0.939,1,0
2026-06-24T19:22:24.186875,Webcam (laptop),behavior,3,Diksha,idle,0.936,1,0
2026-06-24T19:22:25.203879,Webcam (laptop),behavior,3,Diksha,idle,0.952,1,0
2026-06-24T19:22:26.206786,Webcam (laptop),behavior,3,Diksha,idle,0.951,1,0
2026-06-24T19:22:47.564913,Camera 8,behavior,1,unknown,working,0.553,2,0
2026-06-24T19:22:47.564913,Camera 8,behavior,2,unknown,working,0.527,2,0
2026-06-24T19:22:50.483603,Camera 8,behavior,5,unknown,walking,0.619,1,0
2026-06-24T19:22:53.039254,Camera 8,behavior,22,unknown,walking,0.365,1,0
2026-06-24T19:23:36.843176,Camera 6,behavior,9,unknown,working,0.79,2,0
2026-06-24T19:23:36.843176,Camera 6,behavior,10,unknown,working,0.703,2,0
2026-06-24T19:23:37.883823,Camera 6,behavior,9,unknown,working,0.808,1,0
2026-06-24T19:23:38.913988,Camera 6,behavior,9,unknown,working,0.717,2,0
2026-06-24T19:23:38.913988,Camera 6,behavior,10,unknown,working,0.495,2,0
2026-06-24T19:23:40.014557,Camera 6,behavior,9,unknown,working,0.818,1,0
2026-06-24T19:23:41.305097,Camera 6,behavior,9,unknown,working,0.583,1,0
2026-06-24T19:23:44.598902,Camera 6,behavior,9,unknown,working,0.432,1,0
2026-06-24T19:23:45.656225,Camera 6,behavior,9,unknown,working,0.354,1,0
2026-06-24T19:23:54.633735,Camera 6,behavior,9,unknown,working,0.523,1,0
2026-06-24T19:23:55.826374,Camera 6,behavior,9,unknown,working,0.564,1,0
2026-06-24T19:24:12.809051,Camera 6,behavior,24,unknown,working,0.458,1,0
2026-06-24T19:24:15.217484,Camera 6,behavior,24,unknown,idle,0.724,1,0
2026-06-24T19:24:17.372392,Camera 6,behavior,24,unknown,working,0.711,1,0
2026-06-24T19:24:18.374554,Camera 6,behavior,24,unknown,idle,0.591,1,0
2026-06-24T19:24:19.505531,Camera 6,behavior,24,unknown,idle,0.742,1,0
2026-06-24T19:24:20.563029,Camera 6,behavior,24,unknown,working,0.483,1,0
2026-06-24T19:24:21.580456,Camera 6,behavior,24,unknown,working,0.503,1,0
2026-06-24T19:24:22.595499,Camera 6,behavior,24,unknown,working,0.683,1,0
2026-06-24T19:24:23.676879,Camera 6,behavior,24,unknown,idle,0.709,1,0
2026-06-24T19:24:24.688656,Camera 6,behavior,24,unknown,idle,0.704,2,0
2026-06-24T19:24:24.688656,Camera 6,behavior,35,unknown,working,0.506,2,0
2026-06-24T19:24:25.702195,Camera 6,behavior,24,unknown,idle,0.705,1,0
2026-06-24T19:24:26.717227,Camera 6,behavior,24,unknown,working,0.716,1,0
2026-06-24T19:24:27.763163,Camera 6,behavior,24,unknown,working,0.378,1,0
2026-06-24T19:24:28.979255,Camera 6,behavior,24,unknown,working,0.562,1,0
2026-06-24T19:24:30.037358,Camera 6,behavior,24,unknown,idle,0.603,2,0
2026-06-24T19:24:30.037358,Camera 6,behavior,49,unknown,working,0.368,2,0
2026-06-24T19:24:31.231263,Camera 6,behavior,50,unknown,working,0.419,2,0
2026-06-24T19:24:31.231263,Camera 6,behavior,49,unknown,working,0.429,2,0
2026-06-24T19:24:32.373223,Camera 6,behavior,50,unknown,working,0.385,1,0
2026-06-24T19:24:33.467497,Camera 6,behavior,24,unknown,idle,0.774,2,0
2026-06-24T19:24:33.467497,Camera 6,behavior,49,unknown,working,0.391,2,0
2026-06-24T19:24:34.618627,Camera 6,behavior,49,unknown,working,0.578,2,0
2026-06-24T19:24:34.618627,Camera 6,behavior,24,unknown,idle,0.36,2,0
2026-06-24T19:24:35.839343,Camera 6,behavior,24,unknown,working,0.472,1,0
2026-06-24T19:24:36.904267,Camera 6,behavior,24,unknown,working,0.693,1,0
2026-06-24T19:24:38.320744,Camera 6,behavior,24,unknown,idle,0.672,2,0
2026-06-24T19:24:38.320744,Camera 6,behavior,49,unknown,working,0.352,2,0
2026-06-24T19:24:39.387221,Camera 6,behavior,49,unknown,working,0.528,1,0
2026-06-24T19:24:41.498446,Camera 6,behavior,49,unknown,working,0.404,2,0
2026-06-24T19:24:41.498446,Camera 6,behavior,57,unknown,working,0.584,2,0
2026-06-24T19:24:43.033434,Camera 6,behavior,24,unknown,working,0.455,1,0
2026-06-24T19:24:44.035215,Camera 6,behavior,24,unknown,idle,0.425,1,0
2026-06-24T19:24:54.589456,Camera 6,behavior,66,unknown,idle,0.38,1,0
2026-06-24T19:24:58.904125,Camera 6,behavior,66,unknown,idle,0.448,1,0
2026-06-24T19:25:04.315179,Camera 6,behavior,70,unknown,idle,0.619,2,0
2026-06-24T19:25:04.315179,Camera 6,behavior,66,unknown,idle,0.5,2,0
2026-06-24T19:25:05.322866,Camera 6,behavior,66,unknown,idle,0.429,2,0
2026-06-24T19:25:05.322866,Camera 6,behavior,70,unknown,idle,0.501,2,0
2026-06-24T19:32:07.315419,Camera 6,behavior,12,unknown,working,0.42,1,0
2026-06-24T19:32:20.098050,Camera 6,behavior,24,unknown,working,0.518,1,0
2026-06-24T19:32:21.302354,Camera 6,behavior,24,unknown,working,0.607,1,0
2026-06-24T19:32:23.099482,Camera 6,behavior,24,unknown,working,0.342,1,0
2026-06-24T19:32:37.971798,Camera 6,behavior,42,unknown,working,0.59,1,0
2026-06-24T19:33:21.044102,Camera 6,behavior,61,unknown,working,0.428,1,0
2026-06-24T19:33:44.150574,Camera 6,behavior,63,unknown,idle,0.888,1,0
2026-06-24T19:33:45.548240,Camera 6,behavior,63,unknown,idle,0.749,1,0
2026-06-24T19:33:46.556737,Camera 6,behavior,63,unknown,idle,0.839,1,0
2026-06-24T19:33:47.578435,Camera 6,behavior,63,unknown,idle,0.868,1,0
2026-06-24T19:33:48.771238,Camera 6,behavior,63,unknown,idle,0.867,1,0
2026-06-24T19:33:49.805912,Camera 6,behavior,63,unknown,idle,0.854,1,0
2026-06-24T19:33:51.587516,Camera 6,behavior,63,unknown,idle,0.832,1,0
2026-06-24T19:33:52.639977,Camera 6,behavior,63,unknown,idle,0.869,1,0
2026-06-24T19:33:53.771481,Camera 6,behavior,63,unknown,idle,0.84,1,0
2026-06-24T19:33:54.814931,Camera 6,behavior,63,unknown,idle,0.882,1,0
2026-06-24T19:33:55.817659,Camera 6,behavior,63,unknown,idle,0.9,1,0
2026-06-24T19:33:57.029807,Camera 6,behavior,63,unknown,idle,0.899,1,0
2026-06-24T19:33:58.322771,Camera 6,behavior,63,unknown,idle,0.859,1,0
2026-06-24T19:33:59.880104,Camera 6,behavior,63,unknown,idle,0.824,1,0
2026-06-24T19:34:00.929742,Camera 6,behavior,63,unknown,idle,0.865,1,0
2026-06-24T19:34:02.293446,Camera 6,behavior,63,unknown,idle,0.859,1,0
2026-06-24T19:34:03.321746,Camera 6,behavior,63,unknown,idle,0.828,1,0
2026-06-24T19:34:04.359534,Camera 6,behavior,63,unknown,idle,0.852,1,0
2026-06-24T19:34:05.594740,Camera 6,behavior,63,unknown,idle,0.893,1,0
2026-06-24T19:34:06.776592,Camera 6,behavior,63,unknown,idle,0.87,1,0
2026-06-24T19:34:07.907478,Camera 6,behavior,63,unknown,idle,0.867,1,0
2026-06-24T19:34:08.909741,Camera 6,behavior,63,unknown,idle,0.654,1,0
2026-06-24T19:34:09.941365,Camera 6,behavior,63,unknown,idle,0.405,1,0
2026-06-24T19:34:10.972297,Camera 6,behavior,63,unknown,idle,0.704,1,0
2026-06-24T19:34:11.983818,Camera 6,behavior,63,unknown,idle,0.893,1,0
2026-06-24T19:34:13.000130,Camera 6,behavior,63,diksha,idle,0.867,1,0
2026-06-24T19:34:14.019488,Camera 6,behavior,63,diksha,idle,0.843,1,0
2026-06-24T19:34:15.339853,Camera 6,behavior,63,diksha,idle,0.74,1,0
2026-06-24T19:34:16.424171,Camera 6,behavior,63,diksha,idle,0.877,1,0
2026-06-24T19:34:17.553430,Camera 6,behavior,63,diksha,idle,0.712,1,0
2026-06-24T19:34:18.818331,Camera 6,behavior,63,diksha,idle,0.692,1,0
2026-06-24T19:34:20.306884,Camera 6,behavior,63,diksha,idle,0.297,1,0
2026-06-24T19:34:21.323169,Camera 6,behavior,63,diksha,idle,0.865,1,0
2026-06-24T19:34:22.629246,Camera 6,behavior,63,diksha,idle,0.73,1,0
2026-06-24T19:34:23.647057,Camera 6,behavior,63,diksha,idle,0.821,1,0
2026-06-24T19:34:24.844085,Camera 6,behavior,63,diksha,idle,0.815,1,0
2026-06-24T19:34:25.942912,Camera 6,behavior,63,diksha,idle,0.843,1,0
2026-06-24T19:34:27.082116,Camera 6,behavior,63,diksha,idle,0.9,1,0
2026-06-24T19:34:28.125510,Camera 6,behavior,63,diksha,idle,0.898,1,0
2026-06-24T19:34:29.268901,Camera 6,behavior,63,diksha,idle,0.615,3,0
2026-06-24T19:34:29.268901,Camera 6,behavior,73,unknown,working,0.532,3,0
2026-06-24T19:34:29.268901,Camera 6,behavior,76,unknown,working,0.654,3,0
2026-06-24T19:34:30.294067,Camera 6,behavior,63,diksha,idle,0.544,3,0
2026-06-24T19:34:30.294067,Camera 6,behavior,73,unknown,working,0.57,3,0
2026-06-24T19:34:30.294067,Camera 6,behavior,76,unknown,working,0.592,3,0
2026-06-24T19:34:31.360157,Camera 6,behavior,63,diksha,idle,0.668,3,0
2026-06-24T19:34:31.360157,Camera 6,behavior,76,unknown,working,0.655,3,0
2026-06-24T19:34:31.360157,Camera 6,behavior,73,unknown,idle,0.508,3,0
2026-06-24T19:34:32.615210,Camera 6,behavior,76,unknown,working,0.431,3,0
2026-06-24T19:34:32.615210,Camera 6,behavior,63,diksha,idle,0.813,3,0
2026-06-24T19:34:32.615210,Camera 6,behavior,73,unknown,idle,0.334,3,0
2026-06-24T19:34:33.697961,Camera 6,behavior,63,diksha,idle,0.826,1,0
2026-06-24T19:34:34.718414,Camera 6,behavior,63,diksha,idle,0.852,1,0
2026-06-24T19:34:35.809445,Camera 6,behavior,63,diksha,idle,0.843,1,0
2026-06-24T19:34:36.933884,Camera 6,behavior,63,diksha,idle,0.761,1,0
2026-06-24T19:34:37.941486,Camera 6,behavior,63,diksha,idle,0.62,1,0
2026-06-24T19:34:38.965599,Camera 6,behavior,63,diksha,idle,0.882,1,0
2026-06-24T23:41:30.578895,Camera 6,behavior,1,unknown,working,0.306,1,0
2026-06-25T11:40:56.161406,Webcam (laptop),behavior,1,unknown,working,0.747,1,0
2026-06-25T11:41:04.029250,Webcam (laptop),behavior,1,unknown,idle,0.729,1,0
2026-06-25T11:41:05.070962,Webcam (laptop),behavior,1,unknown,idle,0.768,1,0
2026-06-25T11:41:06.143476,Webcam (laptop),behavior,1,dikshant,idle,0.775,1,0
2026-06-25T11:41:07.156597,Webcam (laptop),behavior,1,dikshant,idle,0.771,1,0
2026-06-25T11:41:08.174104,Webcam (laptop),behavior,1,dikshant,idle,0.74,1,0
2026-06-25T11:41:09.211790,Webcam (laptop),behavior,1,dikshant,idle,0.765,1,0
2026-06-25T11:41:10.228125,Webcam (laptop),behavior,1,dikshant,idle,0.749,1,0
2026-06-25T11:41:11.259999,Webcam (laptop),behavior,1,dikshant,idle,0.784,1,0
2026-06-25T11:41:12.280884,Webcam (laptop),behavior,1,dikshant,idle,0.764,1,0
2026-06-25T11:41:13.345895,Webcam (laptop),behavior,1,dikshant,working,0.736,1,0
2026-06-25T11:41:14.384320,Webcam (laptop),behavior,1,dikshant,working,0.785,1,0
2026-06-25T11:41:15.404630,Webcam (laptop),behavior,1,dikshant,idle,0.819,1,0
2026-06-25T11:41:16.441529,Webcam (laptop),behavior,1,dikshant,idle,0.803,1,0
2026-06-25T11:41:59.673076,Camera 5,behavior,1,unknown,working,0.696,4,0
2026-06-25T11:41:59.673076,Camera 5,behavior,2,unknown,working,0.609,4,0
2026-06-25T11:41:59.673076,Camera 5,behavior,3,unknown,working,0.395,4,0
2026-06-25T11:41:59.673076,Camera 5,behavior,4,unknown,working,0.368,4,0
2026-06-25T11:42:00.720059,Camera 5,behavior,1,unknown,working,0.592,2,0
2026-06-25T11:42:00.720059,Camera 5,behavior,2,unknown,working,0.519,2,0
2026-06-25T11:42:01.852570,Camera 5,behavior,2,unknown,working,0.504,2,0
2026-06-25T11:42:01.852570,Camera 5,behavior,3,unknown,working,0.503,2,0
2026-06-25T11:42:03.287230,Camera 5,behavior,3,unknown,working,0.365,1,0
2026-06-25T11:42:05.973862,Camera 5,behavior,5,unknown,working,0.622,1,0
2026-06-25T11:42:08.035266,Camera 5,behavior,10,unknown,working,0.412,2,0
2026-06-25T11:42:08.035266,Camera 5,behavior,5,unknown,working,0.637,2,0
2026-06-25T11:42:09.290605,Camera 5,behavior,10,unknown,working,0.623,1,0
2026-06-25T11:42:10.337874,Camera 5,behavior,5,unknown,working,0.502,2,0
2026-06-25T11:42:10.337874,Camera 5,behavior,10,unknown,working,0.534,2,0
2026-06-25T11:42:11.502451,Camera 5,behavior,10,unknown,working,0.466,1,0
2026-06-25T11:42:12.551350,Camera 5,behavior,10,unknown,working,0.665,1,0
2026-06-25T11:42:13.691866,Camera 5,behavior,10,unknown,idle,0.58,2,0
2026-06-25T11:42:13.691866,Camera 5,behavior,5,unknown,idle,0.427,2,0
2026-06-25T11:42:15.307146,Camera 5,behavior,10,unknown,idle,0.473,1,0
2026-06-25T11:42:16.373892,Camera 5,behavior,10,unknown,idle,0.633,1,0
2026-06-25T11:42:17.461346,Camera 5,behavior,10,unknown,idle,0.613,1,0
2026-06-25T11:42:26.447262,Camera 5,behavior,10,unknown,working,0.578,2,0
2026-06-25T11:42:26.447262,Camera 5,behavior,12,unknown,working,0.514,2,0
2026-06-25T11:42:27.503287,Camera 5,behavior,10,unknown,working,0.675,2,0
2026-06-25T11:42:27.503287,Camera 5,behavior,12,unknown,idle,0.687,2,0
2026-06-25T11:42:28.526114,Camera 5,behavior,10,unknown,idle,0.62,1,0
2026-06-25T11:42:29.541591,Camera 5,behavior,10,unknown,idle,0.711,2,0
2026-06-25T11:42:29.541591,Camera 5,behavior,12,unknown,idle,0.45,2,0
2026-06-25T11:42:30.577796,Camera 5,behavior,10,unknown,idle,0.635,2,0
2026-06-25T11:42:30.577796,Camera 5,behavior,12,unknown,idle,0.57,2,0
2026-06-25T11:42:31.595632,Camera 5,behavior,10,unknown,idle,0.551,2,0
2026-06-25T11:42:31.595632,Camera 5,behavior,12,unknown,idle,0.374,2,0
2026-06-25T11:42:32.946649,Camera 5,behavior,10,unknown,idle,0.539,2,0
2026-06-25T11:42:32.946649,Camera 5,behavior,12,unknown,idle,0.408,2,0
2026-06-25T11:42:34.585095,Camera 5,behavior,10,unknown,idle,0.604,1,0
2026-06-25T11:42:35.623584,Camera 5,behavior,10,unknown,idle,0.564,1,0
2026-06-25T11:42:36.645283,Camera 5,behavior,10,unknown,idle,0.794,1,0
2026-06-25T11:42:37.802734,Camera 5,behavior,10,unknown,idle,0.745,1,0
2026-06-25T11:42:38.878742,Camera 5,behavior,10,unknown,idle,0.554,1,0
2026-06-25T11:42:40.051858,Camera 5,behavior,10,unknown,idle,0.595,2,0
2026-06-25T11:42:40.051858,Camera 5,behavior,17,unknown,idle,0.423,2,0
2026-06-25T11:42:41.289610,Camera 5,behavior,10,unknown,idle,0.49,2,0
2026-06-25T11:42:41.289610,Camera 5,behavior,17,unknown,idle,0.387,2,0
2026-06-25T11:42:50.468892,Camera 5,behavior,21,unknown,working,0.711,2,0
2026-06-25T11:42:50.468892,Camera 5,behavior,22,unknown,working,0.416,2,0
2026-06-25T11:42:51.496410,Camera 5,behavior,21,unknown,working,0.678,1,0
2026-06-25T11:42:52.575069,Camera 5,behavior,21,unknown,idle,0.655,1,0
2026-06-25T11:42:53.674010,Camera 5,behavior,21,unknown,idle,0.676,2,0
2026-06-25T11:42:53.674010,Camera 5,behavior,26,unknown,idle,0.4,2,0
2026-06-25T11:42:54.711945,Camera 5,behavior,21,unknown,idle,0.685,2,0
2026-06-25T11:42:54.711945,Camera 5,behavior,26,unknown,idle,0.341,2,0
2026-06-25T11:42:55.774575,Camera 5,behavior,21,unknown,idle,0.547,1,0
2026-06-25T11:43:29.548843,Camera 5,behavior,39,unknown,working,0.546,1,0
2026-06-25T11:43:30.616771,Camera 5,behavior,39,unknown,working,0.466,1,0
2026-06-25T11:44:21.296739,Camera 5,behavior,40,unknown,idle,0.611,1,0
2026-06-25T11:44:22.414281,Camera 5,behavior,40,unknown,idle,0.539,1,0
2026-06-25T11:44:23.533274,Camera 5,behavior,40,unknown,working,0.517,1,0
2026-06-25T11:44:24.650222,Camera 5,behavior,40,unknown,working,0.447,1,0
2026-06-25T11:44:26.749187,Camera 5,behavior,42,unknown,working,0.361,1,0
2026-06-25T11:44:27.781621,Camera 5,behavior,45,unknown,working,0.499,1,0
2026-06-25T11:44:31.230887,Camera 5,behavior,40,unknown,working,0.596,2,0
2026-06-25T11:44:31.230887,Camera 5,behavior,42,unknown,working,0.552,2,0
2026-06-25T11:44:32.886672,Camera 5,behavior,40,unknown,working,0.68,2,0
2026-06-25T11:44:32.886672,Camera 5,behavior,42,unknown,idle,0.621,2,0
2026-06-25T11:44:34.024468,Camera 5,behavior,40,unknown,working,0.405,2,0
2026-06-25T11:44:34.024468,Camera 5,behavior,42,unknown,working,0.417,2,0
2026-06-25T11:44:35.430290,Camera 5,behavior,40,unknown,working,0.706,2,0
2026-06-25T11:44:35.430290,Camera 5,behavior,42,unknown,working,0.641,2,0
2026-06-25T11:44:36.443757,Camera 5,behavior,40,unknown,working,0.787,3,0
2026-06-25T11:44:36.443757,Camera 5,behavior,50,unknown,working,0.403,3,0
2026-06-25T11:44:36.443757,Camera 5,behavior,42,unknown,working,0.68,3,0
2026-06-25T11:44:38.988154,Camera 5,behavior,40,unknown,working,0.732,3,0
2026-06-25T11:44:38.988154,Camera 5,behavior,50,unknown,working,0.721,3,0
2026-06-25T11:44:38.988154,Camera 5,behavior,42,unknown,working,0.695,3,0
2026-06-25T11:44:40.978202,Camera 5,behavior,40,unknown,working,0.733,3,0
2026-06-25T11:44:40.978202,Camera 5,behavior,50,unknown,working,0.565,3,0
2026-06-25T11:44:40.978202,Camera 5,behavior,42,unknown,working,0.774,3,0
2026-06-25T11:44:42.181945,Camera 5,behavior,40,unknown,working,0.803,2,0
2026-06-25T11:44:42.181945,Camera 5,behavior,42,unknown,working,0.802,2,0
2026-06-25T11:44:43.227541,Camera 5,behavior,42,unknown,walking,0.761,3,0
2026-06-25T11:44:43.227541,Camera 5,behavior,56,unknown,walking,0.613,3,0
2026-06-25T11:44:43.227541,Camera 5,behavior,57,unknown,working,0.599,3,0
2026-06-25T11:44:44.619521,Camera 5,behavior,42,unknown,walking,0.798,3,0
2026-06-25T11:44:44.619521,Camera 5,behavior,40,unknown,walking,0.784,3,0
2026-06-25T11:44:44.619521,Camera 5,behavior,57,unknown,walking,0.392,3,0
2026-06-25T11:44:46.114092,Camera 5,behavior,42,unknown,walking,0.816,2,0
2026-06-25T11:44:46.114092,Camera 5,behavior,40,unknown,walking,0.49,2,0
2026-06-25T11:44:47.450780,Camera 5,behavior,42,unknown,walking,0.874,1,0
2026-06-25T11:44:48.680970,Camera 5,behavior,42,unknown,working,0.904,1,0
2026-06-25T11:45:00.640853,Camera 5,behavior,62,unknown,idle,0.419,1,0
2026-06-25T11:45:25.615110,Camera 5,behavior,68,unknown,idle,0.35,3,0
2026-06-25T11:45:25.615110,Camera 5,behavior,70,unknown,working,0.328,3,0
2026-06-25T11:45:25.615110,Camera 5,behavior,63,unknown,working,0.438,3,0
2026-06-25T11:45:27.189642,Camera 5,behavior,63,unknown,idle,0.476,1,0
2026-06-25T11:45:28.622944,Camera 5,behavior,63,unknown,idle,0.476,2,0
2026-06-25T11:45:28.622944,Camera 5,behavior,68,unknown,idle,0.584,2,0
2026-06-25T11:45:30.451437,Camera 5,behavior,63,unknown,idle,0.614,2,0
2026-06-25T11:45:30.451437,Camera 5,behavior,68,unknown,idle,0.637,2,0
2026-06-25T11:45:32.119931,Camera 5,behavior,68,unknown,idle,0.698,1,0
2026-06-25T11:45:34.992070,Camera 5,behavior,63,unknown,idle,0.321,1,0
2026-06-25T11:45:36.574071,Camera 5,behavior,80,unknown,working,0.488,1,0
2026-06-25T11:45:37.714044,Camera 5,behavior,81,unknown,working,0.458,1,0
2026-06-25T11:45:38.814674,Camera 5,behavior,81,unknown,working,0.628,2,0
2026-06-25T11:45:38.814674,Camera 5,behavior,63,unknown,idle,0.312,2,0
2026-06-25T11:45:40.392663,Camera 5,behavior,81,unknown,working,0.545,3,0
2026-06-25T11:45:40.392663,Camera 5,behavior,63,unknown,idle,0.314,3,0
2026-06-25T11:45:40.392663,Camera 5,behavior,76,unknown,working,0.449,3,0
2026-06-25T11:45:41.446255,Camera 5,behavior,87,unknown,working,0.331,1,0
2026-06-25T11:45:42.738432,Camera 5,behavior,76,unknown,working,0.486,1,0
2026-06-25T11:45:43.857876,Camera 5,behavior,76,unknown,working,0.744,1,0
2026-06-25T11:45:44.873712,Camera 5,behavior,76,unknown,idle,0.748,3,0
2026-06-25T11:45:44.873712,Camera 5,behavior,100,unknown,working,0.549,3,0
2026-06-25T11:45:44.873712,Camera 5,behavior,94,unknown,working,0.302,3,0
2026-06-25T11:45:45.993684,Camera 5,behavior,76,unknown,idle,0.751,1,0
2026-06-25T11:45:47.097246,Camera 5,behavior,76,unknown,idle,0.735,1,0
2026-06-25T11:45:48.355592,Camera 5,behavior,76,unknown,idle,0.745,2,0
2026-06-25T11:45:48.355592,Camera 5,behavior,109,unknown,working,0.402,2,0
2026-06-25T11:45:49.467517,Camera 5,behavior,76,unknown,idle,0.751,1,0
2026-06-25T11:45:50.682676,Camera 5,behavior,76,unknown,idle,0.508,1,0
2026-06-25T11:45:51.717097,Camera 5,behavior,76,unknown,idle,0.668,1,0
2026-06-25T11:45:52.749330,Camera 5,behavior,76,unknown,idle,0.738,1,0
2026-06-25T11:45:53.765595,Camera 5,behavior,76,unknown,idle,0.63,3,0
2026-06-25T11:45:53.765595,Camera 5,behavior,116,unknown,working,0.481,3,0
2026-06-25T11:45:53.765595,Camera 5,behavior,109,unknown,idle,0.399,3,0
2026-06-25T11:45:54.887866,Camera 5,behavior,76,unknown,idle,0.665,2,0
2026-06-25T11:45:54.887866,Camera 5,behavior,116,unknown,working,0.646,2,0
2026-06-25T11:45:55.892368,Camera 5,behavior,76,unknown,idle,0.632,3,0
2026-06-25T11:45:55.892368,Camera 5,behavior,116,unknown,working,0.661,3,0
2026-06-25T11:45:55.892368,Camera 5,behavior,109,unknown,idle,0.355,3,0
2026-06-25T11:45:56.929769,Camera 5,behavior,76,unknown,idle,0.722,1,0
2026-06-25T11:45:58.534650,Camera 5,behavior,76,unknown,idle,0.714,1,0
2026-06-25T11:46:00.060626,Camera 5,behavior,76,unknown,idle,0.716,1,0
2026-06-25T11:46:01.236864,Camera 5,behavior,76,unknown,idle,0.716,1,0
2026-06-25T11:46:02.840342,Camera 5,behavior,76,unknown,idle,0.709,1,0
2026-06-25T11:46:04.568554,Camera 5,behavior,76,unknown,idle,0.71,2,0
2026-06-25T11:46:04.568554,Camera 5,behavior,117,unknown,working,0.385,2,0
2026-06-25T11:46:05.924459,Camera 5,behavior,76,unknown,idle,0.72,2,0
2026-06-25T11:46:05.924459,Camera 5,behavior,117,unknown,working,0.555,2,0
2026-06-25T11:46:06.932937,Camera 5,behavior,76,unknown,idle,0.553,1,0
2026-06-25T11:46:08.015318,Camera 5,behavior,76,unknown,idle,0.739,2,0
2026-06-25T11:46:08.015318,Camera 5,behavior,120,unknown,working,0.436,2,0
2026-06-25T11:46:09.719306,Camera 5,behavior,76,unknown,idle,0.699,1,0
2026-06-25T11:46:10.815215,Camera 5,behavior,76,unknown,idle,0.75,2,0
2026-06-25T11:46:10.815215,Camera 5,behavior,124,unknown,working,0.603,2,0
2026-06-25T11:46:13.695056,Camera 5,behavior,76,unknown,idle,0.667,3,0
2026-06-25T11:46:13.695056,Camera 5,behavior,124,unknown,working,0.487,3,0
2026-06-25T11:46:13.695056,Camera 5,behavior,129,unknown,working,0.601,3,0
2026-06-25T11:46:14.720076,Camera 5,behavior,76,unknown,idle,0.631,2,0
2026-06-25T11:46:14.720076,Camera 5,behavior,136,unknown,working,0.534,2,0
2026-06-25T11:46:16.115048,Camera 5,behavior,76,unknown,idle,0.629,3,0
2026-06-25T11:46:16.115048,Camera 5,behavior,136,unknown,working,0.714,3,0
2026-06-25T11:46:16.115048,Camera 5,behavior,135,unknown,walking,0.479,3,0
2026-06-25T11:46:17.121116,Camera 5,behavior,76,unknown,idle,0.632,3,0
2026-06-25T11:46:17.121116,Camera 5,behavior,136,unknown,working,0.825,3,0
2026-06-25T11:46:17.121116,Camera 5,behavior,133,unknown,walking,0.707,3,0
2026-06-25T11:46:18.202758,Camera 5,behavior,76,unknown,idle,0.704,4,0
2026-06-25T11:46:18.202758,Camera 5,behavior,136,unknown,working,0.843,4,0
2026-06-25T11:46:18.202758,Camera 5,behavior,147,unknown,idle,0.338,4,0
2026-06-25T11:46:18.202758,Camera 5,behavior,135,unknown,walking,0.796,4,0
2026-06-25T11:46:19.270093,Camera 5,behavior,76,unknown,idle,0.655,3,0
2026-06-25T11:46:19.270093,Camera 5,behavior,136,unknown,working,0.789,3,0
2026-06-25T11:46:19.270093,Camera 5,behavior,135,unknown,working,0.789,3,0
2026-06-25T11:46:20.308710,Camera 5,behavior,76,unknown,idle,0.762,3,0
2026-06-25T11:46:20.308710,Camera 5,behavior,136,unknown,working,0.814,3,0
2026-06-25T11:46:20.308710,Camera 5,behavior,135,unknown,working,0.743,3,0
2026-06-25T11:46:21.294279,Camera 5,behavior,76,unknown,idle,0.719,3,0
2026-06-25T11:46:21.294279,Camera 5,behavior,136,unknown,working,0.741,3,0
2026-06-25T11:46:21.294279,Camera 5,behavior,135,unknown,working,0.66,3,0
2026-06-25T11:46:22.888130,Camera 5,behavior,76,unknown,idle,0.766,3,0
2026-06-25T11:46:22.888130,Camera 5,behavior,136,unknown,working,0.686,3,0
2026-06-25T11:46:22.888130,Camera 5,behavior,135,unknown,walking,0.712,3,0
2026-06-25T11:46:24.056710,Camera 5,behavior,76,unknown,idle,0.748,3,0
2026-06-25T11:46:24.056710,Camera 5,behavior,136,unknown,working,0.503,3,0
2026-06-25T11:46:24.056710,Camera 5,behavior,135,unknown,walking,0.703,3,0
2026-06-25T11:46:26.033481,Camera 5,behavior,76,unknown,idle,0.763,2,0
2026-06-25T11:46:26.033481,Camera 5,behavior,135,unknown,walking,0.491,2,0
2026-06-25T11:46:27.294586,Camera 5,behavior,76,unknown,idle,0.576,3,0
2026-06-25T11:46:27.294586,Camera 5,behavior,136,unknown,walking,0.615,3,0
2026-06-25T11:46:27.294586,Camera 5,behavior,135,unknown,working,0.361,3,0
2026-06-25T11:46:28.968799,Camera 5,behavior,76,unknown,idle,0.523,2,0
2026-06-25T11:46:28.968799,Camera 5,behavior,135,unknown,working,0.753,2,0
2026-06-25T11:46:30.002061,Camera 5,behavior,76,unknown,idle,0.728,3,0
2026-06-25T11:46:30.002061,Camera 5,behavior,135,unknown,working,0.707,3,0
2026-06-25T11:46:30.002061,Camera 5,behavior,162,unknown,working,0.77,3,0
2026-06-25T11:46:31.561691,Camera 5,behavior,76,unknown,idle,0.696,3,0
2026-06-25T11:46:31.561691,Camera 5,behavior,135,unknown,working,0.696,3,0
2026-06-25T11:46:31.561691,Camera 5,behavior,162,unknown,working,0.632,3,0
2026-06-25T11:46:32.605588,Camera 5,behavior,76,unknown,idle,0.701,2,0
2026-06-25T11:46:32.605588,Camera 5,behavior,135,unknown,working,0.574,2,0
2026-06-25T11:46:33.798890,Camera 5,behavior,76,unknown,idle,0.665,3,0
2026-06-25T11:46:33.798890,Camera 5,behavior,135,unknown,working,0.303,3,0
2026-06-25T11:46:33.798890,Camera 5,behavior,174,unknown,working,0.461,3,0
2026-06-25T11:46:35.128969,Camera 5,behavior,76,unknown,idle,0.553,1,0
2026-06-25T11:46:36.543678,Camera 5,behavior,76,unknown,idle,0.416,3,0
2026-06-25T11:46:36.543678,Camera 5,behavior,135,unknown,working,0.693,3,0
2026-06-25T11:46:36.543678,Camera 5,behavior,174,unknown,working,0.674,3,0
2026-06-25T11:46:37.595387,Camera 5,behavior,76,unknown,idle,0.604,3,0
2026-06-25T11:46:37.595387,Camera 5,behavior,135,unknown,working,0.365,3,0
2026-06-25T11:46:37.595387,Camera 5,behavior,174,unknown,working,0.477,3,0
2026-06-25T11:46:38.606143,Camera 5,behavior,76,unknown,idle,0.642,3,0
2026-06-25T11:46:38.606143,Camera 5,behavior,174,unknown,idle,0.523,3,0
2026-06-25T11:46:38.606143,Camera 5,behavior,135,unknown,idle,0.395,3,0
2026-06-25T11:46:39.906669,Camera 5,behavior,76,unknown,idle,0.648,1,0
2026-06-25T11:46:43.146525,Camera 5,behavior,76,unknown,idle,0.648,2,0
2026-06-25T11:46:43.146525,Camera 5,behavior,177,unknown,working,0.582,2,0
2026-06-25T11:46:44.242488,Camera 5,behavior,76,unknown,idle,0.712,2,0
2026-06-25T11:46:44.242488,Camera 5,behavior,179,unknown,working,0.502,2,0
2026-06-25T11:46:45.835550,Camera 5,behavior,76,unknown,idle,0.753,1,0
2026-06-25T11:46:46.918291,Camera 5,behavior,76,unknown,idle,0.736,1,0
2026-06-25T11:46:47.933566,Camera 5,behavior,76,unknown,idle,0.742,1,0
2026-06-25T11:46:49.006813,Camera 5,behavior,76,unknown,idle,0.725,1,0
2026-06-25T11:46:50.486055,Camera 5,behavior,76,unknown,idle,0.686,1,0
2026-06-25T11:46:51.538250,Camera 5,behavior,76,unknown,idle,0.724,1,0
2026-06-25T11:46:52.541450,Camera 5,behavior,76,unknown,idle,0.712,2,0
2026-06-25T11:46:52.541450,Camera 5,behavior,181,unknown,walking,0.6,2,0
2026-06-25T11:46:53.680927,Camera 5,behavior,76,unknown,idle,0.71,2,0
2026-06-25T11:46:53.680927,Camera 5,behavior,187,unknown,working,0.763,2,0
2026-06-25T11:46:54.716647,Camera 5,behavior,76,unknown,idle,0.471,2,0
2026-06-25T11:46:54.716647,Camera 5,behavior,187,unknown,working,0.538,2,0
2026-06-25T11:46:56.820250,Camera 5,behavior,187,unknown,working,0.591,1,0
2026-06-25T11:46:57.849154,Camera 5,behavior,187,unknown,working,0.343,3,0
2026-06-25T11:46:57.849154,Camera 5,behavior,76,unknown,working,0.392,3,0
2026-06-25T11:46:57.849154,Camera 5,behavior,196,unknown,working,0.519,3,0
2026-06-25T11:46:59.493972,Camera 5,behavior,196,unknown,working,0.407,1,0
2026-06-25T11:47:00.569087,Camera 5,behavior,196,unknown,working,0.571,3,0
2026-06-25T11:47:00.569087,Camera 5,behavior,76,unknown,working,0.729,3,0
2026-06-25T11:47:00.569087,Camera 5,behavior,206,unknown,working,0.358,3,0
2026-06-25T11:47:03.595382,Camera 5,behavior,76,unknown,idle,0.769,3,0
2026-06-25T11:47:03.595382,Camera 5,behavior,196,unknown,working,0.453,3,0
2026-06-25T11:47:03.595382,Camera 5,behavior,206,unknown,working,0.713,3,0
2026-06-25T11:47:04.658443,Camera 5,behavior,76,unknown,idle,0.71,1,0
2026-06-25T11:47:08.603685,Camera 5,behavior,76,unknown,idle,0.693,1,0
2026-06-25T11:47:09.693243,Camera 5,behavior,76,unknown,idle,0.513,2,0
2026-06-25T11:47:09.693243,Camera 5,behavior,211,unknown,working,0.669,2,0
2026-06-25T11:47:11.169532,Camera 5,behavior,76,unknown,working,0.325,1,0
2026-06-25T11:47:13.137380,Camera 5,behavior,76,unknown,idle,0.506,1,0
2026-06-25T11:47:14.595221,Camera 5,behavior,76,unknown,idle,0.463,2,0
2026-06-25T11:47:14.595221,Camera 5,behavior,214,unknown,working,0.477,2,0
2026-06-25T11:47:15.624993,Camera 5,behavior,76,unknown,idle,0.369,1,0
2026-06-25T11:47:16.841955,Camera 5,behavior,76,unknown,idle,0.668,1,0
2026-06-25T11:47:18.584157,Camera 5,behavior,76,unknown,working,0.437,1,0
2026-06-25T11:47:19.605915,Camera 5,behavior,76,unknown,working,0.609,1,0
2026-06-25T11:47:20.687199,Camera 5,behavior,76,unknown,idle,0.389,1,0
2026-06-25T11:47:22.206378,Camera 5,behavior,224,unknown,working,0.486,1,0
2026-06-25T11:47:25.941375,Camera 5,behavior,76,unknown,idle,0.392,1,0
2026-06-25T11:47:30.802663,Camera 5,behavior,76,unknown,idle,0.385,1,0
2026-06-25T11:47:48.009756,Camera 5,behavior,233,unknown,working,0.51,1,0
2026-06-25T11:47:49.129629,Camera 5,behavior,233,unknown,working,0.582,5,0
2026-06-25T11:47:49.129629,Camera 5,behavior,242,unknown,working,0.685,5,0
2026-06-25T11:47:49.129629,Camera 5,behavior,243,unknown,working,0.742,5,0
2026-06-25T11:47:49.129629,Camera 5,behavior,244,unknown,idle,0.451,5,0
2026-06-25T11:47:49.129629,Camera 5,behavior,245,unknown,idle,0.538,5,0
2026-06-25T11:47:50.339768,Camera 5,behavior,243,unknown,working,0.809,3,0
2026-06-25T11:47:50.339768,Camera 5,behavior,245,unknown,idle,0.542,3,0
2026-06-25T11:47:50.339768,Camera 5,behavior,242,unknown,working,0.7,3,0
2026-06-25T11:47:53.569933,Camera 5,behavior,243,unknown,working,0.612,2,0
2026-06-25T11:47:53.569933,Camera 5,behavior,242,unknown,working,0.547,2,0
2026-06-25T11:47:55.153753,Camera 5,behavior,242,unknown,working,0.475,3,0
2026-06-25T11:47:55.153753,Camera 5,behavior,233,unknown,working,0.397,3,0
2026-06-25T11:47:55.153753,Camera 5,behavior,230,unknown,working,0.302,3,0
2026-06-25T11:47:56.759362,Camera 5,behavior,242,unknown,working,0.612,3,0
2026-06-25T11:47:56.759362,Camera 5,behavior,249,unknown,working,0.583,3,0
2026-06-25T11:47:56.759362,Camera 5,behavior,233,unknown,working,0.354,3,0
2026-06-25T11:47:58.091165,Camera 5,behavior,242,unknown,working,0.685,2,0
2026-06-25T11:47:58.091165,Camera 5,behavior,249,unknown,working,0.636,2,0
2026-06-25T11:48:00.673613,Camera 5,behavior,242,unknown,working,0.674,2,0
2026-06-25T11:48:00.673613,Camera 5,behavior,249,unknown,working,0.61,2,0
2026-06-25T11:48:02.280018,Camera 5,behavior,242,unknown,working,0.442,2,0
2026-06-25T11:48:02.280018,Camera 5,behavior,249,unknown,working,0.56,2,0
2026-06-25T11:48:03.283316,Camera 5,behavior,249,unknown,working,0.463,1,0
2026-06-25T11:48:04.498232,Camera 5,behavior,249,unknown,working,0.67,1,0
2026-06-25T11:48:05.688972,Camera 5,behavior,249,unknown,working,0.57,1,0
2026-06-25T11:48:07.420631,Camera 5,behavior,253,unknown,working,0.63,1,0
2026-06-25T11:48:11.371090,Camera 5,behavior,257,unknown,working,0.566,1,0
2026-06-25T11:48:13.801977,Camera 5,behavior,262,unknown,working,0.563,1,0
2026-06-25T11:48:17.125777,Camera 5,behavior,262,unknown,working,0.472,1,0
2026-06-25T11:48:18.238901,Camera 5,behavior,262,unknown,working,0.604,1,0
2026-06-25T11:48:20.632828,Camera 5,behavior,262,unknown,working,0.522,1,0
2026-06-25T11:48:39.486936,Camera 5,behavior,276,unknown,working,0.421,1,0
2026-06-25T11:48:45.049068,Camera 5,behavior,296,unknown,working,0.696,1,0
2026-06-25T11:48:56.595470,Camera 5,behavior,312,unknown,working,0.476,1,0
2026-06-25T11:48:57.599243,Camera 5,behavior,312,unknown,idle,0.46,1,0
2026-06-25T11:48:58.636275,Camera 5,behavior,312,unknown,idle,0.481,1,0
2026-06-25T11:48:59.651744,Camera 5,behavior,312,unknown,working,0.376,1,0
2026-06-25T11:49:02.467648,Camera 5,behavior,316,unknown,working,0.478,1,0
2026-06-25T11:49:03.759790,Camera 5,behavior,316,unknown,idle,0.558,1,0
2026-06-25T11:49:04.892456,Camera 5,behavior,316,unknown,idle,0.604,1,0
2026-06-25T11:49:05.953903,Camera 5,behavior,316,unknown,idle,0.466,1,0
2026-06-25T11:49:10.139048,Camera 5,behavior,316,unknown,idle,0.661,1,0
2026-06-25T11:49:11.193658,Camera 5,behavior,316,unknown,idle,0.701,1,0
2026-06-25T11:49:12.256443,Camera 5,behavior,316,unknown,idle,0.388,1,0
2026-06-25T12:59:11.608563,Camera 5,behavior,12,unknown,working,0.5,1,0
2026-06-25T12:59:52.070131,Camera 5,behavior,21,unknown,walking,0.865,2,0
2026-06-25T12:59:52.070131,Camera 5,behavior,23,unknown,walking,0.372,2,0
2026-06-25T12:59:53.156968,Camera 5,behavior,21,unknown,walking,0.747,2,0
2026-06-25T12:59:53.156968,Camera 5,behavior,26,unknown,working,0.416,2,0
2026-06-25T12:59:54.494513,Camera 5,behavior,21,unknown,walking,0.667,2,0
2026-06-25T12:59:54.494513,Camera 5,behavior,28,unknown,working,0.499,2,0
2026-06-25T12:59:58.150396,Camera 5,behavior,21,unknown,walking,0.528,3,0
2026-06-25T12:59:58.150396,Camera 5,behavior,35,unknown,working,0.539,3,0
2026-06-25T12:59:58.150396,Camera 5,behavior,36,unknown,idle,0.311,3,0
2026-06-25T12:59:59.171101,Camera 5,behavior,21,unknown,working,0.554,2,0
2026-06-25T12:59:59.171101,Camera 5,behavior,39,unknown,idle,0.708,2,0
2026-06-25T13:00:06.576681,Camera 5,behavior,44,unknown,working,0.38,1,0
2026-06-25T13:00:07.610473,Camera 5,behavior,45,unknown,working,0.321,1,0
2026-06-25T13:00:16.539720,Camera 5,behavior,52,unknown,working,0.324,1,0
2026-06-25T13:00:18.956339,Camera 5,behavior,56,unknown,working,0.678,1,0
2026-06-25T13:07:35.395629,Webcam (laptop),behavior,1,unknown,working,0.819,1,0
2026-06-25T13:07:39.783492,Webcam (laptop),behavior,1,unknown,idle,0.802,1,0
2026-06-25T13:07:41.103677,Webcam (laptop),behavior,1,Dikshant,idle,0.77,1,0
2026-06-25T13:09:24.514843,Camera 6,behavior,10,unknown,working,0.527,1,0
2026-06-25T13:09:51.687162,Camera 6,behavior,15,unknown,working,0.714,1,0
2026-06-25T13:09:52.782983,Camera 6,behavior,15,unknown,idle,0.612,1,0
2026-06-25T13:09:54.204442,Camera 6,behavior,15,unknown,idle,0.721,1,0
2026-06-25T13:09:55.227681,Camera 6,behavior,15,unknown,idle,0.765,1,0
2026-06-25T13:10:02.582229,Camera 6,behavior,22,unknown,working,0.498,1,0
2026-06-25T13:10:03.594900,Camera 6,behavior,22,unknown,working,0.679,2,0
2026-06-25T13:10:03.594900,Camera 6,behavior,23,unknown,working,0.522,2,0
2026-06-25T13:45:19.483370,Camera 6,behavior,1,unknown,working,0.486,1,0
2026-06-25T13:45:19.483370,Webcam (laptop),behavior,2,unknown,working,0.783,1,0
2026-06-25T13:45:19.483370,Camera 5,behavior,3,unknown,working,0.312,1,0
2026-06-25T13:45:20.896702,Camera 5,behavior,4,unknown,working,0.331,1,0
2026-06-25T13:45:21.904431,Camera 5,behavior,4,unknown,idle,0.319,3,0
2026-06-25T13:45:21.904431,Camera 5,behavior,5,unknown,working,0.4,3,0
2026-06-25T13:45:21.904431,Camera 5,behavior,3,unknown,working,0.439,3,0
2026-06-25T13:45:23.413889,Camera 5,behavior,3,unknown,working,0.388,1,0
2026-06-25T13:45:24.478093,Camera 5,behavior,3,unknown,working,0.406,1,0
2026-06-25T13:45:26.004605,Camera 5,behavior,3,unknown,working,0.331,1,0
2026-06-25T13:45:27.207693,Camera 5,behavior,3,unknown,idle,0.325,1,0
2026-06-25T13:45:28.550307,Camera 5,behavior,3,unknown,idle,0.396,1,0
2026-06-25T13:45:29.035384,Webcam (laptop),behavior,2,unknown,idle,0.713,1,0
2026-06-25T13:45:30.117977,Webcam (laptop),behavior,2,unknown,working,0.735,1,0
2026-06-25T13:45:31.149492,Webcam (laptop),behavior,2,unknown,idle,0.726,1,0
2026-06-25T13:45:32.154061,Webcam (laptop),behavior,2,dikshant,idle,0.695,1,0
2026-06-25T13:45:33.177914,Webcam (laptop),behavior,2,Dikshant,idle,0.718,1,0
2026-06-25T13:45:34.267035,Webcam (laptop),behavior,2,Dikshant,idle,0.718,1,0
2026-06-25T13:45:35.316012,Webcam (laptop),behavior,2,Dikshant,idle,0.732,1,0
2026-06-25T13:45:36.477647,Webcam (laptop),behavior,2,Dikshant,idle,0.773,1,0
2026-06-25T13:45:36.558223,Camera 5,behavior,3,unknown,idle,0.62,3,0
2026-06-25T13:45:36.558223,Camera 5,behavior,1,unknown,working,0.396,3,0
2026-06-25T13:45:36.558223,Camera 5,behavior,5,unknown,working,0.482,3,0
2026-06-25T13:45:37.501334,Webcam (laptop),behavior,2,Dikshant,idle,0.797,1,0
2026-06-25T13:45:37.807217,Camera 5,behavior,3,unknown,working,0.731,3,0
2026-06-25T13:45:37.807217,Camera 5,behavior,1,unknown,idle,0.348,3,0
2026-06-25T13:45:37.807217,Camera 5,behavior,5,unknown,working,0.367,3,0
2026-06-25T13:45:39.192177,Webcam (laptop),behavior,2,Dikshant,idle,0.764,1,0
2026-06-25T13:45:39.295968,Camera 5,behavior,6,unknown,working,0.746,1,0
2026-06-25T13:45:40.309675,Webcam (laptop),behavior,2,Dikshant,working,0.75,1,0
2026-06-25T13:45:40.316121,Camera 5,behavior,6,unknown,working,0.621,1,0
2026-06-25T13:45:41.454671,Camera 5,behavior,6,unknown,working,0.689,2,0
2026-06-25T13:45:41.454671,Camera 5,behavior,8,unknown,working,0.389,2,0
2026-06-25T13:45:41.454671,Webcam (laptop),behavior,2,Dikshant,idle,0.747,1,0
2026-06-25T13:45:42.489272,Camera 5,behavior,6,unknown,working,0.592,1,0
2026-06-25T13:45:42.884091,Webcam (laptop),behavior,2,Dikshant,idle,0.779,1,0
2026-06-25T13:45:44.216217,Webcam (laptop),behavior,2,Dikshant,idle,0.761,1,0
2026-06-25T13:45:45.365218,Webcam (laptop),behavior,2,Dikshant,idle,0.764,1,0
2026-06-25T13:45:45.511765,Camera 5,behavior,10,unknown,working,0.688,2,0
2026-06-25T13:45:45.511765,Camera 5,behavior,11,unknown,working,0.318,2,0
2026-06-25T13:45:46.365954,Webcam (laptop),behavior,2,Dikshant,idle,0.775,1,0
2026-06-25T13:45:47.078054,Camera 5,behavior,12,unknown,working,0.643,1,0
2026-06-25T13:45:47.598956,Webcam (laptop),behavior,2,Dikshant,idle,0.787,1,0
2026-06-25T13:45:48.511557,Camera 5,behavior,12,unknown,walking,0.785,1,0
2026-06-25T13:45:48.740043,Webcam (laptop),behavior,2,Dikshant,idle,0.777,1,0
2026-06-25T13:45:49.740111,Camera 5,behavior,12,unknown,walking,0.509,1,0
2026-06-25T13:45:49.892731,Webcam (laptop),behavior,2,Dikshant,idle,0.782,1,0
2026-06-25T13:45:50.921940,Camera 5,behavior,12,unknown,walking,0.65,1,0
2026-06-25T13:45:51.116920,Webcam (laptop),behavior,2,Dikshant,idle,0.759,1,0
2026-06-25T13:45:51.762500,Camera 8,behavior,14,unknown,working,0.59,1,0
2026-06-25T13:45:52.147598,Webcam (laptop),behavior,2,Dikshant,idle,0.787,1,0
2026-06-25T13:45:53.180143,Webcam (laptop),behavior,2,Dikshant,idle,0.801,1,0
2026-06-25T13:45:54.462329,Webcam (laptop),behavior,2,Dikshant,working,0.829,1,0
2026-06-25T13:45:54.482947,Camera 8,behavior,17,unknown,walking,0.663,1,0
2026-06-25T13:45:55.630220,Webcam (laptop),behavior,2,Dikshant,working,0.805,1,0
2026-06-25T13:45:55.650857,Camera 8,behavior,17,unknown,walking,0.758,1,0
2026-06-25T13:45:56.969254,Webcam (laptop),behavior,2,Dikshant,idle,0.797,1,0
2026-06-25T13:45:57.912046,Camera 8,behavior,17,unknown,walking,0.699,1,0
2026-06-25T13:45:58.048018,Webcam (laptop),behavior,2,Dikshant,idle,0.804,1,0
2026-06-25T13:45:59.070244,Webcam (laptop),behavior,2,Dikshant,idle,0.818,1,0
2026-06-25T13:46:00.277297,Webcam (laptop),behavior,2,Dikshant,idle,0.767,1,0
2026-06-25T13:46:00.605487,Camera 8,behavior,17,unknown,working,0.797,1,0
2026-06-25T13:46:01.803750,Webcam (laptop),behavior,2,Dikshant,working,0.747,1,0
2026-06-25T13:46:01.850783,Camera 8,behavior,17,unknown,working,0.445,1,0
2026-06-25T13:46:03.122972,Webcam (laptop),behavior,2,Dikshant,idle,0.738,1,0
2026-06-25T13:46:03.137628,Camera 8,behavior,17,unknown,working,0.725,1,0
2026-06-25T13:46:04.237628,Camera 8,behavior,17,unknown,working,0.702,1,0
2026-06-25T13:46:04.255834,Webcam (laptop),behavior,2,Dikshant,working,0.743,1,0
2026-06-25T13:46:05.262878,Webcam (laptop),behavior,2,Dikshant,idle,0.749,1,0
2026-06-25T13:46:05.760735,Camera 8,behavior,17,unknown,working,0.765,1,0
2026-06-25T13:46:06.266298,Webcam (laptop),behavior,2,Dikshant,idle,0.757,1,0
2026-06-25T13:46:06.968560,Camera 8,behavior,17,unknown,working,0.584,1,0
2026-06-25T13:46:07.516591,Webcam (laptop),behavior,2,Dikshant,idle,0.749,1,0
2026-06-25T13:46:08.679016,Webcam (laptop),behavior,2,Dikshant,idle,0.755,1,0
2026-06-25T13:46:09.688500,Webcam (laptop),behavior,2,Dikshant,idle,0.753,1,0
2026-06-25T13:46:10.720964,Webcam (laptop),behavior,2,Dikshant,idle,0.759,1,0
2026-06-25T13:46:11.775333,Webcam (laptop),behavior,2,Dikshant,idle,0.712,1,0
2026-06-25T13:46:12.873644,Webcam (laptop),behavior,2,Dikshant,idle,0.714,1,0
2026-06-25T13:46:13.724394,Camera 8,behavior,24,unknown,working,0.422,1,0
2026-06-25T13:46:13.908997,Webcam (laptop),behavior,2,Dikshant,idle,0.697,1,0
2026-06-25T13:46:15.045907,Webcam (laptop),behavior,2,Dikshant,working,0.674,1,0
2026-06-25T13:46:16.081884,Webcam (laptop),behavior,2,Dikshant,working,0.651,1,0
2026-06-25T13:46:17.082657,Webcam (laptop),behavior,2,Dikshant,working,0.61,1,0
2026-06-25T13:46:18.086046,Webcam (laptop),behavior,2,Dikshant,working,0.724,1,0
2026-06-25T13:46:19.100518,Webcam (laptop),behavior,2,Dikshant,working,0.635,1,0
2026-06-25T13:46:20.119441,Webcam (laptop),behavior,2,Dikshant,working,0.665,1,0
2026-06-25T13:46:21.156993,Webcam (laptop),behavior,2,Dikshant,working,0.598,1,0
2026-06-25T13:46:22.613394,Webcam (laptop),behavior,2,Dikshant,working,0.687,1,0
2026-06-25T13:46:22.986368,Camera 8,behavior,31,unknown,working,0.408,1,0
2026-06-25T13:46:23.662477,Webcam (laptop),behavior,2,Dikshant,working,0.625,1,0
2026-06-25T13:46:24.113117,Camera 8,behavior,31,unknown,working,0.382,1,0
2026-06-25T13:58:53.608495,Webcam (laptop),behavior,1,unknown,working,0.922,1,0
2026-06-25T13:58:54.808047,Webcam (laptop),behavior,1,unknown,idle,0.929,1,0
2026-06-25T13:58:55.893066,Webcam (laptop),behavior,1,unknown,idle,0.919,1,0
2026-06-25T13:58:59.533632,Webcam (laptop),behavior,1,unknown,working,0.923,1,0
2026-06-25T13:59:00.556855,Webcam (laptop),behavior,1,unknown,idle,0.924,1,0
2026-06-25T13:59:01.605636,Webcam (laptop),behavior,1,unknown,idle,0.926,1,0
2026-06-25T13:59:03.046292,Webcam (laptop),behavior,1,Dikshant,idle,0.925,1,0
2026-06-25T13:59:04.215518,Webcam (laptop),behavior,1,Dikshant,idle,0.932,1,0
2026-06-25T13:59:05.358510,Webcam (laptop),behavior,1,Dikshant,idle,0.929,1,0
2026-06-25T13:59:06.163785,Camera 6,behavior,1,unknown,working,0.374,1,0
2026-06-25T13:59:06.486685,Webcam (laptop),behavior,1,Dikshant,idle,0.932,1,0
2026-06-25T13:59:07.501143,Webcam (laptop),behavior,1,Dikshant,idle,0.928,1,0
2026-06-25T13:59:07.545153,Camera 6,behavior,1,unknown,working,0.347,1,0
2026-06-25T13:59:08.550245,Webcam (laptop),behavior,1,Dikshant,idle,0.904,1,0
2026-06-25T13:59:10.087544,Webcam (laptop),behavior,1,Dikshant,working,0.902,1,0
2026-06-25T13:59:11.252932,Webcam (laptop),behavior,1,Dikshant,working,0.891,1,0
2026-06-25T13:59:12.378735,Webcam (laptop),behavior,1,Dikshant,working,0.898,1,0
2026-06-25T13:59:13.801266,Webcam (laptop),behavior,1,Dikshant,working,0.886,1,0
2026-06-25T13:59:14.370014,Camera 6,behavior,1,unknown,idle,0.371,1,0
2026-06-25T13:59:14.808437,Webcam (laptop),behavior,1,Dikshant,working,0.899,1,0
2026-06-25T13:59:15.935257,Webcam (laptop),behavior,1,Dikshant,working,0.899,1,0
2026-06-25T13:59:17.121702,Webcam (laptop),behavior,1,Dikshant,idle,0.897,1,0
2026-06-25T13:59:17.858012,Camera 6,behavior,1,unknown,idle,0.317,1,0
2026-06-25T13:59:18.328638,Webcam (laptop),behavior,1,Dikshant,idle,0.91,1,0
2026-06-25T13:59:19.397041,Camera 6,behavior,1,unknown,idle,0.319,1,0
2026-06-25T13:59:19.399336,Webcam (laptop),behavior,1,Dikshant,idle,0.893,1,0
2026-06-25T13:59:20.401238,Webcam (laptop),behavior,1,Dikshant,idle,0.918,1,0
2026-06-25T13:59:20.409164,Camera 6,behavior,1,unknown,idle,0.354,1,0
2026-06-25T13:59:21.580584,Webcam (laptop),behavior,1,Dikshant,idle,0.915,1,0
2026-06-25T13:59:22.629220,Webcam (laptop),behavior,1,Dikshant,idle,0.914,1,0
2026-06-25T13:59:23.771227,Webcam (laptop),behavior,1,Dikshant,idle,0.917,1,0
2026-06-25T13:59:24.791834,Webcam (laptop),behavior,1,Dikshant,idle,0.915,1,0
2026-06-25T13:59:25.966178,Webcam (laptop),behavior,1,Dikshant,idle,0.916,1,0
2026-06-25T13:59:27.088827,Webcam (laptop),behavior,1,Dikshant,idle,0.909,1,0
2026-06-25T13:59:28.300208,Webcam (laptop),behavior,1,dikshant,idle,0.918,1,0
2026-06-25T13:59:29.114684,Camera 6,behavior,1,unknown,idle,0.374,1,0
2026-06-25T13:59:29.456968,Webcam (laptop),behavior,1,dikshant,idle,0.916,1,0
2026-06-25T13:59:30.625926,Webcam (laptop),behavior,1,dikshant,idle,0.917,1,0
2026-06-25T13:59:31.776737,Webcam (laptop),behavior,1,Dikshant,idle,0.916,1,0
2026-06-25T13:59:33.319608,Webcam (laptop),behavior,1,Dikshant,idle,0.921,1,0
2026-06-25T13:59:34.449023,Webcam (laptop),behavior,1,Dikshant,idle,0.905,1,0
2026-06-25T13:59:35.886120,Webcam (laptop),behavior,1,dikshant,idle,0.903,1,0
2026-06-25T13:59:36.615313,Camera 6,behavior,1,unknown,idle,0.341,1,0
2026-06-25T13:59:37.040863,Webcam (laptop),behavior,1,dikshant,idle,0.913,1,0
2026-06-25T13:59:38.069196,Webcam (laptop),behavior,1,dikshant,idle,0.914,1,0
2026-06-25T13:59:39.479416,Webcam (laptop),behavior,1,dikshant,idle,0.922,1,0
2026-06-25T13:59:40.644893,Webcam (laptop),behavior,1,dikshant,idle,0.922,1,0
2026-06-25T13:59:41.754673,Webcam (laptop),behavior,1,dikshant,idle,0.907,1,0
2026-06-25T13:59:43.132914,Webcam (laptop),behavior,1,dikshant,idle,0.912,1,0
2026-06-25T13:59:44.166134,Webcam (laptop),behavior,1,dikshant,idle,0.905,1,0
2026-06-25T13:59:45.184509,Webcam (laptop),behavior,1,dikshant,idle,0.909,1,0
2026-06-25T13:59:46.324759,Webcam (laptop),behavior,1,dikshant,idle,0.914,1,0
2026-06-25T13:59:47.360156,Webcam (laptop),behavior,1,dikshant,idle,0.919,1,0
2026-06-25T13:59:48.375566,Webcam (laptop),behavior,1,dikshant,idle,0.924,1,0
2026-06-25T13:59:49.394134,Webcam (laptop),behavior,1,dikshant,idle,0.927,1,0
2026-06-25T13:59:50.449273,Webcam (laptop),behavior,1,dikshant,idle,0.927,1,0
2026-06-25T13:59:51.884440,Camera 6,behavior,5,unknown,idle,0.31,1,0
2026-06-25T13:59:51.952257,Webcam (laptop),behavior,1,dikshant,idle,0.914,1,0
2026-06-25T13:59:53.045434,Webcam (laptop),behavior,1,dikshant,idle,0.9,1,0
2026-06-25T13:59:53.328158,Camera 8,behavior,9,unknown,working,0.476,1,0
2026-06-25T13:59:54.447095,Webcam (laptop),behavior,1,dikshant,idle,0.921,1,0
2026-06-25T13:59:55.530373,Webcam (laptop),behavior,1,dikshant,idle,0.921,1,0
2026-06-25T13:59:56.937182,Webcam (laptop),behavior,1,dikshant,idle,0.925,1,0
2026-06-25T13:59:58.025225,Camera 6,behavior,47,unknown,idle,0.443,1,0
2026-06-25T13:59:58.040995,Camera 8,behavior,51,unknown,working,0.48,1,0
2026-06-25T13:59:58.040995,Webcam (laptop),behavior,1,dikshant,idle,0.923,1,0
2026-06-25T13:59:59.226031,Camera 8,behavior,60,unknown,working,0.64,1,0
2026-06-25T13:59:59.416436,Webcam (laptop),behavior,1,dikshant,idle,0.916,1,0
2026-06-25T14:00:00.505424,Webcam (laptop),behavior,1,dikshant,idle,0.922,1,0
2026-06-25T14:00:01.216423,Camera 6,behavior,47,unknown,idle,0.362,1,0
2026-06-25T14:00:01.815982,Webcam (laptop),behavior,1,dikshant,idle,0.918,1,0
2026-06-25T14:00:02.839704,Camera 5,behavior,70,unknown,working,0.371,1,0
2026-06-25T14:00:02.885650,Camera 6,behavior,47,unknown,idle,0.302,1,0
2026-06-25T14:00:02.887657,Webcam (laptop),behavior,1,dikshant,idle,0.915,1,0
2026-06-25T14:00:04.256880,Webcam (laptop),behavior,1,dikshant,idle,0.895,1,0
2026-06-25T14:00:04.447199,Camera 5,behavior,70,unknown,working,0.369,1,0
2026-06-25T14:00:04.471572,Camera 6,behavior,47,unknown,idle,0.332,1,0
2026-06-25T14:00:05.343820,Webcam (laptop),behavior,1,dikshant,working,0.883,1,0
2026-06-25T14:00:06.671041,Webcam (laptop),behavior,1,dikshant,working,0.908,1,0
2026-06-25T14:00:07.746621,Webcam (laptop),behavior,1,dikshant,idle,0.901,1,0
2026-06-25T14:00:09.162002,Webcam (laptop),behavior,1,dikshant,idle,0.909,1,0
2026-06-25T14:00:10.257157,Webcam (laptop),behavior,1,dikshant,idle,0.905,1,0
2026-06-25T14:00:11.616394,Webcam (laptop),behavior,1,dikshant,idle,0.907,1,0
2026-06-25T14:00:12.699823,Webcam (laptop),behavior,1,dikshant,idle,0.9,1,0
2026-06-25T14:00:14.081697,Webcam (laptop),behavior,1,dikshant,idle,0.904,1,0
2026-06-25T14:00:15.184908,Webcam (laptop),behavior,1,dikshant,idle,0.908,1,0
2026-06-25T14:00:16.571008,Webcam (laptop),behavior,1,dikshant,idle,0.909,1,0
2026-06-25T14:00:17.587763,Webcam (laptop),behavior,1,dikshant,idle,0.915,1,0
2026-06-25T14:00:18.967607,Webcam (laptop),behavior,1,dikshant,idle,0.907,1,0
2026-06-25T14:00:20.051438,Webcam (laptop),behavior,1,dikshant,idle,0.921,1,0
2026-06-25T14:00:20.947474,Camera 8,behavior,80,unknown,working,0.709,1,0
2026-06-25T14:00:21.500322,Webcam (laptop),behavior,1,dikshant,idle,0.909,1,0
2026-06-25T14:00:22.583868,Webcam (laptop),behavior,1,dikshant,idle,0.914,1,0
2026-06-25T14:00:22.704003,Camera 6,behavior,47,unknown,idle,0.376,1,0
2026-06-25T14:00:23.972287,Webcam (laptop),behavior,1,dikshant,idle,0.91,1,0
2026-06-25T14:00:24.896171,Camera 6,behavior,47,unknown,working,0.365,1,0
2026-06-25T14:00:25.063859,Webcam (laptop),behavior,1,dikshant,idle,0.919,1,0
2026-06-25T14:00:25.818550,Camera 5,behavior,82,unknown,working,0.862,1,0
2026-06-25T14:00:25.931003,Camera 6,behavior,47,unknown,working,0.361,1,0
2026-06-25T14:00:26.374459,Webcam (laptop),behavior,1,Dikshant,idle,0.919,1,0
2026-06-25T14:00:27.282653,Camera 5,behavior,82,unknown,walking,0.664,1,0
2026-06-25T14:00:27.472358,Webcam (laptop),behavior,1,Dikshant,idle,0.917,1,0
2026-06-25T14:00:28.342250,Camera 5,behavior,82,unknown,walking,0.776,1,0
2026-06-25T14:00:28.799908,Webcam (laptop),behavior,1,Dikshant,idle,0.914,1,0
2026-06-25T14:00:29.792650,Camera 5,behavior,82,unknown,walking,0.713,1,0
2026-06-25T14:00:29.904041,Webcam (laptop),behavior,1,Dikshant,idle,0.928,1,0
2026-06-25T14:00:31.149135,Camera 5,behavior,82,unknown,walking,0.787,1,0
2026-06-25T14:00:31.397445,Camera 8,behavior,87,unknown,working,0.748,1,0
2026-06-25T14:00:31.403560,Webcam (laptop),behavior,1,Dikshant,idle,0.915,1,0
2026-06-25T14:00:32.553724,Webcam (laptop),behavior,1,Dikshant,idle,0.915,1,0
2026-06-25T14:00:32.642780,Camera 5,behavior,82,unknown,walking,0.74,1,0
2026-06-25T14:00:32.642780,Camera 8,behavior,87,unknown,working,0.681,1,0
2026-06-25T14:00:33.846273,Webcam (laptop),behavior,1,Dikshant,idle,0.909,1,0
2026-06-25T14:00:34.057523,Camera 5,behavior,82,unknown,walking,0.729,1,0
2026-06-25T14:00:34.937908,Webcam (laptop),behavior,1,Dikshant,idle,0.914,1,0
2026-06-25T14:00:35.543230,Camera 8,behavior,93,unknown,working,0.646,1,0
2026-06-25T14:00:35.920352,Camera 5,behavior,82,unknown,walking,0.732,1,0
2026-06-25T14:00:36.377927,Webcam (laptop),behavior,1,Dikshant,idle,0.912,1,0
2026-06-25T14:00:37.271283,Camera 5,behavior,82,unknown,walking,0.692,1,0
2026-06-25T14:00:37.396672,Webcam (laptop),behavior,1,Dikshant,idle,0.916,1,0
2026-06-25T14:00:38.409151,Webcam (laptop),behavior,1,Dikshant,idle,0.917,1,0
2026-06-25T14:00:39.446553,Webcam (laptop),behavior,1,Dikshant,idle,0.914,1,0
2026-06-25T14:00:40.009311,Camera 5,behavior,102,unknown,idle,0.309,2,0
2026-06-25T14:00:40.009311,Camera 5,behavior,105,unknown,working,0.602,2,0
2026-06-25T14:00:40.514590,Webcam (laptop),behavior,1,Dikshant,idle,0.917,1,0
2026-06-25T14:00:41.196157,Camera 5,behavior,105,unknown,working,0.331,1,0
2026-06-25T14:00:41.659485,Webcam (laptop),behavior,1,Dikshant,idle,0.926,1,0
2026-06-25T14:00:42.723728,Webcam (laptop),behavior,1,Dikshant,idle,0.921,1,0
2026-06-25T14:00:43.740829,Camera 5,behavior,106,unknown,working,0.55,1,0
2026-06-25T14:00:43.991410,Webcam (laptop),behavior,1,Dikshant,idle,0.92,1,0
2026-06-25T14:00:45.191742,Webcam (laptop),behavior,1,Dikshant,idle,0.913,1,0
2026-06-25T14:00:45.199319,Camera 5,behavior,106,unknown,working,0.397,1,0
2026-06-25T14:00:46.416366,Webcam (laptop),behavior,1,Dikshant,idle,0.911,1,0
2026-06-25T14:00:47.502018,Webcam (laptop),behavior,1,Dikshant,idle,0.906,1,0
2026-06-25T14:00:48.895417,Webcam (laptop),behavior,1,Dikshant,idle,0.923,1,0
2026-06-25T14:00:49.981917,Webcam (laptop),behavior,1,Dikshant,idle,0.922,1,0
2026-06-25T14:00:50.390947,Camera 5,behavior,111,unknown,working,0.404,1,0
2026-06-25T14:00:51.032541,Webcam (laptop),behavior,1,Dikshant,idle,0.912,1,0
2026-06-25T14:00:52.187008,Webcam (laptop),behavior,1,Dikshant,idle,0.915,1,0
2026-06-25T14:00:53.276432,Webcam (laptop),behavior,1,Dikshant,idle,0.914,1,0
2026-06-25T14:00:54.402406,Webcam (laptop),behavior,1,Dikshant,idle,0.915,1,0
2026-06-25T14:00:55.671329,Webcam (laptop),behavior,1,Dikshant,idle,0.914,1,0
2026-06-25T14:00:56.671713,Webcam (laptop),behavior,1,Dikshant,idle,0.913,1,0
2026-06-25T14:00:57.706859,Webcam (laptop),behavior,1,Dikshant,idle,0.911,1,0
2026-06-25T14:00:58.737545,Webcam (laptop),behavior,1,Dikshant,idle,0.916,1,0
2026-06-25T14:00:59.832624,Webcam (laptop),behavior,1,Dikshant,idle,0.917,1,0
2026-06-25T14:01:00.259702,Camera 6,behavior,125,unknown,working,0.302,1,0
2026-06-25T14:01:01.268427,Webcam (laptop),behavior,1,Dikshant,idle,0.903,1,0
2026-06-25T14:01:02.390956,Webcam (laptop),behavior,1,Dikshant,idle,0.916,1,0
2026-06-25T14:01:03.687963,Webcam (laptop),behavior,1,Dikshant,idle,0.896,1,0
2026-06-25T14:01:04.774179,Webcam (laptop),behavior,1,Dikshant,idle,0.905,1,0
2026-06-25T14:01:05.832494,Webcam (laptop),behavior,1,Dikshant,idle,0.908,1,0
2026-06-25T14:01:06.951997,Webcam (laptop),behavior,1,Dikshant,idle,0.907,1,0
2026-06-25T14:01:07.988822,Webcam (laptop),behavior,1,Dikshant,idle,0.911,1,0
2026-06-25T14:01:08.032413,Camera 5,behavior,126,unknown,working,0.36,1,0
2026-06-25T14:01:08.073953,Camera 6,behavior,125,unknown,idle,0.461,1,0
2026-06-25T14:01:09.069016,Webcam (laptop),behavior,1,Dikshant,idle,0.916,1,0
2026-06-25T14:01:10.141900,Webcam (laptop),behavior,1,Dikshant,idle,0.904,1,0
2026-06-25T14:01:10.395936,Camera 5,behavior,137,unknown,working,0.613,1,0
2026-06-25T14:01:11.208863,Webcam (laptop),behavior,1,Dikshant,idle,0.899,1,0
2026-06-25T14:01:11.853212,Camera 5,behavior,137,unknown,working,0.464,1,0
2026-06-25T14:01:12.262276,Webcam (laptop),behavior,1,Dikshant,idle,0.915,1,0
2026-06-25T14:01:13.457182,Webcam (laptop),behavior,1,Dikshant,idle,0.919,1,0
2026-06-25T14:01:14.537975,Webcam (laptop),behavior,1,Dikshant,working,0.895,1,0
2026-06-25T14:01:14.863944,Camera 5,behavior,137,unknown,working,0.348,1,0
2026-06-25T14:01:15.875104,Webcam (laptop),behavior,1,Dikshant,idle,0.923,1,0
2026-06-25T14:01:16.595030,Camera 5,behavior,126,unknown,working,0.33,1,0
2026-06-25T14:01:16.959513,Webcam (laptop),behavior,1,Dikshant,idle,0.896,1,0
2026-06-25T14:01:17.671345,Camera 5,behavior,126,unknown,working,0.323,1,0
2026-06-25T14:01:18.329314,Webcam (laptop),behavior,1,Dikshant,idle,0.908,1,0
2026-06-25T14:01:19.411163,Webcam (laptop),behavior,1,Dikshant,working,0.796,1,0
2026-06-25T14:01:20.849739,Webcam (laptop),behavior,1,Dikshant,idle,0.91,1,0
2026-06-25T14:01:21.097192,Camera 6,behavior,142,unknown,working,0.34,1,0
2026-06-25T14:01:21.985737,Webcam (laptop),behavior,1,Dikshant,idle,0.914,1,0
2026-06-25T14:01:22.606302,Camera 6,behavior,142,unknown,idle,0.374,1,0
2026-06-25T14:01:23.308852,Webcam (laptop),behavior,1,Dikshant,idle,0.928,1,0
2026-06-25T14:01:24.408343,Webcam (laptop),behavior,1,Dikshant,idle,0.909,1,0
2026-06-25T14:01:25.776804,Webcam (laptop),behavior,1,Dikshant,idle,0.924,1,0
2026-06-25T14:01:26.887340,Webcam (laptop),behavior,1,Dikshant,idle,0.93,1,0
2026-06-25T14:01:28.258175,Webcam (laptop),behavior,1,Dikshant,idle,0.925,1,0
2026-06-25T14:01:29.363122,Webcam (laptop),behavior,1,Dikshant,idle,0.917,1,0
2026-06-25T14:01:29.555409,Camera 5,behavior,145,unknown,idle,0.388,1,0
2026-06-25T14:01:30.595219,Camera 5,behavior,145,unknown,idle,0.4,1,0
2026-06-25T14:01:30.757220,Webcam (laptop),behavior,1,Dikshant,idle,0.919,1,0
2026-06-25T14:01:31.717662,Camera 5,behavior,145,unknown,idle,0.402,1,0
2026-06-25T14:01:31.859871,Webcam (laptop),behavior,1,Dikshant,idle,0.927,1,0
2026-06-25T14:01:33.103282,Camera 5,behavior,145,unknown,idle,0.445,1,0
2026-06-25T14:01:33.320711,Webcam (laptop),behavior,1,Dikshant,idle,0.927,1,0
2026-06-25T14:01:34.197053,Camera 8,behavior,154,unknown,working,0.63,1,0
2026-06-25T14:01:34.414083,Webcam (laptop),behavior,1,Dikshant,idle,0.913,1,0
2026-06-25T14:01:35.786855,Webcam (laptop),behavior,1,Dikshant,idle,0.913,1,0
2026-06-25T14:01:36.870077,Webcam (laptop),behavior,1,Dikshant,idle,0.905,1,0
2026-06-25T14:01:37.535574,Camera 5,behavior,145,unknown,idle,0.307,1,0
2026-06-25T14:01:38.224685,Webcam (laptop),behavior,1,Dikshant,idle,0.923,1,0
2026-06-25T14:01:38.670725,Camera 5,behavior,157,unknown,working,0.55,1,0
2026-06-25T14:01:39.369659,Webcam (laptop),behavior,1,Dikshant,idle,0.925,1,0
2026-06-25T14:01:40.721382,Webcam (laptop),behavior,1,Dikshant,idle,0.937,1,0
2026-06-25T14:01:41.815249,Webcam (laptop),behavior,1,Dikshant,idle,0.926,1,0
2026-06-25T14:01:42.278897,Camera 8,behavior,154,unknown,working,0.573,1,0
2026-06-25T14:01:42.457539,Camera 5,behavior,145,unknown,idle,0.417,1,0
2026-06-25T14:01:43.169331,Webcam (laptop),behavior,1,Dikshant,idle,0.926,1,0
2026-06-25T14:01:43.628150,Camera 5,behavior,145,unknown,idle,0.335,1,0
2026-06-25T14:01:44.257814,Webcam (laptop),behavior,1,Dikshant,idle,0.931,1,0
2026-06-25T14:01:45.665362,Webcam (laptop),behavior,1,Dikshant,idle,0.922,1,0
2026-06-25T14:01:45.897740,Camera 5,behavior,145,unknown,idle,0.371,1,0
2026-06-25T14:01:46.736218,Webcam (laptop),behavior,1,Dikshant,idle,0.91,1,0
2026-06-25T14:01:47.094158,Camera 5,behavior,145,unknown,idle,0.33,1,0
2026-06-25T14:01:48.089086,Webcam (laptop),behavior,1,Dikshant,idle,0.907,1,0
2026-06-25T14:01:48.183222,Camera 5,behavior,145,unknown,idle,0.319,1,0
2026-06-25T14:01:49.183359,Webcam (laptop),behavior,1,Dikshant,idle,0.917,1,0
2026-06-25T14:01:50.500385,Webcam (laptop),behavior,1,Dikshant,idle,0.909,1,0
2026-06-25T14:01:51.560214,Webcam (laptop),behavior,1,Dikshant,idle,0.923,1,0
2026-06-25T14:01:52.593675,Webcam (laptop),behavior,1,Dikshant,idle,0.921,1,0
2026-06-25T14:01:53.650548,Webcam (laptop),behavior,1,Dikshant,idle,0.898,1,0
2026-06-25T14:01:54.751091,Webcam (laptop),behavior,1,Dikshant,idle,0.911,1,0
2026-06-25T14:01:55.806649,Webcam (laptop),behavior,1,Dikshant,idle,0.903,1,0
2026-06-25T14:01:56.874206,Webcam (laptop),behavior,1,Dikshant,idle,0.902,1,0
2026-06-25T14:01:57.917622,Webcam (laptop),behavior,1,Dikshant,idle,0.902,1,0
2026-06-25T14:01:59.000001,Webcam (laptop),behavior,1,Dikshant,idle,0.89,1,0
2026-06-25T14:02:00.345508,Webcam (laptop),behavior,1,Dikshant,idle,0.902,1,0
2026-06-25T14:02:00.853951,Camera 5,behavior,145,unknown,idle,0.322,1,0
2026-06-25T14:02:01.431078,Webcam (laptop),behavior,1,Dikshant,idle,0.905,1,0
2026-06-25T14:02:02.778964,Webcam (laptop),behavior,1,Dikshant,idle,0.896,1,0
2026-06-25T14:02:02.946476,Camera 5,behavior,145,unknown,idle,0.369,1,0
2026-06-25T14:02:03.879026,Webcam (laptop),behavior,1,Dikshant,idle,0.912,1,0
2026-06-25T14:02:04.141081,Camera 5,behavior,145,unknown,idle,0.358,1,0
2026-06-25T14:02:05.218614,Webcam (laptop),behavior,1,Dikshant,idle,0.898,1,0
2026-06-25T14:02:05.715304,Camera 5,behavior,145,unknown,idle,0.333,1,0
2026-06-25T14:02:06.300990,Webcam (laptop),behavior,1,Dikshant,idle,0.906,1,0
2026-06-25T14:02:07.562982,Camera 5,behavior,145,unknown,idle,0.378,1,0
2026-06-25T14:02:07.998173,Webcam (laptop),behavior,1,Dikshant,idle,0.907,1,0
2026-06-25T14:02:08.629968,Camera 5,behavior,145,unknown,idle,0.374,1,0
2026-06-25T14:02:09.091581,Webcam (laptop),behavior,1,Dikshant,idle,0.906,1,0
2026-06-25T14:02:09.842437,Camera 5,behavior,145,unknown,idle,0.371,1,0
2026-06-25T14:02:10.437761,Webcam (laptop),behavior,1,Dikshant,idle,0.905,1,0
2026-06-25T14:02:10.951245,Camera 5,behavior,145,unknown,idle,0.35,1,0
2026-06-25T14:02:11.446449,Webcam (laptop),behavior,1,Dikshant,idle,0.899,1,0
2026-06-25T14:02:11.988803,Camera 5,behavior,145,unknown,idle,0.361,1,0
2026-06-25T14:02:12.081229,Camera 6,behavior,181,unknown,idle,0.323,1,0
2026-06-25T14:02:12.473067,Webcam (laptop),behavior,1,Dikshant,idle,0.907,1,0
2026-06-25T14:02:13.543353,Webcam (laptop),behavior,1,Dikshant,idle,0.901,1,0
2026-06-25T14:02:14.300483,Camera 5,behavior,145,unknown,idle,0.32,1,0
2026-06-25T14:02:14.614460,Webcam (laptop),behavior,1,Dikshant,idle,0.899,1,0
2026-06-25T14:02:15.649210,Webcam (laptop),behavior,1,Dikshant,idle,0.917,1,0
2026-06-25T14:02:16.705883,Webcam (laptop),behavior,1,Dikshant,idle,0.896,1,0
2026-06-25T14:02:18.178816,Webcam (laptop),behavior,1,Dikshant,idle,0.904,1,0
2026-06-25T14:02:19.268673,Webcam (laptop),behavior,1,Dikshant,idle,0.898,1,0
2026-06-25T14:02:20.592970,Webcam (laptop),behavior,1,Dikshant,idle,0.894,1,0
2026-06-25T14:02:21.687421,Webcam (laptop),behavior,1,Dikshant,idle,0.906,1,0
2026-06-25T14:02:23.185410,Webcam (laptop),behavior,1,Dikshant,idle,0.902,1,0
2026-06-25T14:02:24.275844,Webcam (laptop),behavior,1,Dikshant,idle,0.9,1,0
2026-06-25T14:02:24.908290,Camera 8,behavior,184,unknown,working,0.651,1,0
2026-06-25T14:02:25.720382,Webcam (laptop),behavior,1,Dikshant,idle,0.91,1,0
2026-06-25T14:02:25.926553,Camera 8,behavior,184,unknown,working,0.582,1,0
2026-06-25T14:02:26.815729,Webcam (laptop),behavior,1,Dikshant,idle,0.907,1,0
2026-06-25T14:02:28.165269,Webcam (laptop),behavior,1,Dikshant,idle,0.907,1,0
2026-06-25T14:02:29.290676,Webcam (laptop),behavior,1,Dikshant,idle,0.892,1,0
2026-06-25T14:02:30.683679,Webcam (laptop),behavior,1,Dikshant,idle,0.896,1,0
2026-06-25T14:02:31.744717,Camera 5,behavior,207,unknown,idle,0.339,1,0
2026-06-25T14:02:31.792273,Webcam (laptop),behavior,1,Dikshant,idle,0.904,1,0
2026-06-25T14:02:33.083400,Webcam (laptop),behavior,1,Dikshant,idle,0.928,1,0
2026-06-25T14:02:34.170475,Webcam (laptop),behavior,1,Dikshant,idle,0.899,1,0
2026-06-25T14:02:35.572549,Webcam (laptop),behavior,1,Dikshant,idle,0.889,1,0
2026-06-25T14:02:36.656621,Webcam (laptop),behavior,1,Dikshant,idle,0.892,1,0
2026-06-25T14:02:37.979111,Webcam (laptop),behavior,1,Dikshant,idle,0.895,1,0
2026-06-25T14:02:39.059174,Webcam (laptop),behavior,1,Dikshant,idle,0.912,1,0
2026-06-25T14:02:40.462673,Webcam (laptop),behavior,1,Dikshant,idle,0.907,1,0
2026-06-25T14:02:41.670813,Webcam (laptop),behavior,1,Dikshant,idle,0.903,1,0
2026-06-25T14:02:42.881898,Webcam (laptop),behavior,1,Dikshant,idle,0.919,1,0
2026-06-25T14:02:43.566213,Camera 5,behavior,212,unknown,working,0.464,1,0
2026-06-25T14:02:43.732990,Camera 6,behavior,209,unknown,working,0.337,1,0
2026-06-25T14:02:43.964799,Webcam (laptop),behavior,1,Dikshant,working,0.91,1,0
2026-06-25T14:02:45.344921,Webcam (laptop),behavior,1,Dikshant,working,0.905,1,0
2026-06-25T14:02:46.450260,Webcam (laptop),behavior,1,Dikshant,idle,0.91,1,0
2026-06-25T14:02:47.776150,Webcam (laptop),behavior,1,Dikshant,idle,0.899,1,0
2026-06-25T14:02:48.875298,Webcam (laptop),behavior,1,Dikshant,idle,0.877,1,0
2026-06-25T14:02:49.079987,Camera 6,behavior,209,unknown,idle,0.327,1,0
2026-06-25T14:02:50.232514,Webcam (laptop),behavior,1,Dikshant,idle,0.855,1,0
2026-06-25T14:02:51.316416,Webcam (laptop),behavior,1,Dikshant,idle,0.894,1,0
2026-06-25T14:02:52.638781,Webcam (laptop),behavior,1,Dikshant,idle,0.917,1,0
2026-06-25T14:02:53.737976,Webcam (laptop),behavior,1,Dikshant,idle,0.92,1,0
2026-06-25T14:02:55.055630,Webcam (laptop),behavior,1,Dikshant,idle,0.906,1,0
2026-06-25T14:02:56.146176,Webcam (laptop),behavior,1,Dikshant,idle,0.912,1,0
2026-06-25T14:02:56.555125,Camera 5,behavior,222,unknown,working,0.338,1,0
2026-06-25T14:02:57.495435,Webcam (laptop),behavior,1,Dikshant,idle,0.911,1,0
2026-06-25T14:02:58.588662,Webcam (laptop),behavior,1,Dikshant,idle,0.91,1,0
2026-06-25T14:02:59.940939,Webcam (laptop),behavior,1,Dikshant,idle,0.917,1,0
2026-06-25T14:03:01.038277,Webcam (laptop),behavior,1,Dikshant,idle,0.906,1,0
2026-06-25T14:03:02.402748,Webcam (laptop),behavior,1,Dikshant,idle,0.905,1,0
2026-06-25T14:03:03.607465,Webcam (laptop),behavior,1,Dikshant,working,0.926,1,0
2026-06-25T14:03:04.283093,Camera 5,behavior,222,unknown,idle,0.479,1,0
2026-06-25T14:03:04.921096,Webcam (laptop),behavior,1,Dikshant,idle,0.906,1,0
2026-06-25T14:03:05.463258,Camera 5,behavior,222,unknown,idle,0.445,1,0
2026-06-25T14:03:06.029286,Webcam (laptop),behavior,1,Dikshant,idle,0.924,1,0
2026-06-25T14:03:06.596356,Camera 5,behavior,222,unknown,idle,0.443,1,0
2026-06-25T14:03:07.401460,Webcam (laptop),behavior,1,Dikshant,idle,0.911,1,0
2026-06-25T14:03:07.741361,Camera 5,behavior,222,unknown,idle,0.345,1,0
2026-06-25T14:03:08.523805,Webcam (laptop),behavior,1,Dikshant,idle,0.908,1,0
2026-06-25T14:03:08.884707,Camera 5,behavior,222,unknown,idle,0.313,1,0
2026-06-25T14:03:09.895108,Webcam (laptop),behavior,1,Dikshant,idle,0.91,1,0
2026-06-25T14:03:10.988391,Webcam (laptop),behavior,1,Dikshant,idle,0.9,1,0
2026-06-25T14:03:11.730150,Camera 5,behavior,222,unknown,idle,0.383,1,0
2026-06-25T14:03:12.525036,Webcam (laptop),behavior,1,Dikshant,idle,0.907,1,0
2026-06-25T14:03:13.262532,Camera 5,behavior,222,unknown,idle,0.423,2,0
2026-06-25T14:03:13.262532,Camera 5,behavior,237,unknown,working,0.381,2,0
2026-06-25T14:03:13.635968,Webcam (laptop),behavior,1,Dikshant,idle,0.915,1,0
2026-06-25T14:03:14.379636,Camera 5,behavior,222,unknown,idle,0.332,1,0
2026-06-25T14:03:15.049577,Webcam (laptop),behavior,1,Dikshant,idle,0.911,1,0
2026-06-25T14:03:15.454525,Camera 5,behavior,222,unknown,idle,0.355,1,0
2026-06-25T14:03:16.083572,Webcam (laptop),behavior,1,Dikshant,idle,0.906,1,0
2026-06-25T14:03:17.529532,Webcam (laptop),behavior,1,Dikshant,idle,0.918,1,0
2026-06-25T14:03:18.614382,Webcam (laptop),behavior,1,Dikshant,idle,0.916,1,0
2026-06-25T14:03:19.969660,Webcam (laptop),behavior,1,Dikshant,idle,0.912,1,0
2026-06-25T14:03:21.058448,Webcam (laptop),behavior,1,Dikshant,idle,0.916,1,0
2026-06-25T14:03:21.424769,Camera 6,behavior,239,unknown,idle,0.396,1,0
2026-06-25T14:03:22.385346,Webcam (laptop),behavior,1,Dikshant,idle,0.913,1,0
2026-06-25T14:03:23.469810,Webcam (laptop),behavior,1,Dikshant,idle,0.908,1,0
2026-06-25T14:03:24.826737,Webcam (laptop),behavior,1,Dikshant,idle,0.92,1,0
2026-06-25T14:03:25.933169,Webcam (laptop),behavior,1,Dikshant,idle,0.913,1,0
2026-06-25T14:03:27.319480,Webcam (laptop),behavior,1,Dikshant,idle,0.923,1,0
2026-06-25T14:03:28.494507,Webcam (laptop),behavior,1,Dikshant,idle,0.937,1,0
2026-06-25T14:03:29.829799,Webcam (laptop),behavior,1,Dikshant,idle,0.931,1,0
2026-06-25T14:03:30.921964,Webcam (laptop),behavior,1,Dikshant,working,0.881,1,0
2026-06-25T14:03:32.357867,Webcam (laptop),behavior,1,Dikshant,idle,0.908,1,0
2026-06-25T14:03:33.453909,Webcam (laptop),behavior,1,Dikshant,idle,0.907,1,0
2026-06-25T14:03:34.867747,Webcam (laptop),behavior,1,Dikshant,idle,0.907,1,0
2026-06-25T14:03:35.953632,Webcam (laptop),behavior,1,Dikshant,idle,0.92,1,0
2026-06-25T14:03:37.376231,Webcam (laptop),behavior,1,Dikshant,idle,0.908,1,0
2026-06-25T14:03:38.463751,Webcam (laptop),behavior,1,Dikshant,idle,0.906,1,0
2026-06-25T14:03:39.883875,Webcam (laptop),behavior,1,Dikshant,idle,0.911,1,0
2026-06-25T14:03:40.978668,Webcam (laptop),behavior,1,Dikshant,idle,0.913,1,0
2026-06-25T14:03:42.308165,Webcam (laptop),behavior,1,Dikshant,idle,0.912,1,0
2026-06-25T14:03:43.419836,Webcam (laptop),behavior,1,Dikshant,idle,0.919,1,0
2026-06-25T14:03:44.777143,Webcam (laptop),behavior,1,Dikshant,idle,0.912,1,0
2026-06-25T14:03:45.784544,Webcam (laptop),behavior,1,Dikshant,idle,0.918,1,0
2026-06-25T14:03:46.800664,Camera 5,behavior,222,unknown,idle,0.358,1,0
2026-06-25T14:03:46.854398,Webcam (laptop),behavior,1,Dikshant,idle,0.906,1,0
2026-06-25T14:03:47.876089,Webcam (laptop),behavior,1,Dikshant,idle,0.902,1,0
2026-06-25T14:03:49.011981,Webcam (laptop),behavior,1,Dikshant,idle,0.912,1,0
2026-06-25T14:03:50.130413,Webcam (laptop),behavior,1,Dikshant,idle,0.897,1,0
2026-06-25T14:03:51.216899,Webcam (laptop),behavior,1,Dikshant,idle,0.918,1,0
2026-06-25T14:03:51.877465,Camera 5,behavior,222,unknown,idle,0.416,1,0
2026-06-25T14:03:52.403994,Webcam (laptop),behavior,1,Dikshant,idle,0.91,1,0
2026-06-25T14:03:53.043544,Camera 5,behavior,222,unknown,idle,0.418,1,0
2026-06-25T14:03:53.071318,Camera 6,behavior,251,unknown,working,0.39,1,0
2026-06-25T14:03:53.418339,Webcam (laptop),behavior,1,Dikshant,idle,0.911,1,0
2026-06-25T14:03:54.197244,Camera 5,behavior,222,unknown,idle,0.319,1,0
2026-06-25T14:03:54.403359,Camera 8,behavior,252,unknown,working,0.539,1,0
2026-06-25T14:03:54.897317,Webcam (laptop),behavior,1,Dikshant,idle,0.918,1,0
2026-06-25T14:03:55.936264,Camera 8,behavior,252,unknown,working,0.691,1,0
2026-06-25T14:03:55.941280,Camera 5,behavior,222,unknown,idle,0.323,1,0
2026-06-25T14:03:57.043848,Camera 5,behavior,222,unknown,idle,0.399,1,0
2026-06-25T14:03:57.056215,Camera 8,behavior,252,unknown,working,0.634,1,0
2026-06-25T14:03:58.557595,Camera 5,behavior,222,unknown,idle,0.352,1,0
2026-06-25T14:03:58.579263,Camera 8,behavior,252,unknown,working,0.61,1,0
2026-06-25T14:03:59.750624,Camera 8,behavior,252,unknown,working,0.624,1,0
2026-06-25T14:04:00.032397,Camera 5,behavior,222,unknown,idle,0.393,1,0
2026-06-25T14:04:01.293439,Camera 5,behavior,222,unknown,idle,0.387,1,0
2026-06-25T14:04:01.335004,Camera 8,behavior,252,unknown,working,0.461,1,0
2026-06-25T14:04:02.431153,Camera 5,behavior,222,unknown,idle,0.418,1,0
2026-06-25T14:04:03.643331,Camera 5,behavior,222,unknown,idle,0.409,1,0
2026-06-25T14:04:03.857453,Camera 8,behavior,265,unknown,working,0.703,1,0
2026-06-25T14:04:06.509435,Camera 8,behavior,265,unknown,walking,0.476,1,0
2026-06-25T14:04:07.826045,Camera 8,behavior,265,unknown,walking,0.714,1,0
2026-06-25T14:04:10.406554,Camera 5,behavior,222,unknown,idle,0.367,2,0
2026-06-25T14:04:10.406554,Camera 5,behavior,278,unknown,working,0.502,2,0
2026-06-25T14:04:11.459923,Camera 5,behavior,222,unknown,idle,0.361,1,0
2026-06-25T14:04:14.005313,Camera 5,behavior,222,unknown,idle,0.406,2,0
2026-06-25T14:04:14.005313,Camera 5,behavior,285,unknown,working,0.634,2,0
2026-06-25T14:04:15.989438,Camera 5,behavior,285,unknown,walking,0.593,1,0
2026-06-25T14:04:21.005069,Camera 5,behavior,222,unknown,idle,0.357,1,0
2026-06-25T14:04:21.724238,Camera 6,behavior,296,unknown,working,0.395,1,0
2026-06-25T14:04:24.347914,Camera 5,behavior,222,unknown,idle,0.351,2,0
2026-06-25T14:04:24.347914,Camera 5,behavior,297,unknown,working,0.541,2,0
2026-06-25T14:04:25.453687,Camera 5,behavior,285,unknown,walking,0.661,1,0
2026-06-25T14:04:26.794292,Camera 5,behavior,285,unknown,walking,0.697,1,0
2026-06-25T14:04:27.906785,Camera 5,behavior,285,unknown,walking,0.542,1,0
2026-06-25T14:04:28.939102,Camera 5,behavior,285,unknown,working,0.406,1,0
2026-06-25T14:04:30.459357,Camera 5,behavior,285,unknown,working,0.453,2,0
2026-06-25T14:04:30.459357,Camera 5,behavior,222,unknown,idle,0.388,2,0
2026-06-25T14:04:32.538934,Camera 5,behavior,285,unknown,working,0.365,2,0
2026-06-25T14:04:32.538934,Camera 5,behavior,222,unknown,idle,0.39,2,0
2026-06-25T14:04:33.968744,Camera 6,behavior,296,unknown,idle,0.349,1,0
2026-06-25T14:04:34.769303,Camera 5,behavior,285,unknown,working,0.31,2,0
2026-06-25T14:04:34.769303,Camera 5,behavior,222,unknown,idle,0.336,2,0
2026-06-25T14:04:35.030844,Camera 6,behavior,296,unknown,idle,0.317,1,0
2026-06-25T14:04:36.547042,Camera 5,behavior,222,unknown,idle,0.407,1,0
2026-06-25T14:04:37.862324,Camera 5,behavior,222,unknown,idle,0.406,1,0
2026-06-25T14:04:39.819215,Camera 5,behavior,222,unknown,idle,0.404,1,0
2026-06-25T14:04:41.149676,Camera 5,behavior,222,unknown,idle,0.381,2,0
2026-06-25T14:04:41.149676,Camera 5,behavior,307,unknown,working,0.733,2,0
2026-06-25T14:04:43.124562,Camera 5,behavior,222,unknown,idle,0.411,2,0
2026-06-25T14:04:43.124562,Camera 5,behavior,307,unknown,working,0.707,2,0
2026-06-25T14:04:44.624496,Camera 6,behavior,296,unknown,idle,0.427,1,0
2026-06-25T14:04:46.854842,Camera 6,behavior,296,unknown,idle,0.329,1,0
2026-06-25T14:04:47.020980,Camera 5,behavior,222,unknown,idle,0.333,2,0
2026-06-25T14:04:47.020980,Camera 5,behavior,332,unknown,working,0.564,2,0
2026-06-25T14:04:47.533338,Camera 8,behavior,325,unknown,walking,0.604,1,0
2026-06-25T14:04:48.128252,Camera 6,behavior,296,unknown,idle,0.434,1,0
2026-06-25T14:04:48.131514,Camera 5,behavior,222,unknown,idle,0.332,2,0
2026-06-25T14:04:48.131514,Camera 5,behavior,332,unknown,walking,0.596,2,0
2026-06-25T14:04:48.778193,Camera 8,behavior,325,unknown,walking,0.627,1,0
2026-06-25T14:04:49.939860,Camera 5,behavior,222,unknown,idle,0.331,1,0
2026-06-25T14:04:53.000168,Camera 6,behavior,296,unknown,idle,0.429,1,0
2026-06-25T14:04:54.774883,Camera 5,behavior,222,unknown,idle,0.332,1,0
2026-06-25T14:04:56.753356,Camera 5,behavior,222,unknown,idle,0.363,1,0
2026-06-25T14:05:01.539607,Camera 5,behavior,222,unknown,idle,0.319,1,0
2026-06-25T14:05:02.803034,Camera 5,behavior,222,unknown,idle,0.309,1,0
2026-06-25T14:05:03.871754,Camera 5,behavior,222,unknown,idle,0.375,1,0
2026-06-25T14:05:06.501543,Camera 5,behavior,222,unknown,idle,0.318,1,0
2026-06-25T14:05:07.898707,Camera 5,behavior,222,unknown,idle,0.354,1,0
2026-06-25T14:05:08.916140,Camera 5,behavior,222,unknown,idle,0.416,1,0
2026-06-25T14:05:10.265848,Camera 5,behavior,222,unknown,idle,0.41,1,0
2026-06-25T14:05:10.427365,Camera 6,behavior,296,unknown,idle,0.388,1,0
2026-06-25T14:05:11.491843,Camera 6,behavior,296,unknown,idle,0.394,1,0
2026-06-25T14:05:14.447565,Camera 5,behavior,222,unknown,idle,0.336,1,0
2026-06-25T14:05:15.485720,Camera 5,behavior,222,unknown,idle,0.343,1,0
2026-06-25T14:05:16.897843,Camera 5,behavior,222,unknown,idle,0.308,1,0
2026-06-25T14:05:26.383239,Camera 5,behavior,378,unknown,working,0.524,1,0
2026-06-25T14:05:33.240953,Camera 6,behavior,296,unknown,idle,0.3,1,0
2026-06-25T14:05:38.171258,Camera 5,behavior,402,unknown,idle,0.3,1,0
2026-06-25T14:05:58.303825,Camera 5,behavior,414,unknown,working,0.352,1,0
2026-06-25T14:05:58.880499,Camera 6,behavior,416,unknown,working,0.366,1,0
2026-06-25T14:05:59.468788,Camera 5,behavior,414,unknown,idle,0.319,1,0
2026-06-25T21:01:43.077210,Camera 7,behavior,3,unknown,working,0.403,1,0
2026-06-25T21:01:44.160188,Camera 7,behavior,3,unknown,working,0.354,2,0
2026-06-25T21:01:44.160188,Camera 7,behavior,4,unknown,working,0.365,2,0
2026-06-25T21:01:46.232219,Camera 7,behavior,3,unknown,working,0.393,1,0
2026-06-25T21:01:50.620126,Camera 8,behavior,8,unknown,working,0.46,1,0
2026-06-25T21:01:52.763652,Camera 7,behavior,3,unknown,idle,0.41,1,0
2026-06-25T21:01:54.920417,Camera 7,behavior,4,unknown,working,0.543,1,0
2026-06-25T21:02:00.335269,Camera 7,behavior,20,unknown,working,0.312,2,0
2026-06-25T21:02:00.335269,Camera 7,behavior,4,unknown,working,0.312,2,0
2026-06-25T21:02:02.457459,Camera 7,behavior,4,unknown,idle,0.328,1,0
2026-06-25T21:02:06.588228,Camera 5,behavior,22,unknown,working,0.471,1,0
2026-06-25T21:02:10.728607,Camera 7,behavior,4,unknown,idle,0.349,1,0
2026-06-25T21:02:15.655173,Camera 5,behavior,24,unknown,working,0.535,1,0
2026-06-25T21:02:16.913654,Camera 8,behavior,28,unknown,working,0.583,1,0
2026-06-25T21:02:20.970708,Camera 7,behavior,4,unknown,working,0.499,1,0
2026-06-25T21:02:23.117135,Camera 7,behavior,4,unknown,idle,0.49,1,0
2026-06-25T21:02:25.238490,Camera 7,behavior,4,unknown,idle,0.363,1,0
2026-06-25T21:02:26.591733,Camera 7,behavior,4,unknown,idle,0.435,1,0
2026-06-25T21:02:27.623538,Camera 7,behavior,4,unknown,idle,0.357,1,0
2026-06-25T21:02:30.009048,Camera 7,behavior,4,unknown,idle,0.369,1,0
2026-06-25T21:02:31.022095,Camera 7,behavior,4,unknown,idle,0.458,2,0
2026-06-25T21:02:31.022095,Camera 7,behavior,44,unknown,idle,0.345,2,0
2026-06-25T21:02:32.236052,Camera 7,behavior,4,unknown,idle,0.485,2,0
2026-06-25T21:02:32.236052,Camera 7,behavior,44,unknown,idle,0.313,2,0
2026-06-25T21:02:35.126320,Camera 7,behavior,44,unknown,idle,0.31,1,0
2026-06-25T21:02:38.296933,Camera 7,behavior,4,unknown,idle,0.377,1,0
2026-06-25T21:02:40.477936,Camera 7,behavior,4,unknown,idle,0.403,1,0
2026-06-25T21:02:41.523533,Camera 7,behavior,4,unknown,idle,0.476,2,0
2026-06-25T21:02:41.523533,Camera 7,behavior,44,unknown,idle,0.36,2,0
2026-06-25T21:02:43.001471,Camera 7,behavior,4,unknown,idle,0.501,2,0
2026-06-25T21:02:43.001471,Camera 7,behavior,44,unknown,idle,0.404,2,0
2026-06-25T21:02:47.625492,Camera 7,behavior,44,unknown,working,0.385,1,0
2026-06-25T21:02:49.014954,Camera 7,behavior,44,unknown,working,0.361,2,0
2026-06-25T21:02:49.014954,Camera 7,behavior,71,unknown,working,0.524,2,0
2026-06-25T21:02:50.584333,Camera 7,behavior,71,unknown,idle,0.36,1,0
2026-06-25T21:02:53.641799,Camera 7,behavior,71,unknown,idle,0.342,1,0
2026-06-25T21:02:55.273780,Camera 7,behavior,71,unknown,idle,0.369,1,0
2026-06-25T21:03:00.036768,Camera 7,behavior,71,unknown,idle,0.472,1,0
2026-06-25T21:03:02.000140,Camera 7,behavior,71,unknown,idle,0.35,1,0
2026-06-25T21:03:25.356766,Camera 7,behavior,75,unknown,working,0.402,1,0
2026-06-25T21:03:33.492145,Camera 8,behavior,81,unknown,working,0.352,1,0
2026-06-25T21:03:34.214529,Camera 7,behavior,75,unknown,working,0.469,1,0
2026-06-25T21:03:35.743742,Camera 7,behavior,75,unknown,working,0.489,1,0
2026-06-25T21:03:37.746501,Camera 7,behavior,75,unknown,working,0.568,1,0
2026-06-25T21:03:40.035501,Camera 7,behavior,75,unknown,working,0.549,1,0
2026-06-25T21:03:43.220695,Camera 7,behavior,75,unknown,idle,0.505,1,0
2026-06-25T21:03:43.394933,Camera 8,behavior,97,unknown,working,0.723,1,0
2026-06-25T21:03:46.382270,Camera 7,behavior,75,unknown,idle,0.35,1,0
2026-06-25T21:03:46.737151,Camera 5,behavior,105,unknown,working,0.363,1,0
2026-06-25T21:03:47.578069,Camera 7,behavior,75,unknown,idle,0.471,1,0
2026-06-25T21:03:47.841482,Camera 5,behavior,105,unknown,working,0.693,3,0
2026-06-25T21:03:47.841482,Camera 5,behavior,116,unknown,working,0.614,3,0
2026-06-25T21:03:47.841482,Camera 5,behavior,107,unknown,working,0.503,3,0
2026-06-25T21:03:48.585782,Camera 7,behavior,75,unknown,idle,0.492,1,0
2026-06-25T21:03:48.852566,Camera 5,behavior,105,unknown,idle,0.628,3,0
2026-06-25T21:03:48.852566,Camera 5,behavior,107,unknown,working,0.462,3,0
2026-06-25T21:03:48.852566,Camera 5,behavior,116,unknown,walking,0.484,3,0
2026-06-25T21:03:49.688156,Camera 7,behavior,75,unknown,idle,0.31,2,0
2026-06-25T21:03:49.688156,Camera 7,behavior,125,unknown,working,0.381,2,0
2026-06-25T21:03:49.886680,Camera 5,behavior,105,unknown,working,0.552,1,0
2026-06-25T21:03:50.980048,Camera 5,behavior,128,unknown,working,0.645,1,0
2026-06-25T21:03:52.010707,Camera 5,behavior,128,unknown,working,0.436,3,0
2026-06-25T21:03:52.010707,Camera 5,behavior,127,unknown,working,0.736,3,0
2026-06-25T21:03:52.010707,Camera 5,behavior,105,unknown,working,0.633,3,0
2026-06-25T21:03:53.052272,Camera 5,behavior,127,unknown,working,0.417,3,0
2026-06-25T21:03:53.052272,Camera 5,behavior,105,unknown,working,0.418,3,0
2026-06-25T21:03:53.052272,Camera 5,behavior,135,unknown,working,0.482,3,0
2026-06-25T21:03:53.068403,Camera 7,behavior,125,unknown,working,0.471,1,0
2026-06-25T21:03:54.105529,Camera 5,behavior,105,unknown,working,0.657,4,0
2026-06-25T21:03:54.105529,Camera 5,behavior,127,unknown,working,0.569,4,0
2026-06-25T21:03:54.105529,Camera 5,behavior,147,unknown,working,0.537,4,0
2026-06-25T21:03:54.105529,Camera 5,behavior,135,unknown,working,0.674,4,0
2026-06-25T21:03:55.107459,Camera 5,behavior,105,unknown,working,0.621,2,0
2026-06-25T21:03:55.107459,Camera 5,behavior,135,unknown,working,0.438,2,0
2026-06-25T21:03:56.748556,Camera 5,behavior,105,unknown,working,0.72,2,0
2026-06-25T21:03:56.748556,Camera 5,behavior,135,unknown,working,0.62,2,0
2026-06-25T21:03:57.838525,Camera 5,behavior,135,unknown,working,0.594,2,0
2026-06-25T21:03:57.838525,Camera 5,behavior,127,unknown,working,0.467,2,0
2026-06-25T21:03:59.061015,Camera 7,behavior,75,unknown,idle,0.31,1,0
2026-06-25T21:04:00.014843,Camera 5,behavior,135,unknown,working,0.565,4,0
2026-06-25T21:04:00.014843,Camera 5,behavior,127,unknown,working,0.595,4,0
2026-06-25T21:04:00.014843,Camera 5,behavior,152,unknown,working,0.475,4,0
2026-06-25T21:04:00.014843,Camera 5,behavior,159,unknown,working,0.386,4,0
2026-06-25T21:04:00.173446,Camera 7,behavior,75,unknown,idle,0.412,1,0
2026-06-25T21:04:00.906002,Camera 8,behavior,167,unknown,walking,0.583,2,0
2026-06-25T21:04:00.906002,Camera 8,behavior,169,unknown,working,0.324,2,0
2026-06-25T21:04:01.981465,Camera 8,behavior,167,unknown,walking,0.582,2,0
2026-06-25T21:04:01.981465,Camera 8,behavior,172,unknown,walking,0.507,2,0
2026-06-25T21:04:03.210574,Camera 8,behavior,167,unknown,working,0.419,2,0
2026-06-25T21:04:03.210574,Camera 8,behavior,172,unknown,working,0.581,2,0
2026-06-25T21:04:04.388273,Camera 8,behavior,167,unknown,working,0.587,4,0
2026-06-25T21:04:04.388273,Camera 8,behavior,172,unknown,working,0.702,4,0
2026-06-25T21:04:04.388273,Camera 8,behavior,177,unknown,working,0.461,4,0
2026-06-25T21:04:04.388273,Camera 8,behavior,169,unknown,walking,0.451,4,0
2026-06-25T21:04:05.459964,Camera 8,behavior,172,unknown,working,0.657,3,0
2026-06-25T21:04:05.459964,Camera 8,behavior,179,unknown,working,0.563,3,0
2026-06-25T21:04:05.459964,Camera 8,behavior,169,unknown,walking,0.614,3,0
2026-06-25T21:04:05.704808,Camera 7,behavior,75,unknown,idle,0.353,1,0
2026-06-25T21:04:06.471552,Camera 8,behavior,179,unknown,working,0.765,2,0
2026-06-25T21:04:06.471552,Camera 8,behavior,185,unknown,working,0.452,2,0
2026-06-25T21:04:07.560570,Camera 8,behavior,179,unknown,working,0.645,2,0
2026-06-25T21:04:07.560570,Camera 8,behavior,187,unknown,working,0.32,2,0
2026-06-25T21:04:08.587351,Camera 8,behavior,179,unknown,working,0.71,2,0
2026-06-25T21:04:08.587351,Camera 8,behavior,186,unknown,working,0.388,2,0
2026-06-25T21:04:09.616176,Camera 8,behavior,179,unknown,working,0.699,3,0
2026-06-25T21:04:09.616176,Camera 8,behavior,187,unknown,working,0.376,3,0
2026-06-25T21:04:09.616176,Camera 8,behavior,186,unknown,working,0.441,3,0
2026-06-25T21:04:11.128889,Camera 8,behavior,179,unknown,working,0.592,2,0
2026-06-25T21:04:11.128889,Camera 8,behavior,186,unknown,working,0.44,2,0
2026-06-25T21:04:13.369832,Camera 8,behavior,179,unknown,working,0.329,1,0
2026-06-25T21:04:14.544303,Camera 8,behavior,179,unknown,working,0.594,2,0
2026-06-25T21:04:14.544303,Camera 8,behavior,186,unknown,working,0.585,2,0
2026-06-25T21:04:16.600329,Camera 8,behavior,179,unknown,working,0.376,1,0
2026-06-25T21:04:18.327838,Camera 8,behavior,186,unknown,working,0.556,1,0
2026-06-25T21:04:33.997079,Camera 5,behavior,222,unknown,working,0.402,1,0
2026-06-25T21:04:46.246381,Camera 5,behavior,234,unknown,working,0.327,1,0
2026-06-25T21:04:47.985513,Webcam (laptop),behavior,1,unknown,working,0.473,1,0
2026-06-25T21:04:48.738267,Camera 5,behavior,233,unknown,walking,0.681,1,0
2026-06-25T21:04:49.019552,Webcam (laptop),behavior,1,unknown,working,0.93,1,0
2026-06-25T21:04:53.597938,Webcam (laptop),behavior,1,unknown,idle,0.924,1,0
2026-06-25T21:05:01.091848,Camera 8,behavior,8,unknown,working,0.433,1,0
2026-06-25T21:05:05.728447,Camera 5,behavior,25,unknown,working,0.699,1,0
2026-06-25T21:05:07.827321,Camera 5,behavior,33,unknown,working,0.709,1,0
2026-06-25T21:05:30.632222,Camera 5,behavior,58,unknown,walking,0.626,1,0
2026-06-25T21:05:31.805149,Camera 5,behavior,58,unknown,working,0.512,1,0
2026-06-25T21:05:39.345776,Camera 8,behavior,62,unknown,working,0.493,1,0
2026-06-25T21:05:46.711499,Camera 8,behavior,70,unknown,walking,0.591,1,0
2026-06-25T21:05:47.725363,Camera 8,behavior,70,unknown,working,0.575,1,0
2026-06-25T21:05:48.978159,Camera 8,behavior,70,unknown,working,0.592,1,0
2026-06-25T21:06:02.528695,Camera 7,behavior,78,unknown,working,0.373,1,0
2026-06-25T21:06:03.593465,Camera 7,behavior,78,unknown,idle,0.416,1,0
2026-06-25T21:06:11.008081,Camera 7,behavior,78,unknown,working,0.321,1,0
2026-06-25T21:06:19.928647,Camera 5,behavior,99,unknown,working,0.419,1,0
2026-06-25T21:06:22.018677,Camera 5,behavior,99,unknown,working,0.527,1,0
2026-06-25T21:06:23.133868,Camera 5,behavior,115,unknown,working,0.455,3,0
2026-06-25T21:06:23.133868,Camera 5,behavior,119,unknown,idle,0.327,3,0
2026-06-25T21:06:23.133868,Camera 5,behavior,121,unknown,working,0.567,3,0
2026-06-25T21:06:24.175521,Camera 5,behavior,132,unknown,working,0.426,3,0
2026-06-25T21:06:24.175521,Camera 5,behavior,119,unknown,working,0.359,3,0
2026-06-25T21:06:24.175521,Camera 5,behavior,130,unknown,working,0.574,3,0
2026-06-25T21:06:24.484837,Camera 7,behavior,78,unknown,working,0.323,1,0
2026-06-25T21:06:25.217577,Camera 5,behavior,137,unknown,working,0.655,2,0
2026-06-25T21:06:25.217577,Camera 5,behavior,132,unknown,working,0.543,2,0
2026-06-25T21:06:26.228074,Camera 5,behavior,137,unknown,working,0.663,2,0
2026-06-25T21:06:26.228074,Camera 5,behavior,132,unknown,working,0.588,2,0
2026-06-25T21:06:26.367679,Camera 6,behavior,140,unknown,working,0.473,1,0
2026-06-25T21:06:27.629551,Camera 5,behavior,137,unknown,working,0.767,3,0
2026-06-25T21:06:27.629551,Camera 5,behavior,132,unknown,working,0.666,3,0
2026-06-25T21:06:27.629551,Camera 5,behavior,145,unknown,working,0.442,3,0
2026-06-25T21:06:28.656710,Camera 5,behavior,137,unknown,working,0.312,2,0
2026-06-25T21:06:28.656710,Camera 5,behavior,132,unknown,working,0.592,2,0
2026-06-25T21:06:29.758809,Camera 5,behavior,137,unknown,working,0.56,3,0
2026-06-25T21:06:29.758809,Camera 5,behavior,132,unknown,working,0.616,3,0
2026-06-25T21:06:29.758809,Camera 5,behavior,119,unknown,working,0.44,3,0
2026-06-25T21:06:30.787531,Camera 5,behavior,137,unknown,working,0.66,2,0
2026-06-25T21:06:30.787531,Camera 5,behavior,132,unknown,working,0.302,2,0
2026-06-25T21:06:31.108676,Camera 7,behavior,78,unknown,idle,0.357,1,0
2026-06-25T21:06:31.919543,Camera 5,behavior,152,unknown,walking,0.574,3,0
2026-06-25T21:06:31.919543,Camera 5,behavior,153,unknown,working,0.358,3,0
2026-06-25T21:06:31.919543,Camera 5,behavior,132,unknown,working,0.47,3,0
2026-06-25T21:06:32.894116,Camera 6,behavior,157,unknown,working,0.551,1,0
2026-06-25T21:06:35.071858,Camera 8,behavior,163,unknown,walking,0.337,1,0
2026-06-25T21:06:36.118488,Camera 8,behavior,168,unknown,idle,0.374,3,0
2026-06-25T21:06:36.118488,Camera 8,behavior,171,unknown,working,0.644,3,0
2026-06-25T21:06:36.118488,Camera 8,behavior,172,unknown,walking,0.336,3,0
2026-06-25T21:06:36.421622,Camera 7,behavior,78,unknown,working,0.361,1,0
2026-06-25T21:06:37.539372,Camera 8,behavior,171,unknown,working,0.626,2,0
2026-06-25T21:06:37.539372,Camera 8,behavior,172,unknown,walking,0.663,2,0
2026-06-25T21:06:37.547146,Camera 7,behavior,78,unknown,idle,0.386,1,0
2026-06-25T21:06:38.599986,Camera 8,behavior,171,unknown,working,0.551,2,0
2026-06-25T21:06:38.599986,Camera 8,behavior,182,unknown,working,0.383,2,0
2026-06-25T21:06:39.749766,Camera 8,behavior,182,unknown,working,0.675,2,0
2026-06-25T21:06:39.749766,Camera 8,behavior,171,unknown,working,0.424,2,0
2026-06-25T21:06:40.795423,Camera 8,behavior,171,unknown,working,0.494,1,0
2026-06-25T21:06:43.891636,Camera 8,behavior,198,unknown,working,0.415,1,0
2026-06-25T21:06:46.021499,Camera 8,behavior,219,unknown,working,0.483,2,0
2026-06-25T21:06:46.021499,Camera 8,behavior,200,unknown,walking,0.447,2,0
2026-06-25T21:06:47.048915,Camera 8,behavior,219,unknown,working,0.447,1,0
2026-06-25T21:06:48.112690,Camera 8,behavior,238,unknown,working,0.497,2,0
2026-06-25T21:06:48.112690,Camera 8,behavior,219,unknown,working,0.324,2,0
2026-06-25T21:06:49.123006,Camera 8,behavior,219,unknown,working,0.477,2,0
2026-06-25T21:06:49.123006,Camera 8,behavior,250,unknown,working,0.385,2,0
2026-06-25T21:06:51.268980,Camera 8,behavior,219,unknown,working,0.53,1,0
2026-06-25T21:06:53.499791,Camera 8,behavior,219,unknown,walking,0.569,1,0
2026-06-25T21:06:53.833440,Camera 7,behavior,260,unknown,idle,0.35,1,0
2026-06-25T21:06:55.061890,Camera 7,behavior,261,unknown,working,0.335,2,0
2026-06-25T21:06:55.061890,Camera 7,behavior,260,unknown,idle,0.315,2,0
2026-06-25T21:06:56.187444,Camera 7,behavior,260,unknown,idle,0.368,1,0
2026-06-25T21:06:57.622631,Camera 8,behavior,250,unknown,working,0.493,1,0
2026-06-25T21:06:59.750929,Camera 8,behavior,267,unknown,working,0.469,2,0
2026-06-25T21:06:59.750929,Camera 8,behavior,250,unknown,working,0.399,2,0
2026-06-25T21:07:01.506955,Camera 7,behavior,261,unknown,working,0.359,1,0
2026-06-25T21:07:02.690202,Camera 7,behavior,261,unknown,working,0.306,1,0
2026-06-25T21:07:03.784645,Camera 7,behavior,261,unknown,working,0.341,1,0
2026-06-25T21:07:06.839693,Camera 8,behavior,274,unknown,working,0.501,1,0
2026-06-25T21:07:08.969322,Camera 8,behavior,275,unknown,working,0.374,1,0
2026-06-25T21:07:13.189777,Camera 8,behavior,275,unknown,working,0.534,2,0
2026-06-25T21:07:13.189777,Camera 8,behavior,278,unknown,working,0.613,2,0
2026-06-25T21:07:19.566799,Camera 8,behavior,286,unknown,working,0.447,1,0
2026-06-25T21:07:20.736278,Camera 8,behavior,286,unknown,working,0.455,2,0
2026-06-25T21:07:20.736278,Camera 8,behavior,287,unknown,working,0.527,2,0
2026-06-25T21:07:22.182066,Camera 8,behavior,287,unknown,working,0.628,1,0
2026-06-25T21:07:23.241596,Camera 8,behavior,287,unknown,working,0.781,1,0
2026-06-25T21:07:24.366770,Camera 8,behavior,287,unknown,working,0.744,2,0
2026-06-25T21:07:24.366770,Camera 8,behavior,290,unknown,walking,0.48,2,0
2026-06-25T21:07:41.470804,Webcam (laptop),behavior,1,unknown,idle,0.929,1,0
2026-06-25T21:07:42.786800,Webcam (laptop),behavior,1,unknown,working,0.932,1,0
2026-06-25T21:07:44.193606,Webcam (laptop),behavior,1,Dikshant,idle,0.924,1,0
2026-06-25T21:07:45.605788,Webcam (laptop),behavior,1,Dikshant,idle,0.931,1,0
2026-06-25T21:07:47.031591,Webcam (laptop),behavior,1,Dikshant,idle,0.929,1,0
2026-06-25T21:07:48.411473,Webcam (laptop),behavior,1,Dikshant,idle,0.932,1,0
2026-06-25T21:07:49.794404,Webcam (laptop),behavior,1,Dikshant,idle,0.936,1,0
2026-06-25T21:07:51.191684,Webcam (laptop),behavior,1,Dikshant,idle,0.93,1,0
2026-06-25T21:07:52.571522,Webcam (laptop),behavior,1,Dikshant,idle,0.936,1,0
2026-06-25T21:07:53.956435,Webcam (laptop),behavior,1,Dikshant,idle,0.938,1,0
2026-06-25T21:07:55.097984,Webcam (laptop),behavior,1,Dikshant,idle,0.902,1,0
2026-06-25T21:07:56.425625,Webcam (laptop),behavior,1,Dikshant,idle,0.915,1,0
2026-06-25T21:07:57.826090,Webcam (laptop),behavior,1,Dikshant,idle,0.899,1,0
2026-06-25T21:07:59.219381,Webcam (laptop),behavior,1,Dikshant,idle,0.923,1,0
2026-06-25T21:08:00.591834,Webcam (laptop),behavior,1,Dikshant,working,0.905,1,0
2026-06-25T21:08:01.939333,Webcam (laptop),behavior,1,Dikshant,phone,0.91,1,1
2026-06-25T21:08:03.317279,Webcam (laptop),behavior,1,Dikshant,phone,0.907,1,1
2026-06-25T21:08:04.671307,Webcam (laptop),behavior,1,Dikshant,phone,0.919,1,1
2026-06-25T21:08:06.099111,Webcam (laptop),behavior,1,Dikshant,phone,0.912,1,2
2026-06-25T21:08:07.471083,Webcam (laptop),behavior,1,Dikshant,phone,0.92,1,2
2026-06-25T21:08:08.871437,Webcam (laptop),behavior,1,Dikshant,phone,0.902,1,2
2026-06-25T21:08:10.303427,Webcam (laptop),behavior,1,Dikshant,phone,0.911,1,3
2026-06-25T21:08:11.660393,Webcam (laptop),behavior,1,Dikshant,idle,0.698,1,0
2026-06-25T21:08:13.041297,Webcam (laptop),behavior,1,Dikshant,working,0.889,1,0
2026-06-25T21:08:14.440291,Webcam (laptop),behavior,1,Dikshant,working,0.885,1,0
2026-06-25T21:08:15.794997,Webcam (laptop),behavior,1,Dikshant,working,0.894,1,0
2026-06-25T21:08:17.150296,Webcam (laptop),behavior,1,Dikshant,idle,0.908,1,0
2026-06-25T21:08:18.485712,Webcam (laptop),behavior,1,Dikshant,idle,0.904,1,0
2026-06-25T21:08:19.803435,Webcam (laptop),behavior,1,Dikshant,idle,0.912,1,0
2026-06-25T21:08:21.175152,Webcam (laptop),behavior,1,Dikshant,idle,0.904,1,0
2026-06-25T21:08:22.604400,Webcam (laptop),behavior,1,Dikshant,idle,0.921,1,0
2026-06-25T21:08:24.043057,Webcam (laptop),behavior,1,Dikshant,idle,0.886,1,0
2026-06-25T21:08:25.430607,Webcam (laptop),behavior,1,Dikshant,idle,0.882,1,0
2026-06-25T21:08:26.778145,Webcam (laptop),behavior,1,Dikshant,idle,0.888,1,0
2026-06-25T21:08:28.156523,Webcam (laptop),behavior,1,Dikshant,idle,0.905,1,0
2026-06-25T21:08:29.555605,Webcam (laptop),behavior,1,Dikshant,idle,0.907,1,0
2026-06-25T21:08:31.000697,Webcam (laptop),behavior,1,Dikshant,idle,0.909,1,0
2026-06-25T21:08:32.437692,Webcam (laptop),behavior,1,Dikshant,idle,0.916,1,0
2026-06-25T21:08:33.818183,Webcam (laptop),behavior,1,Dikshant,idle,0.922,1,0
2026-06-25T21:08:35.150672,Webcam (laptop),behavior,1,Dikshant,idle,0.914,1,0
2026-06-25T21:08:36.512753,Webcam (laptop),behavior,1,Dikshant,idle,0.886,1,0
2026-06-25T21:08:37.850032,Webcam (laptop),behavior,1,Dikshant,idle,0.912,1,0
2026-06-25T21:08:39.206107,Webcam (laptop),behavior,1,Dikshant,idle,0.909,1,0
2026-06-25T21:08:40.568668,Webcam (laptop),behavior,1,Dikshant,idle,0.908,1,0
2026-06-25T21:08:41.936781,Webcam (laptop),behavior,1,Dikshant,idle,0.913,1,0
2026-06-25T21:08:43.311943,Webcam (laptop),behavior,1,Dikshant,idle,0.907,1,0
2026-06-25T21:08:44.652284,Webcam (laptop),behavior,1,Dikshant,idle,0.923,1,0
2026-06-25T21:08:46.026886,Webcam (laptop),behavior,1,Dikshant,idle,0.898,1,0
2026-06-25T21:08:47.385056,Webcam (laptop),behavior,1,Dikshant,idle,0.914,1,0
2026-06-25T21:08:48.761587,Webcam (laptop),behavior,1,Dikshant,idle,0.917,1,0
2026-06-25T21:08:50.153087,Webcam (laptop),behavior,1,Dikshant,idle,0.923,1,0
2026-06-25T21:08:51.574229,Webcam (laptop),behavior,1,Dikshant,idle,0.909,1,0
2026-06-25T21:08:52.953921,Webcam (laptop),behavior,1,Dikshant,idle,0.921,1,0
2026-06-25T21:08:54.346124,Webcam (laptop),behavior,1,Dikshant,idle,0.919,1,0
2026-06-25T21:08:55.711197,Webcam (laptop),behavior,1,Dikshant,working,0.879,1,0
2026-06-25T21:08:57.111340,Webcam (laptop),behavior,1,Dikshant,working,0.861,1,0
2026-06-25T21:08:58.498676,Webcam (laptop),behavior,1,Dikshant,idle,0.915,1,0
2026-06-25T21:08:59.892272,Webcam (laptop),behavior,1,Dikshant,idle,0.912,1,0
2026-06-25T21:09:01.310888,Webcam (laptop),behavior,1,Dikshant,idle,0.906,1,0
2026-06-25T21:09:02.624472,Webcam (laptop),behavior,1,Dikshant,working,0.903,1,0
2026-06-25T21:09:03.972961,Webcam (laptop),behavior,1,Dikshant,idle,0.92,1,0
2026-06-25T21:09:05.307705,Webcam (laptop),behavior,1,Dikshant,idle,0.914,1,0
2026-06-25T21:09:06.663915,Webcam (laptop),behavior,1,Dikshant,idle,0.907,1,0
2026-06-25T21:19:14.180169,Webcam (laptop),behavior,1,unknown,working,0.777,1,0
2026-06-25T21:19:18.555106,Webcam (laptop),behavior,1,unknown,idle,0.876,1,0
2026-06-25T21:19:19.853809,Webcam (laptop),behavior,1,dikshant,idle,0.893,1,0
2026-06-25T21:19:21.192641,Webcam (laptop),behavior,1,dikshant,idle,0.899,1,0
2026-06-25T21:19:22.557599,Webcam (laptop),behavior,1,dikshant,working,0.841,1,0
2026-06-25T21:19:23.872000,Webcam (laptop),behavior,1,dikshant,idle,0.894,1,0
2026-06-25T21:19:25.219721,Webcam (laptop),behavior,1,dikshant,working,0.903,1,0
2026-06-25T21:19:26.512561,Webcam (laptop),behavior,1,dikshant,idle,0.896,1,0
2026-06-25T21:19:27.811897,Webcam (laptop),behavior,1,dikshant,idle,0.845,1,0
2026-06-25T21:19:29.146619,Webcam (laptop),behavior,1,dikshant,working,0.784,1,0
2026-06-25T21:19:30.443742,Webcam (laptop),behavior,1,dikshant,idle,0.92,1,0
2026-06-25T21:19:31.739255,Webcam (laptop),behavior,1,dikshant,working,0.873,1,0
2026-06-25T21:19:33.038951,Webcam (laptop),behavior,1,Dikshant,idle,0.905,1,0
2026-06-25T21:19:34.411972,Webcam (laptop),behavior,1,Dikshant,working,0.803,1,0
2026-06-25T21:19:35.685554,Webcam (laptop),behavior,1,Dikshant,idle,0.876,1,0
2026-06-25T21:19:37.013271,Webcam (laptop),behavior,1,Dikshant,idle,0.842,1,0
2026-06-25T21:19:38.308932,Webcam (laptop),behavior,1,Dikshant,idle,0.873,1,0
2026-06-25T21:19:39.625349,Webcam (laptop),behavior,1,Dikshant,working,0.881,1,0
2026-06-25T21:19:40.917997,Webcam (laptop),behavior,1,Dikshant,working,0.841,1,0
2026-06-25T21:19:42.218396,Webcam (laptop),behavior,1,Dikshant,working,0.869,1,0
2026-06-25T21:19:43.532021,Webcam (laptop),behavior,1,Dikshant,idle,0.872,1,0
2026-06-25T21:19:44.824819,Webcam (laptop),behavior,1,Dikshant,idle,0.88,1,0
2026-06-25T21:19:46.121767,Webcam (laptop),behavior,1,Dikshant,working,0.931,1,0
2026-06-25T21:19:47.434299,Webcam (laptop),behavior,1,Dikshant,idle,0.879,1,0
2026-06-25T21:19:48.758466,Webcam (laptop),behavior,1,Dikshant,idle,0.848,1,0
2026-06-25T21:19:50.052520,Webcam (laptop),behavior,1,Dikshant,working,0.796,1,0
2026-06-25T21:19:51.376920,Webcam (laptop),behavior,1,Dikshant,idle,0.844,1,0
2026-06-25T21:19:52.697714,Webcam (laptop),behavior,1,Dikshant,working,0.867,1,0
2026-06-25T21:19:53.974255,Webcam (laptop),behavior,1,Dikshant,idle,0.876,1,0
2026-06-25T21:19:55.300348,Webcam (laptop),behavior,1,Dikshant,idle,0.89,1,0
2026-06-25T21:19:56.584412,Webcam (laptop),behavior,1,Dikshant,idle,0.871,1,0
2026-06-25T21:19:57.897934,Webcam (laptop),behavior,1,Dikshant,idle,0.865,1,0
2026-06-25T21:19:59.221538,Webcam (laptop),behavior,1,Dikshant,working,0.861,1,0
2026-06-25T21:20:00.513124,Webcam (laptop),behavior,1,Dikshant,phone,0.867,1,1
2026-06-25T21:20:01.843232,Webcam (laptop),behavior,1,Dikshant,phone,0.887,1,1
2026-06-25T21:20:03.176179,Webcam (laptop),behavior,1,Dikshant,phone,0.895,1,1
2026-06-25T21:20:04.446989,Webcam (laptop),behavior,1,Dikshant,phone,0.907,1,1
2026-06-25T21:20:05.721284,Webcam (laptop),behavior,1,Dikshant,phone,0.896,1,1
2026-06-25T21:20:07.021600,Webcam (laptop),behavior,1,Dikshant,phone,0.908,1,1
2026-06-25T21:20:08.330652,Webcam (laptop),behavior,1,Dikshant,phone,0.905,1,1
2026-06-25T21:20:09.637223,Webcam (laptop),behavior,1,Dikshant,phone,0.899,1,1
2026-06-25T21:20:10.937427,Webcam (laptop),behavior,1,Dikshant,phone,0.894,1,1
2026-06-25T21:20:12.261643,Webcam (laptop),behavior,1,Dikshant,idle,0.896,1,0
2026-06-25T21:20:13.557621,Webcam (laptop),behavior,1,Dikshant,idle,0.892,1,0
2026-06-25T21:20:14.865969,Webcam (laptop),behavior,1,Dikshant,working,0.888,1,0
2026-06-25T21:20:16.113728,Webcam (laptop),behavior,1,Dikshant,idle,0.906,1,0
2026-06-25T21:20:17.423640,Webcam (laptop),behavior,1,Dikshant,idle,0.913,1,0
2026-06-25T21:20:18.743757,Webcam (laptop),behavior,1,Dikshant,idle,0.852,1,0
2026-06-25T21:20:19.769581,Webcam (laptop),behavior,1,Dikshant,idle,0.89,1,0
2026-06-25T21:20:20.617441,Camera 8,behavior,1,unknown,working,0.322,1,0
2026-06-25T21:20:20.848995,Webcam (laptop),behavior,1,Dikshant,idle,0.921,1,0
2026-06-25T21:20:21.982120,Webcam (laptop),behavior,1,Dikshant,idle,0.918,1,0
2026-06-25T21:20:23.032165,Webcam (laptop),behavior,1,Dikshant,idle,0.887,1,0
2026-06-25T21:20:24.104510,Webcam (laptop),behavior,1,Dikshant,idle,0.919,1,0
2026-06-25T21:20:25.156501,Webcam (laptop),behavior,1,Dikshant,idle,0.867,1,0
2026-06-25T21:20:25.300830,Camera 8,behavior,8,unknown,working,0.612,1,0
2026-06-25T21:20:26.183810,Webcam (laptop),behavior,1,Dikshant,idle,0.873,1,0
2026-06-25T21:20:27.337513,Webcam (laptop),behavior,1,Dikshant,idle,0.887,1,0
2026-06-25T21:20:27.712540,Camera 5,behavior,1,unknown,working,0.647,2,0
2026-06-25T21:20:27.712540,Camera 5,behavior,2,unknown,working,0.616,2,0
2026-06-25T21:20:28.425659,Webcam (laptop),behavior,1,Dikshant,idle,0.88,1,0
2026-06-25T21:20:29.128346,Camera 5,behavior,5,unknown,working,0.63,1,0
2026-06-25T21:20:29.448398,Webcam (laptop),behavior,1,Dikshant,working,0.89,1,0
2026-06-25T21:20:30.560026,Webcam (laptop),behavior,1,Dikshant,working,0.908,1,0
2026-06-25T21:20:31.316252,Camera 5,behavior,21,unknown,working,0.577,1,0
2026-06-25T21:20:31.602832,Webcam (laptop),behavior,1,Dikshant,working,0.87,1,0
2026-06-25T21:20:32.706871,Webcam (laptop),behavior,1,Dikshant,working,0.899,1,0
2026-06-25T21:20:33.137460,Camera 8,behavior,22,unknown,working,0.35,1,0
2026-06-25T21:20:33.750273,Webcam (laptop),behavior,1,Dikshant,working,0.904,1,0
2026-06-25T21:20:34.778258,Webcam (laptop),behavior,1,Dikshant,working,0.908,1,0
2026-06-25T21:20:35.864613,Webcam (laptop),behavior,1,Dikshant,idle,0.894,1,0
2026-06-25T21:20:37.087337,Webcam (laptop),behavior,1,Dikshant,idle,0.921,1,0
2026-06-25T21:20:38.109748,Webcam (laptop),behavior,1,Dikshant,idle,0.911,1,0
2026-06-25T21:20:39.177220,Webcam (laptop),behavior,1,Dikshant,idle,0.898,1,0
2026-06-25T21:20:40.184740,Webcam (laptop),behavior,1,Dikshant,working,0.87,1,0
2026-06-25T21:20:41.202118,Webcam (laptop),behavior,1,Dikshant,working,0.901,1,0
2026-06-25T21:20:42.232232,Webcam (laptop),behavior,1,Dikshant,working,0.899,1,0
2026-06-25T21:20:43.327564,Webcam (laptop),behavior,1,Dikshant,working,0.912,1,0
2026-06-25T21:20:44.334431,Webcam (laptop),behavior,1,Dikshant,idle,0.923,1,0
2026-06-25T21:20:45.549602,Webcam (laptop),behavior,1,Dikshant,idle,0.932,1,0
2026-06-25T21:20:46.616129,Webcam (laptop),behavior,1,Dikshant,idle,0.924,1,0
2026-06-25T21:20:47.726468,Webcam (laptop),behavior,1,Dikshant,working,0.841,1,0
2026-06-25T21:20:48.742574,Webcam (laptop),behavior,1,Dikshant,working,0.815,1,0
2026-06-25T21:20:49.796160,Webcam (laptop),behavior,1,Dikshant,working,0.901,1,0
2026-06-25T21:20:50.865010,Webcam (laptop),behavior,1,Dikshant,working,0.907,1,0
2026-06-25T21:20:52.063423,Webcam (laptop),behavior,1,Dikshant,working,0.908,1,0
2026-06-25T21:20:53.070459,Webcam (laptop),behavior,1,Dikshant,working,0.866,1,0
2026-06-25T21:20:54.121670,Webcam (laptop),behavior,1,Dikshant,idle,0.881,1,0
2026-06-25T21:20:55.233442,Webcam (laptop),behavior,1,Dikshant,idle,0.888,1,0
2026-06-25T21:20:56.303539,Webcam (laptop),behavior,1,Dikshant,idle,0.902,1,0
2026-06-25T21:20:57.464478,Webcam (laptop),behavior,1,Dikshant,working,0.821,1,0
2026-06-25T21:20:58.478087,Webcam (laptop),behavior,1,Dikshant,working,0.865,1,0
2026-06-25T21:20:59.480384,Webcam (laptop),behavior,1,Dikshant,working,0.879,1,0
2026-06-25T21:21:00.530929,Webcam (laptop),behavior,1,Dikshant,working,0.867,1,0
2026-06-25T21:21:01.983375,Webcam (laptop),behavior,1,Dikshant,working,0.856,1,0
2026-06-25T21:21:03.098479,Webcam (laptop),behavior,1,Dikshant,working,0.855,1,0
2026-06-25T21:21:03.750046,Camera 5,behavior,6,unknown,working,0.349,1,0
2026-06-25T21:21:04.484114,Webcam (laptop),behavior,1,Dikshant,working,0.885,1,0
2026-06-25T21:21:05.574574,Webcam (laptop),behavior,1,Dikshant,working,0.855,1,0
2026-06-25T21:21:06.899153,Webcam (laptop),behavior,1,Dikshant,working,0.898,1,0
2026-06-25T21:21:07.982602,Webcam (laptop),behavior,1,Dikshant,idle,0.841,1,0
2026-06-25T21:21:09.015665,Webcam (laptop),behavior,1,Dikshant,working,0.908,1,0
2026-06-25T21:21:10.040319,Webcam (laptop),behavior,1,Dikshant,working,0.9,1,0
2026-06-25T21:21:11.096740,Webcam (laptop),behavior,1,Dikshant,idle,0.918,1,0
2026-06-25T21:21:12.107961,Webcam (laptop),behavior,1,Dikshant,idle,0.902,1,0
2026-06-25T21:21:13.196306,Webcam (laptop),behavior,1,Dikshant,idle,0.91,1,0
2026-06-25T21:21:13.409005,Camera 5,behavior,1,unknown,walking,0.492,1,0
2026-06-25T21:21:14.614652,Webcam (laptop),behavior,1,Dikshant,idle,0.915,1,0
2026-06-25T21:21:15.218522,Camera 5,behavior,1,unknown,working,0.388,1,0
2026-06-25T21:21:15.714895,Webcam (laptop),behavior,1,Dikshant,working,0.913,1,0
2026-06-25T21:21:16.372678,Camera 5,behavior,1,unknown,working,0.368,1,0
2026-06-25T21:21:17.089068,Webcam (laptop),behavior,1,Dikshant,working,0.917,1,0
2026-06-25T21:21:17.554572,Camera 5,behavior,1,unknown,working,0.439,1,0
2026-06-25T21:21:18.208076,Webcam (laptop),behavior,1,Dikshant,working,0.913,1,0
2026-06-25T21:21:19.634320,Webcam (laptop),behavior,1,Dikshant,working,0.895,1,0
2026-06-25T21:21:20.895709,Webcam (laptop),behavior,1,Dikshant,working,0.909,1,0
2026-06-25T21:21:22.313523,Webcam (laptop),behavior,1,Dikshant,idle,0.899,1,0
2026-06-25T21:21:23.413676,Webcam (laptop),behavior,1,Dikshant,working,0.901,1,0
2026-06-25T21:21:23.632022,Camera 5,behavior,5,unknown,walking,0.432,1,0
2026-06-25T21:21:24.753363,Webcam (laptop),behavior,1,Dikshant,idle,0.911,1,0
2026-06-25T21:21:25.879006,Webcam (laptop),behavior,1,Dikshant,working,0.898,1,0
2026-06-25T21:21:27.374425,Webcam (laptop),behavior,1,Dikshant,working,0.895,1,0
2026-06-25T21:21:28.457389,Webcam (laptop),behavior,1,Dikshant,idle,0.897,1,0
2026-06-25T21:21:29.960320,Webcam (laptop),behavior,1,Dikshant,idle,0.914,1,0
2026-06-25T21:21:30.797159,Camera 5,behavior,7,unknown,working,0.421,1,0
2026-06-25T21:21:31.040084,Webcam (laptop),behavior,1,Dikshant,working,0.898,1,0
2026-06-25T21:21:31.946150,Camera 5,behavior,7,unknown,working,0.798,1,0
2026-06-25T21:21:32.222693,Webcam (laptop),behavior,1,Dikshant,idle,0.903,1,0
2026-06-25T21:21:33.334155,Webcam (laptop),behavior,1,Dikshant,idle,0.917,1,0
2026-06-25T21:21:34.025279,Camera 5,behavior,7,unknown,working,0.615,1,0
2026-06-25T21:21:34.440020,Webcam (laptop),behavior,1,Dikshant,working,0.921,1,0
2026-06-25T21:21:35.561179,Webcam (laptop),behavior,1,Dikshant,idle,0.909,1,0
2026-06-25T21:21:36.588878,Webcam (laptop),behavior,1,Dikshant,idle,0.902,1,0
2026-06-25T21:21:37.662387,Webcam (laptop),behavior,1,Dikshant,idle,0.898,1,0
2026-06-25T21:21:38.714114,Webcam (laptop),behavior,1,Dikshant,working,0.891,1,0
2026-06-25T21:21:39.973363,Webcam (laptop),behavior,1,Dikshant,idle,0.891,1,0
2026-06-25T21:21:40.706900,Camera 8,behavior,21,unknown,working,0.547,1,0
2026-06-25T21:21:41.090437,Webcam (laptop),behavior,1,Dikshant,idle,0.881,1,0
2026-06-25T21:21:41.951575,Camera 8,behavior,24,unknown,working,0.63,1,0
2026-06-25T21:21:42.473791,Webcam (laptop),behavior,1,Dikshant,working,0.897,1,0
2026-06-25T21:21:42.974936,Camera 8,behavior,24,unknown,working,0.52,1,0
2026-06-25T21:21:43.567093,Webcam (laptop),behavior,1,Dikshant,working,0.892,1,0
2026-06-25T21:21:44.637914,Webcam (laptop),behavior,1,Dikshant,working,0.893,1,0
2026-06-25T21:21:45.721495,Webcam (laptop),behavior,1,Dikshant,working,0.907,1,0
2026-06-25T21:21:46.786178,Webcam (laptop),behavior,1,Dikshant,idle,0.916,1,0
2026-06-25T21:21:47.871732,Webcam (laptop),behavior,1,Dikshant,idle,0.907,1,0
2026-06-25T21:21:48.955223,Webcam (laptop),behavior,1,Dikshant,idle,0.922,1,0
2026-06-25T21:21:50.065676,Webcam (laptop),behavior,1,Dikshant,working,0.894,1,0
2026-06-25T21:21:51.166307,Webcam (laptop),behavior,1,Dikshant,working,0.902,1,0
2026-06-25T21:21:52.582783,Webcam (laptop),behavior,1,Dikshant,working,0.915,1,0
2026-06-25T21:21:53.665267,Webcam (laptop),behavior,1,Dikshant,working,0.932,1,0
2026-06-25T21:21:55.128722,Webcam (laptop),behavior,1,Dikshant,working,0.927,1,0
2026-06-25T21:21:56.238197,Webcam (laptop),behavior,1,Dikshant,working,0.879,1,0
2026-06-25T21:21:57.102023,Camera 5,behavior,39,unknown,working,0.494,1,0
2026-06-25T21:21:57.715184,Webcam (laptop),behavior,1,Dikshant,working,0.861,1,0
2026-06-25T21:21:58.274316,Camera 5,behavior,39,unknown,walking,0.315,1,0
2026-06-25T21:21:58.830704,Webcam (laptop),behavior,1,Dikshant,idle,0.879,1,0
2026-06-25T21:22:00.244327,Webcam (laptop),behavior,1,Dikshant,idle,0.901,1,0
2026-06-25T21:22:01.347099,Webcam (laptop),behavior,1,Dikshant,idle,0.893,1,0
2026-06-25T21:22:02.777820,Webcam (laptop),behavior,1,Dikshant,idle,0.873,1,0
2026-06-25T21:22:03.780491,Webcam (laptop),behavior,1,Dikshant,idle,0.741,1,0
2026-06-25T21:22:04.832312,Webcam (laptop),behavior,1,Dikshant,working,0.868,1,0
2026-06-25T21:22:05.853104,Webcam (laptop),behavior,1,Dikshant,working,0.877,1,0
2026-06-25T21:22:06.933445,Webcam (laptop),behavior,1,Dikshant,idle,0.87,1,0
2026-06-25T21:22:07.936463,Webcam (laptop),behavior,1,Dikshant,idle,0.888,1,0
2026-06-25T21:22:08.994552,Webcam (laptop),behavior,1,Dikshant,idle,0.898,1,0
2026-06-25T21:22:10.452497,Webcam (laptop),behavior,1,Dikshant,idle,0.867,1,0
2026-06-25T21:22:11.548858,Webcam (laptop),behavior,1,Dikshant,idle,0.874,1,0
2026-06-25T21:22:13.053052,Webcam (laptop),behavior,1,Dikshant,idle,0.854,1,0
2026-06-25T21:22:14.136713,Webcam (laptop),behavior,1,Dikshant,working,0.898,1,0
2026-06-25T21:22:15.601666,Webcam (laptop),behavior,1,Dikshant,idle,0.919,1,0
2026-06-25T21:22:16.719946,Webcam (laptop),behavior,1,Dikshant,idle,0.924,1,0
2026-06-25T21:22:18.165001,Webcam (laptop),behavior,1,Dikshant,idle,0.92,1,0
2026-06-25T21:22:19.256020,Webcam (laptop),behavior,1,Dikshant,idle,0.902,1,0
2026-06-25T21:22:20.707117,Webcam (laptop),behavior,1,Dikshant,idle,0.908,1,0
2026-06-25T21:22:21.522566,Camera 5,behavior,71,unknown,working,0.496,2,0
2026-06-25T21:22:21.522566,Camera 5,behavior,72,unknown,working,0.367,2,0
2026-06-25T21:22:21.867093,Webcam (laptop),behavior,1,Dikshant,idle,0.882,1,0
2026-06-25T21:22:22.528282,Camera 5,behavior,72,unknown,working,0.646,1,0
2026-06-25T21:22:23.294828,Webcam (laptop),behavior,1,Dikshant,idle,0.917,1,0
2026-06-25T21:22:23.585113,Camera 5,behavior,77,unknown,working,0.604,1,0
2026-06-25T21:22:24.444175,Webcam (laptop),behavior,1,Dikshant,working,0.918,1,0
2026-06-25T21:22:25.808866,Webcam (laptop),behavior,1,Dikshant,working,0.912,1,0
2026-06-25T21:22:26.902157,Webcam (laptop),behavior,1,Dikshant,working,0.924,1,0
2026-06-25T21:22:27.038910,Camera 8,behavior,83,unknown,working,0.467,1,0
2026-06-25T21:22:28.320088,Webcam (laptop),behavior,1,Dikshant,working,0.909,1,0
2026-06-25T21:22:29.487359,Webcam (laptop),behavior,1,Dikshant,working,0.916,1,0
2026-06-25T21:22:30.886025,Webcam (laptop),behavior,1,Dikshant,idle,0.911,1,0
2026-06-25T21:22:31.502261,Camera 8,behavior,100,unknown,working,0.429,1,0
2026-06-25T21:22:31.998600,Webcam (laptop),behavior,1,Dikshant,idle,0.913,1,0
2026-06-25T21:22:32.510463,Camera 8,behavior,100,unknown,working,0.555,1,0
2026-06-25T21:22:33.404519,Webcam (laptop),behavior,1,Dikshant,idle,0.909,1,0
2026-06-25T21:22:33.647716,Camera 8,behavior,100,unknown,working,0.345,1,0
2026-06-25T21:22:34.700965,Webcam (laptop),behavior,1,Dikshant,working,0.907,1,0
2026-06-25T21:22:35.971560,Webcam (laptop),behavior,1,Dikshant,working,0.908,1,0
2026-06-25T21:22:37.107535,Webcam (laptop),behavior,1,Dikshant,working,0.906,1,0
2026-06-25T21:22:38.397058,Webcam (laptop),behavior,1,Dikshant,idle,0.903,1,0
2026-06-25T21:22:39.481532,Webcam (laptop),behavior,1,Dikshant,working,0.883,1,0
2026-06-25T21:22:39.813026,Camera 8,behavior,105,unknown,working,0.727,1,0
2026-06-25T21:22:40.860510,Webcam (laptop),behavior,1,Dikshant,idle,0.891,1,0
2026-06-25T21:22:42.010602,Webcam (laptop),behavior,1,Dikshant,idle,0.9,1,0
2026-06-25T21:22:42.463334,Camera 5,behavior,107,unknown,working,0.564,1,0
2026-06-25T21:22:43.404845,Webcam (laptop),behavior,1,Dikshant,idle,0.905,1,0
2026-06-25T21:22:44.517791,Webcam (laptop),behavior,1,Dikshant,idle,0.904,1,0
2026-06-25T21:22:44.572708,Camera 8,behavior,110,unknown,working,0.565,1,0
2026-06-25T21:22:45.913335,Webcam (laptop),behavior,1,Dikshant,working,0.86,1,0
2026-06-25T21:22:47.012327,Webcam (laptop),behavior,1,Dikshant,working,0.863,1,0
2026-06-25T21:22:48.082990,Webcam (laptop),behavior,1,Dikshant,working,0.913,1,0
2026-06-25T21:22:49.244599,Webcam (laptop),behavior,1,Dikshant,working,0.891,1,0
2026-06-25T21:22:50.325572,Webcam (laptop),behavior,1,Dikshant,idle,0.892,1,0
2026-06-25T21:22:51.427564,Webcam (laptop),behavior,1,Dikshant,working,0.879,1,0
2026-06-25T21:22:52.508089,Webcam (laptop),behavior,1,Dikshant,working,0.899,1,0
2026-06-25T21:22:53.709474,Webcam (laptop),behavior,1,Dikshant,working,0.899,1,0
2026-06-25T21:22:54.839748,Webcam (laptop),behavior,1,Dikshant,idle,0.908,1,0
2026-06-25T21:22:56.238230,Webcam (laptop),behavior,1,Dikshant,working,0.884,1,0
2026-06-25T21:22:57.381730,Webcam (laptop),behavior,1,Dikshant,working,0.915,1,0
2026-06-25T21:22:58.301751,Camera 8,behavior,147,unknown,working,0.541,1,0
2026-06-25T21:22:58.845004,Webcam (laptop),behavior,1,Dikshant,idle,0.922,1,0
2026-06-25T21:22:59.931924,Webcam (laptop),behavior,1,Dikshant,idle,0.915,1,0
2026-06-25T21:23:00.347407,Camera 8,behavior,155,unknown,walking,0.515,1,0
2026-06-25T21:23:01.390520,Webcam (laptop),behavior,1,Dikshant,idle,0.911,1,0
2026-06-25T21:23:02.511975,Webcam (laptop),behavior,1,Dikshant,idle,0.916,1,0
2026-06-25T21:23:02.670135,Camera 5,behavior,157,unknown,walking,0.593,1,0
2026-06-25T21:23:03.780868,Camera 5,behavior,161,unknown,working,0.505,1,0
2026-06-25T21:23:03.957628,Webcam (laptop),behavior,1,Dikshant,idle,0.912,1,0
2026-06-25T21:23:05.051465,Webcam (laptop),behavior,1,Dikshant,idle,0.898,1,0
2026-06-25T21:23:05.693540,Camera 8,behavior,174,unknown,working,0.57,2,0
2026-06-25T21:23:05.693540,Camera 8,behavior,175,unknown,working,0.587,2,0
2026-06-25T21:23:06.043155,Camera 5,behavior,173,unknown,working,0.507,1,0
2026-06-25T21:23:06.515797,Webcam (laptop),behavior,1,Dikshant,idle,0.845,1,0
2026-06-25T21:23:06.776131,Camera 8,behavior,174,unknown,working,0.504,1,0
2026-06-25T21:23:07.045371,Camera 5,behavior,173,unknown,working,0.564,1,0
2026-06-25T21:23:07.598484,Webcam (laptop),behavior,1,Dikshant,idle,0.902,1,0
2026-06-25T21:23:07.955424,Camera 8,behavior,174,unknown,working,0.407,1,0
2026-06-25T21:23:08.173911,Camera 5,behavior,176,unknown,working,0.399,1,0
2026-06-25T21:23:09.062393,Webcam (laptop),behavior,1,Dikshant,idle,0.908,1,0
2026-06-25T21:23:09.249635,Camera 5,behavior,173,unknown,working,0.316,1,0
2026-06-25T21:23:10.188794,Webcam (laptop),behavior,1,Dikshant,idle,0.897,1,0
2026-06-25T21:23:11.607405,Webcam (laptop),behavior,1,Dikshant,working,0.913,1,0
2026-06-25T21:23:12.676033,Webcam (laptop),behavior,1,Dikshant,working,0.902,1,0
2026-06-25T21:23:12.687793,Camera 8,behavior,183,unknown,working,0.412,1,0
2026-06-25T21:23:14.147566,Webcam (laptop),behavior,1,Dikshant,idle,0.898,1,0
2026-06-25T21:23:15.253721,Webcam (laptop),behavior,1,Dikshant,idle,0.904,1,0
2026-06-25T21:23:16.623341,Webcam (laptop),behavior,1,Dikshant,idle,0.897,1,0
2026-06-25T21:23:17.737853,Webcam (laptop),behavior,1,Dikshant,phone,0.861,1,1
2026-06-25T21:23:19.210575,Webcam (laptop),behavior,1,Dikshant,idle,0.899,1,0
2026-06-25T21:23:20.365864,Webcam (laptop),behavior,1,Dikshant,phone,0.901,1,1
2026-06-25T21:23:21.766629,Webcam (laptop),behavior,1,Dikshant,phone,0.894,1,1
2026-06-25T21:23:22.876132,Webcam (laptop),behavior,1,Dikshant,phone,0.892,1,1
2026-06-25T21:23:24.298781,Webcam (laptop),behavior,1,Dikshant,idle,0.899,1,0
2026-06-25T21:23:25.383144,Webcam (laptop),behavior,1,Dikshant,working,0.876,1,0
2026-06-25T21:23:26.839390,Webcam (laptop),behavior,1,Dikshant,working,0.86,1,0
2026-06-25T21:23:27.966613,Webcam (laptop),behavior,1,Dikshant,idle,0.892,2,0
2026-06-25T21:23:27.966613,Webcam (laptop),behavior,193,unknown,working,0.638,2,0
2026-06-25T21:23:29.373092,Webcam (laptop),behavior,1,Dikshant,idle,0.888,1,0
2026-06-25T21:23:30.501623,Webcam (laptop),behavior,1,Dikshant,working,0.909,1,0
2026-06-25T21:23:31.791176,Webcam (laptop),behavior,1,Dikshant,working,0.862,1,0
2026-06-25T21:23:32.988856,Webcam (laptop),behavior,1,Dikshant,working,0.933,1,0
2026-06-25T21:23:34.321265,Webcam (laptop),behavior,1,Dikshant,working,0.906,1,0
2026-06-25T21:23:35.383560,Webcam (laptop),behavior,1,Dikshant,working,0.925,1,0
2026-06-25T21:23:36.477255,Webcam (laptop),behavior,1,Dikshant,idle,0.924,1,0
2026-06-25T21:23:37.388166,Camera 5,behavior,209,unknown,working,0.537,1,0
2026-06-25T21:23:37.495910,Webcam (laptop),behavior,1,Dikshant,idle,0.933,1,0
2026-06-25T21:23:38.547687,Webcam (laptop),behavior,1,Dikshant,idle,0.926,1,0
2026-06-25T21:23:39.662699,Webcam (laptop),behavior,1,Dikshant,idle,0.93,1,0
2026-06-25T21:23:40.750199,Webcam (laptop),behavior,1,Dikshant,idle,0.928,1,0
2026-06-25T21:23:42.034654,Webcam (laptop),behavior,1,Dikshant,idle,0.911,1,0
2026-06-25T21:23:43.144724,Webcam (laptop),behavior,1,Dikshant,working,0.882,1,0
2026-06-25T21:23:44.547467,Webcam (laptop),behavior,1,Dikshant,working,0.89,1,0
2026-06-25T21:23:45.695294,Webcam (laptop),behavior,1,Dikshant,working,0.895,1,0
2026-06-25T21:23:47.080354,Webcam (laptop),behavior,1,Dikshant,working,0.893,1,0
2026-06-25T21:23:48.178581,Webcam (laptop),behavior,1,Dikshant,idle,0.911,1,0
2026-06-25T21:23:49.558564,Webcam (laptop),behavior,1,Dikshant,working,0.903,1,0
2026-06-25T21:23:50.665577,Webcam (laptop),behavior,1,Dikshant,working,0.917,1,0
2026-06-25T21:23:52.095718,Webcam (laptop),behavior,1,Dikshant,working,0.886,1,0
2026-06-25T21:23:53.228294,Webcam (laptop),behavior,1,Dikshant,idle,0.9,1,0
2026-06-25T21:23:54.653018,Webcam (laptop),behavior,1,Dikshant,working,0.871,1,0
2026-06-25T21:23:55.758765,Webcam (laptop),behavior,1,Dikshant,working,0.883,1,0
2026-06-25T21:23:57.308119,Webcam (laptop),behavior,1,Dikshant,working,0.903,1,0
2026-06-25T21:23:58.400453,Webcam (laptop),behavior,1,Dikshant,working,0.907,1,0
2026-06-25T21:23:59.765765,Webcam (laptop),behavior,1,Dikshant,idle,0.925,1,0
2026-06-25T21:24:00.891094,Webcam (laptop),behavior,1,Dikshant,idle,0.898,1,0
2026-06-25T21:24:02.283476,Webcam (laptop),behavior,1,Dikshant,idle,0.92,1,0
2026-06-25T21:24:03.374185,Webcam (laptop),behavior,1,Dikshant,idle,0.911,1,0
2026-06-25T21:24:04.793421,Webcam (laptop),behavior,1,Dikshant,idle,0.907,1,0
2026-06-25T21:24:05.885632,Webcam (laptop),behavior,1,Dikshant,idle,0.88,1,0
2026-06-25T21:24:07.256269,Webcam (laptop),behavior,1,Dikshant,working,0.842,1,0
2026-06-25T21:24:08.364592,Webcam (laptop),behavior,1,Dikshant,working,0.917,1,0
2026-06-25T21:24:09.761727,Webcam (laptop),behavior,1,Dikshant,working,0.592,1,0
2026-06-25T21:24:10.837139,Webcam (laptop),behavior,1,Dikshant,working,0.848,1,0
2026-06-25T21:24:11.853828,Webcam (laptop),behavior,1,Dikshant,working,0.878,1,0
2026-06-25T21:24:12.487634,Camera 8,behavior,218,unknown,working,0.594,1,0
2026-06-25T21:24:12.900920,Webcam (laptop),behavior,1,Dikshant,working,0.808,1,0
2026-06-25T21:24:13.520312,Camera 8,behavior,218,unknown,working,0.665,1,0
2026-06-25T21:24:13.935136,Webcam (laptop),behavior,1,Dikshant,working,0.701,2,0
2026-06-25T21:24:13.935136,Webcam (laptop),behavior,224,unknown,working,0.385,2,0
2026-06-25T21:24:14.664472,Camera 8,behavior,218,unknown,walking,0.718,1,0
2026-06-25T21:24:15.021108,Webcam (laptop),behavior,1,Dikshant,working,0.859,1,0
2026-06-25T21:24:15.720070,Camera 8,behavior,218,unknown,walking,0.628,1,0
2026-06-25T21:24:16.111822,Webcam (laptop),behavior,1,Dikshant,working,0.853,1,0
2026-06-25T21:24:16.798294,Camera 8,behavior,218,unknown,working,0.818,1,0
2026-06-25T21:24:17.063622,Camera 5,behavior,230,unknown,working,0.714,1,0
2026-06-25T21:24:17.180540,Webcam (laptop),behavior,1,Dikshant,idle,0.874,1,0
2026-06-25T21:24:17.868080,Camera 8,behavior,218,unknown,walking,0.751,1,0
2026-06-25T21:24:18.153670,Camera 5,behavior,230,unknown,walking,0.671,1,0
2026-06-25T21:24:18.295719,Webcam (laptop),behavior,1,Dikshant,working,0.894,1,0
2026-06-25T21:24:18.972071,Camera 8,behavior,218,unknown,walking,0.848,1,0
2026-06-25T21:24:19.523867,Camera 5,behavior,230,unknown,walking,0.689,1,0
2026-06-25T21:24:19.709014,Webcam (laptop),behavior,1,Dikshant,working,0.905,1,0
2026-06-25T21:24:20.145085,Camera 8,behavior,218,unknown,walking,0.713,1,0
2026-06-25T21:24:20.832625,Webcam (laptop),behavior,1,Dikshant,idle,0.908,1,0
2026-06-25T21:24:22.186501,Webcam (laptop),behavior,1,Dikshant,working,0.909,1,0
2026-06-25T21:24:23.338702,Webcam (laptop),behavior,1,Dikshant,working,0.808,1,0
2026-06-25T21:24:24.667661,Webcam (laptop),behavior,1,Dikshant,working,0.853,1,0
2026-06-25T21:24:25.068274,Camera 5,behavior,233,unknown,working,0.624,1,0
2026-06-25T21:24:25.759114,Webcam (laptop),behavior,1,Dikshant,idle,0.911,1,0
2026-06-25T21:24:26.332798,Camera 6,behavior,235,unknown,working,0.652,1,0
2026-06-25T21:24:27.279733,Webcam (laptop),behavior,1,Dikshant,idle,0.928,1,0
2026-06-25T21:24:27.369277,Camera 5,behavior,233,unknown,working,0.609,1,0
2026-06-25T21:24:28.383683,Webcam (laptop),behavior,1,Dikshant,idle,0.913,1,0
2026-06-25T21:24:28.478278,Camera 5,behavior,233,unknown,working,0.598,1,0
2026-06-25T21:24:29.885674,Camera 5,behavior,233,unknown,working,0.365,1,0
2026-06-25T21:24:29.978333,Webcam (laptop),behavior,1,Dikshant,idle,0.909,1,0
2026-06-25T21:24:31.074270,Webcam (laptop),behavior,1,Dikshant,idle,0.909,1,0
2026-06-25T21:24:32.255107,Camera 5,behavior,233,unknown,working,0.316,2,0
2026-06-25T21:24:32.255107,Camera 5,behavior,239,unknown,working,0.537,2,0
2026-06-25T21:24:32.545833,Webcam (laptop),behavior,1,Dikshant,idle,0.902,1,0
2026-06-25T21:24:33.548355,Webcam (laptop),behavior,1,Dikshant,idle,0.879,1,0
2026-06-25T21:24:33.555472,Camera 5,behavior,233,unknown,idle,0.581,2,0
2026-06-25T21:24:33.555472,Camera 5,behavior,239,unknown,walking,0.595,2,0
2026-06-25T21:24:34.608372,Camera 5,behavior,233,unknown,idle,0.345,2,0
2026-06-25T21:24:34.608372,Camera 5,behavior,239,unknown,working,0.316,2,0
2026-06-25T21:24:34.620074,Webcam (laptop),behavior,1,Dikshant,working,0.911,1,0
2026-06-25T21:24:35.628017,Camera 5,behavior,233,unknown,working,0.469,1,0
2026-06-25T21:24:35.671215,Webcam (laptop),behavior,1,Dikshant,working,0.909,1,0
2026-06-25T21:24:36.738160,Webcam (laptop),behavior,1,Dikshant,working,0.876,1,0
2026-06-25T21:24:37.788624,Webcam (laptop),behavior,1,Dikshant,working,0.881,1,0
2026-06-25T21:24:38.898620,Webcam (laptop),behavior,1,Dikshant,idle,0.922,1,0
2026-06-25T21:24:40.324727,Webcam (laptop),behavior,1,Dikshant,idle,0.925,1,0
2026-06-25T21:24:41.443843,Webcam (laptop),behavior,1,Dikshant,working,0.837,1,0
2026-06-25T21:24:42.848385,Webcam (laptop),behavior,1,Dikshant,working,0.888,1,0
2026-06-25T21:24:43.953555,Webcam (laptop),behavior,1,Dikshant,working,0.921,1,0
2026-06-25T21:24:45.336969,Webcam (laptop),behavior,1,Dikshant,working,0.907,1,0
2026-06-25T21:24:46.464832,Webcam (laptop),behavior,1,Dikshant,idle,0.921,1,0
2026-06-25T21:24:47.875970,Webcam (laptop),behavior,1,Dikshant,idle,0.931,1,0
2026-06-25T21:24:48.976329,Webcam (laptop),behavior,1,Dikshant,working,0.917,1,0
2026-06-25T21:24:50.365860,Webcam (laptop),behavior,1,Dikshant,working,0.912,1,0
2026-06-25T21:24:51.450692,Webcam (laptop),behavior,1,Dikshant,idle,0.919,1,0
2026-06-25T21:24:52.876501,Webcam (laptop),behavior,1,Dikshant,idle,0.907,1,0
2026-06-25T21:24:53.965765,Webcam (laptop),behavior,1,Dikshant,working,0.922,1,0
2026-06-25T21:24:55.373696,Webcam (laptop),behavior,1,Dikshant,idle,0.913,1,0
2026-06-25T21:24:56.228086,Camera 8,behavior,257,unknown,working,0.535,1,0
2026-06-25T21:24:56.496596,Webcam (laptop),behavior,1,Dikshant,idle,0.906,1,0
2026-06-25T21:24:57.902501,Webcam (laptop),behavior,1,Dikshant,working,0.887,1,0
2026-06-25T21:24:59.001335,Webcam (laptop),behavior,1,Dikshant,working,0.913,1,0
2026-06-25T21:25:00.406097,Webcam (laptop),behavior,1,Dikshant,working,0.897,1,0
2026-06-25T21:25:01.487709,Webcam (laptop),behavior,1,Dikshant,working,0.913,1,0
2026-06-25T21:25:02.896730,Webcam (laptop),behavior,1,Dikshant,working,0.826,1,0
2026-06-25T21:25:04.036349,Webcam (laptop),behavior,1,Dikshant,working,0.908,1,0
2026-06-25T21:25:05.448175,Webcam (laptop),behavior,1,Dikshant,working,0.872,1,0
2026-06-25T21:25:06.551296,Webcam (laptop),behavior,1,Dikshant,working,0.9,1,0
2026-06-25T21:25:08.007861,Webcam (laptop),behavior,1,Dikshant,idle,0.883,1,0
2026-06-25T21:25:09.117972,Webcam (laptop),behavior,1,Dikshant,working,0.833,1,0
2026-06-25T21:25:09.498490,Camera 8,behavior,272,unknown,working,0.479,1,0
2026-06-25T21:25:10.555066,Webcam (laptop),behavior,1,Dikshant,working,0.887,1,0
2026-06-25T21:25:10.560142,Camera 8,behavior,275,unknown,working,0.54,1,0
2026-06-25T21:25:11.670647,Webcam (laptop),behavior,1,Dikshant,idle,0.895,1,0
2026-06-25T21:25:13.093036,Webcam (laptop),behavior,1,Dikshant,idle,0.878,1,0
2026-06-25T21:25:14.230960,Webcam (laptop),behavior,1,Dikshant,idle,0.883,1,0
2026-06-25T21:25:15.631752,Webcam (laptop),behavior,1,Dikshant,idle,0.882,1,0
2026-06-25T21:25:16.736670,Webcam (laptop),behavior,1,Dikshant,working,0.911,1,0
2026-06-25T21:25:18.163862,Webcam (laptop),behavior,1,Dikshant,working,0.923,1,0
2026-06-25T21:25:19.273483,Webcam (laptop),behavior,1,Dikshant,idle,0.917,1,0
2026-06-25T21:25:20.710117,Webcam (laptop),behavior,1,Dikshant,working,0.867,1,0
2026-06-25T21:25:21.827321,Webcam (laptop),behavior,1,Dikshant,working,0.854,1,0
2026-06-25T21:25:23.223392,Webcam (laptop),behavior,1,Dikshant,working,0.862,1,0
2026-06-25T21:25:23.711702,Camera 5,behavior,280,unknown,working,0.46,1,0
2026-06-25T21:25:24.333457,Webcam (laptop),behavior,1,Dikshant,working,0.906,1,0
2026-06-25T21:25:25.764953,Webcam (laptop),behavior,1,Dikshant,idle,0.888,1,0
2026-06-25T21:25:26.885491,Webcam (laptop),behavior,1,Dikshant,working,0.879,1,0
2026-06-25T21:25:28.293377,Webcam (laptop),behavior,1,Dikshant,idle,0.902,1,0
2026-06-25T21:25:29.371977,Webcam (laptop),behavior,1,Dikshant,idle,0.903,1,0
2026-06-25T21:25:30.786769,Webcam (laptop),behavior,1,Dikshant,idle,0.883,1,0
2026-06-25T21:25:31.898650,Webcam (laptop),behavior,1,Dikshant,idle,0.883,1,0
2026-06-25T21:25:33.368698,Webcam (laptop),behavior,1,Dikshant,working,0.906,1,0
2026-06-25T21:25:34.511521,Webcam (laptop),behavior,1,Dikshant,working,0.893,1,0
2026-06-25T21:25:36.000954,Webcam (laptop),behavior,1,Dikshant,working,0.921,1,0
2026-06-25T21:25:37.095698,Webcam (laptop),behavior,1,Dikshant,idle,0.909,1,0
2026-06-25T21:25:38.576728,Webcam (laptop),behavior,1,Dikshant,idle,0.898,1,0
2026-06-25T21:25:39.696602,Webcam (laptop),behavior,1,Dikshant,idle,0.899,1,0
2026-06-25T21:25:41.079921,Webcam (laptop),behavior,1,Dikshant,idle,0.892,1,0
2026-06-25T21:25:42.197901,Webcam (laptop),behavior,1,Dikshant,working,0.882,1,0
2026-06-25T21:25:43.142795,Camera 8,behavior,289,unknown,walking,0.688,1,0
2026-06-25T21:25:43.642468,Webcam (laptop),behavior,1,Dikshant,working,0.9,1,0
2026-06-25T21:25:44.228087,Camera 8,behavior,289,unknown,working,0.519,1,0
2026-06-25T21:25:44.749945,Webcam (laptop),behavior,1,Dikshant,working,0.899,1,0
2026-06-25T21:25:46.137141,Webcam (laptop),behavior,1,Dikshant,idle,0.911,1,0
2026-06-25T21:25:47.279802,Webcam (laptop),behavior,1,Dikshant,idle,0.903,1,0
2026-06-25T21:25:48.673222,Webcam (laptop),behavior,1,Dikshant,idle,0.902,1,0
2026-06-25T21:25:49.764282,Webcam (laptop),behavior,1,Dikshant,working,0.891,1,0
2026-06-25T21:25:51.201787,Webcam (laptop),behavior,1,Dikshant,working,0.89,1,0
2026-06-25T21:25:52.328856,Webcam (laptop),behavior,1,Dikshant,idle,0.864,1,0
2026-06-25T21:25:53.733805,Webcam (laptop),behavior,1,Dikshant,working,0.903,1,0
2026-06-25T21:25:54.834428,Webcam (laptop),behavior,1,Dikshant,working,0.858,1,0
2026-06-25T21:25:56.281272,Webcam (laptop),behavior,1,Dikshant,idle,0.853,1,0
2026-06-25T21:25:57.379485,Webcam (laptop),behavior,1,Dikshant,working,0.85,1,0
2026-06-25T21:25:58.809484,Webcam (laptop),behavior,1,Dikshant,working,0.822,1,0
2026-06-25T21:25:59.888025,Webcam (laptop),behavior,1,Dikshant,working,0.877,1,0
2026-06-25T21:26:01.304737,Webcam (laptop),behavior,1,Dikshant,working,0.894,1,0
2026-06-25T21:26:02.446987,Webcam (laptop),behavior,1,Dikshant,working,0.911,1,0
2026-06-25T21:26:03.829946,Webcam (laptop),behavior,1,Dikshant,working,0.901,1,0
2026-06-25T21:26:04.944663,Webcam (laptop),behavior,1,Dikshant,working,0.886,1,0
2026-06-25T21:26:06.360474,Webcam (laptop),behavior,1,Dikshant,working,0.904,1,0
2026-06-25T21:26:07.090601,Camera 8,behavior,315,unknown,working,0.771,1,0
2026-06-25T21:26:07.447141,Webcam (laptop),behavior,1,Dikshant,working,0.876,1,0
2026-06-25T21:26:08.174514,Camera 8,behavior,315,unknown,working,0.744,1,0
2026-06-25T21:26:08.878295,Webcam (laptop),behavior,1,Dikshant,working,0.892,1,0
2026-06-25T21:26:09.248178,Camera 8,behavior,315,unknown,walking,0.815,2,0
2026-06-25T21:26:09.248178,Camera 8,behavior,322,unknown,working,0.739,2,0
2026-06-25T21:26:09.370393,Camera 5,behavior,321,unknown,working,0.403,1,0
2026-06-25T21:26:10.003966,Webcam (laptop),behavior,1,Dikshant,working,0.906,1,0
2026-06-25T21:26:10.895737,Camera 8,behavior,315,unknown,walking,0.693,2,0
2026-06-25T21:26:10.895737,Camera 8,behavior,322,unknown,walking,0.367,2,0
2026-06-25T21:26:11.016979,Webcam (laptop),behavior,1,Dikshant,working,0.883,1,0
2026-06-25T21:26:11.914880,Camera 8,behavior,324,unknown,walking,0.839,1,0
2026-06-25T21:26:12.144294,Webcam (laptop),behavior,1,Dikshant,working,0.886,1,0
2026-06-25T21:26:13.247138,Webcam (laptop),behavior,1,Dikshant,working,0.908,1,0
2026-06-25T21:26:14.384425,Webcam (laptop),behavior,1,Dikshant,idle,0.91,1,0
2026-06-25T21:26:15.475303,Webcam (laptop),behavior,1,Dikshant,idle,0.898,1,0
2026-06-25T21:26:16.547255,Webcam (laptop),behavior,1,Dikshant,working,0.867,1,0
2026-06-25T21:26:17.628338,Webcam (laptop),behavior,1,Dikshant,working,0.906,1,0
2026-06-25T21:26:18.352046,Camera 6,behavior,348,unknown,working,0.496,1,0
2026-06-25T21:26:18.412061,Camera 5,behavior,349,unknown,working,0.671,1,0
2026-06-25T21:26:19.049010,Webcam (laptop),behavior,1,Dikshant,idle,0.905,1,0
2026-06-25T21:26:19.436321,Camera 5,behavior,349,unknown,working,0.642,1,0
2026-06-25T21:26:20.125318,Webcam (laptop),behavior,1,Dikshant,idle,0.933,1,0
2026-06-25T21:26:20.497216,Camera 5,behavior,349,unknown,working,0.673,1,0
2026-06-25T21:26:21.583002,Webcam (laptop),behavior,1,Dikshant,idle,0.937,1,0
2026-06-25T21:26:21.630028,Camera 8,behavior,352,unknown,working,0.497,1,0
2026-06-25T21:26:22.706908,Webcam (laptop),behavior,1,Dikshant,idle,0.914,1,0
2026-06-25T21:26:24.187646,Webcam (laptop),behavior,1,Dikshant,working,0.904,1,0
2026-06-25T21:26:25.304080,Webcam (laptop),behavior,1,Dikshant,working,0.913,1,0
2026-06-25T21:26:25.854134,Camera 5,behavior,362,unknown,working,0.376,2,0
2026-06-25T21:26:25.854134,Camera 5,behavior,349,unknown,working,0.376,2,0
2026-06-25T21:26:26.722663,Webcam (laptop),behavior,1,Dikshant,idle,0.917,1,0
2026-06-25T21:26:26.911846,Camera 5,behavior,364,unknown,working,0.394,1,0
2026-06-25T21:26:26.917508,Camera 8,behavior,365,unknown,working,0.612,1,0
2026-06-25T21:26:27.732338,Webcam (laptop),behavior,1,Dikshant,working,0.913,1,0
2026-06-25T21:26:27.997063,Camera 5,behavior,367,unknown,working,0.557,1,0
2026-06-25T21:26:28.045647,Camera 8,behavior,365,unknown,working,0.733,1,0
2026-06-25T21:26:28.790808,Webcam (laptop),behavior,1,Dikshant,idle,0.906,1,0
2026-06-25T21:26:29.804151,Webcam (laptop),behavior,1,Dikshant,idle,0.921,1,0
2026-06-25T21:26:30.106477,Camera 5,behavior,369,unknown,working,0.434,1,0
2026-06-25T21:26:30.882987,Webcam (laptop),behavior,1,Dikshant,idle,0.913,1,0
2026-06-25T21:26:31.902376,Webcam (laptop),behavior,1,Dikshant,working,0.92,1,0
2026-06-25T21:26:32.933001,Webcam (laptop),behavior,1,Dikshant,idle,0.911,1,0
2026-06-25T21:26:34.341803,Webcam (laptop),behavior,1,Dikshant,idle,0.917,1,0
2026-06-25T21:26:35.467737,Webcam (laptop),behavior,1,Dikshant,idle,0.917,1,0
2026-06-25T21:26:36.952847,Webcam (laptop),behavior,1,Dikshant,idle,0.916,1,0
2026-06-25T21:26:38.075314,Webcam (laptop),behavior,1,Dikshant,idle,0.903,1,0
2026-06-25T21:26:39.434818,Webcam (laptop),behavior,1,Dikshant,idle,0.92,1,0
2026-06-25T21:26:40.531073,Webcam (laptop),behavior,1,Dikshant,idle,0.933,1,0
2026-06-25T21:26:41.976797,Camera 5,behavior,386,unknown,walking,0.592,1,0
2026-06-25T21:26:42.093043,Webcam (laptop),behavior,1,Dikshant,idle,0.926,1,0
2026-06-25T21:26:43.030440,Camera 5,behavior,386,unknown,working,0.318,1,0
2026-06-25T21:26:43.210696,Webcam (laptop),behavior,1,Dikshant,working,0.863,1,0
2026-06-25T21:26:44.545964,Webcam (laptop),behavior,1,Dikshant,idle,0.886,1,0
2026-06-25T21:26:45.420814,Camera 5,behavior,386,unknown,working,0.558,1,0
2026-06-25T21:26:45.565905,Webcam (laptop),behavior,1,Dikshant,working,0.877,1,0
2026-06-25T21:26:46.492067,Camera 5,behavior,392,unknown,working,0.669,1,0
2026-06-25T21:26:46.626613,Webcam (laptop),behavior,1,Dikshant,working,0.89,1,0
2026-06-25T21:26:47.671507,Webcam (laptop),behavior,1,Dikshant,working,0.913,1,0
2026-06-25T21:26:48.739491,Webcam (laptop),behavior,1,Dikshant,working,0.904,1,0
2026-06-25T21:26:49.766901,Webcam (laptop),behavior,1,Dikshant,working,0.884,1,0
2026-06-25T21:26:50.830046,Webcam (laptop),behavior,1,Dikshant,working,0.875,1,0
2026-06-25T21:26:52.146284,Webcam (laptop),behavior,1,Dikshant,working,0.921,1,0
2026-06-25T21:26:53.230443,Webcam (laptop),behavior,1,Dikshant,working,0.9,1,0
2026-06-25T21:26:54.607138,Webcam (laptop),behavior,1,Dikshant,working,0.861,1,0
2026-06-25T21:26:55.749906,Webcam (laptop),behavior,1,Dikshant,working,0.868,1,0
2026-06-25T21:26:57.186290,Webcam (laptop),behavior,1,Dikshant,working,0.866,1,0
2026-06-25T21:26:58.326419,Webcam (laptop),behavior,1,Dikshant,working,0.877,1,0
2026-06-25T21:26:59.592391,Webcam (laptop),behavior,1,Dikshant,working,0.871,1,0
2026-06-25T21:27:00.680263,Webcam (laptop),behavior,1,Dikshant,working,0.878,1,0
2026-06-25T21:27:02.093913,Webcam (laptop),behavior,1,Dikshant,working,0.854,1,0
2026-06-25T21:27:03.141992,Camera 6,behavior,400,unknown,walking,0.339,1,0
2026-06-25T21:27:03.180628,Webcam (laptop),behavior,1,Dikshant,working,0.883,1,0
2026-06-25T21:27:04.581695,Webcam (laptop),behavior,1,Dikshant,working,0.889,1,0
2026-06-25T21:27:05.683196,Webcam (laptop),behavior,1,Dikshant,working,0.842,1,0
2026-06-25T21:27:07.118750,Webcam (laptop),behavior,1,Dikshant,working,0.892,1,0
2026-06-25T21:27:08.248989,Webcam (laptop),behavior,1,Dikshant,working,0.859,1,0
2026-06-25T21:27:08.945760,Camera 8,behavior,408,unknown,working,0.545,1,0
2026-06-25T21:27:09.668806,Webcam (laptop),behavior,1,Dikshant,working,0.914,1,0
2026-06-25T21:27:10.775329,Webcam (laptop),behavior,1,Dikshant,working,0.893,1,0
2026-06-25T21:27:12.166001,Webcam (laptop),behavior,1,Dikshant,working,0.888,1,0
2026-06-25T21:27:13.302506,Webcam (laptop),behavior,1,Dikshant,idle,0.881,1,0
2026-06-25T21:27:14.310438,Webcam (laptop),behavior,1,Dikshant,idle,0.893,1,0
2026-06-25T21:27:14.320227,Camera 8,behavior,419,unknown,working,0.394,1,0
2026-06-25T21:27:15.402344,Webcam (laptop),behavior,1,Dikshant,idle,0.885,1,0
2026-06-25T21:27:16.441941,Webcam (laptop),behavior,1,Dikshant,idle,0.908,1,0
2026-06-25T21:27:17.636703,Webcam (laptop),behavior,1,Dikshant,working,0.877,1,0
2026-06-25T21:27:18.671469,Webcam (laptop),behavior,1,Dikshant,idle,0.889,1,0
2026-06-25T21:27:19.855880,Webcam (laptop),behavior,1,Dikshant,idle,0.877,1,0
2026-06-25T21:27:20.940322,Webcam (laptop),behavior,1,Dikshant,idle,0.909,1,0
2026-06-25T21:27:22.358710,Webcam (laptop),behavior,1,Dikshant,working,0.934,1,0
2026-06-25T21:27:23.470692,Webcam (laptop),behavior,1,Dikshant,idle,0.925,1,0
2026-06-25T21:27:24.916322,Webcam (laptop),behavior,1,Dikshant,idle,0.875,1,0
2026-06-25T21:27:26.013702,Webcam (laptop),behavior,1,Dikshant,working,0.923,1,0
2026-06-25T21:27:27.195176,Webcam (laptop),behavior,1,Dikshant,working,0.778,1,0
2026-06-25T21:27:28.285991,Webcam (laptop),behavior,1,Dikshant,working,0.891,1,0
2026-06-25T21:27:29.327543,Webcam (laptop),behavior,1,Dikshant,working,0.891,1,0
2026-06-25T21:27:30.519840,Webcam (laptop),behavior,1,Dikshant,working,0.931,1,0
2026-06-25T21:27:31.540122,Webcam (laptop),behavior,1,Dikshant,working,0.937,1,0
2026-06-25T21:27:32.656161,Webcam (laptop),behavior,1,Dikshant,working,0.912,1,0
2026-06-25T21:27:33.778541,Webcam (laptop),behavior,1,Dikshant,working,0.921,1,0
2026-06-25T21:27:34.802997,Webcam (laptop),behavior,1,Dikshant,working,0.911,1,0
2026-06-25T21:27:35.912847,Webcam (laptop),behavior,1,Dikshant,idle,0.922,1,0
2026-06-25T21:27:37.316153,Webcam (laptop),behavior,1,Dikshant,working,0.91,1,0
2026-06-25T21:27:38.480587,Webcam (laptop),behavior,1,Dikshant,working,0.915,1,0
2026-06-25T21:27:39.957524,Webcam (laptop),behavior,1,Dikshant,idle,0.892,1,0
2026-06-25T21:27:41.014318,Webcam (laptop),behavior,1,Dikshant,working,0.874,1,0
2026-06-25T21:27:42.155477,Webcam (laptop),behavior,1,Dikshant,working,0.886,1,0
2026-06-25T21:27:43.298503,Webcam (laptop),behavior,1,Dikshant,working,0.918,1,0
2026-06-25T21:27:44.420447,Webcam (laptop),behavior,1,Dikshant,working,0.911,1,0
2026-06-25T21:27:45.535036,Webcam (laptop),behavior,1,Dikshant,idle,0.902,1,0
2026-06-25T21:27:45.761388,Camera 6,behavior,436,unknown,working,0.323,1,0
2026-06-25T21:27:46.622385,Webcam (laptop),behavior,1,Dikshant,idle,0.902,1,0
2026-06-25T21:27:46.797894,Camera 6,behavior,436,unknown,working,0.624,1,0
2026-06-25T21:27:47.730012,Webcam (laptop),behavior,1,Dikshant,idle,0.904,1,0
2026-06-25T21:27:48.830431,Webcam (laptop),behavior,1,Dikshant,idle,0.901,1,0
2026-06-25T21:27:50.296689,Webcam (laptop),behavior,1,Dikshant,idle,0.894,1,0
2026-06-25T21:27:51.509953,Webcam (laptop),behavior,1,Dikshant,idle,0.897,1,0
2026-06-25T21:27:52.614773,Camera 8,behavior,440,unknown,working,0.496,1,0
2026-06-25T21:27:52.855615,Webcam (laptop),behavior,1,Dikshant,idle,0.911,1,0
2026-06-25T21:27:53.999090,Webcam (laptop),behavior,1,Dikshant,idle,0.902,1,0
2026-06-25T21:27:55.323878,Webcam (laptop),behavior,1,Dikshant,idle,0.908,1,0
2026-06-25T21:27:55.838507,Camera 7,behavior,442,unknown,working,0.405,1,0
2026-06-25T21:27:56.329505,Webcam (laptop),behavior,1,Dikshant,idle,0.899,1,0
2026-06-25T21:27:56.923091,Camera 7,behavior,442,unknown,working,0.409,1,0
2026-06-25T21:27:57.920679,Webcam (laptop),behavior,1,Dikshant,idle,0.914,1,0
2026-06-25T21:27:58.006193,Camera 7,behavior,442,unknown,working,0.58,1,0
2026-06-25T21:27:58.954048,Webcam (laptop),behavior,1,Dikshant,idle,0.877,1,0
2026-06-25T21:27:59.087115,Camera 7,behavior,442,unknown,working,0.368,1,0
2026-06-25T21:28:00.359882,Webcam (laptop),behavior,1,Dikshant,working,0.884,1,0
2026-06-25T21:28:01.447939,Webcam (laptop),behavior,1,Dikshant,working,0.89,1,0
2026-06-25T21:28:02.226499,Camera 7,behavior,448,unknown,working,0.586,1,0
2026-06-25T21:28:02.858827,Webcam (laptop),behavior,1,Dikshant,idle,0.877,1,0
2026-06-25T21:28:04.048467,Webcam (laptop),behavior,1,Dikshant,idle,0.888,1,0
2026-06-25T21:28:05.438338,Webcam (laptop),behavior,1,Dikshant,working,0.877,1,0
2026-06-25T21:28:05.460916,Camera 6,behavior,458,unknown,working,0.716,1,0
2026-06-25T21:28:06.389324,Camera 8,behavior,459,unknown,walking,0.554,1,0
2026-06-25T21:28:06.530465,Camera 6,behavior,467,unknown,working,0.644,1,0
2026-06-25T21:28:06.582205,Webcam (laptop),behavior,1,Dikshant,working,0.93,1,0
2026-06-25T21:28:06.589279,Camera 5,behavior,468,unknown,working,0.64,1,0
2026-06-25T21:28:08.032634,Webcam (laptop),behavior,1,Dikshant,working,0.94,1,0
2026-06-25T21:28:08.701360,Camera 5,behavior,468,unknown,walking,0.775,1,0
2026-06-25T21:28:09.136646,Webcam (laptop),behavior,1,Dikshant,idle,0.934,1,0
2026-06-25T21:28:09.718834,Camera 8,behavior,472,unknown,working,0.605,1,0
2026-06-25T21:28:10.615296,Webcam (laptop),behavior,1,Dikshant,idle,0.924,1,0
2026-06-25T21:28:10.948072,Camera 6,behavior,471,unknown,working,0.747,1,0
2026-06-25T21:28:11.732573,Webcam (laptop),behavior,1,Dikshant,idle,0.927,1,0
2026-06-25T21:28:11.972415,Camera 6,behavior,471,unknown,working,0.653,1,0
2026-06-25T21:28:13.060712,Camera 6,behavior,471,unknown,working,0.585,1,0
2026-06-25T21:28:13.215745,Webcam (laptop),behavior,1,Dikshant,idle,0.923,1,0
2026-06-25T21:28:14.320222,Webcam (laptop),behavior,1,Dikshant,idle,0.929,1,0
2026-06-25T21:28:15.188130,Camera 6,behavior,476,unknown,working,0.422,1,0
2026-06-25T21:28:15.657680,Webcam (laptop),behavior,1,Dikshant,idle,0.926,1,0
2026-06-25T21:28:16.778054,Webcam (laptop),behavior,1,Dikshant,idle,0.918,1,0
2026-06-25T21:28:18.171231,Webcam (laptop),behavior,1,Dikshant,idle,0.933,1,0
2026-06-25T21:28:18.364504,Camera 8,behavior,483,unknown,working,0.434,1,0
2026-06-25T21:28:19.275621,Webcam (laptop),behavior,1,Dikshant,idle,0.942,1,0
2026-06-25T21:28:19.435022,Camera 8,behavior,483,unknown,idle,0.388,1,0
2026-06-25T21:28:20.748711,Webcam (laptop),behavior,1,Dikshant,working,0.912,1,0
2026-06-25T21:28:20.824585,Camera 8,behavior,491,unknown,working,0.607,1,0
2026-06-25T21:28:21.869967,Webcam (laptop),behavior,1,Dikshant,working,0.908,1,0
2026-06-25T21:28:23.288474,Webcam (laptop),behavior,1,Dikshant,working,0.921,1,0
2026-06-25T21:28:23.712975,Camera 5,behavior,500,unknown,working,0.574,1,0
2026-06-25T21:28:24.406183,Webcam (laptop),behavior,1,Dikshant,working,0.89,1,0
2026-06-25T21:28:24.887861,Camera 5,behavior,500,unknown,working,0.316,1,0
2026-06-25T21:28:25.843778,Camera 7,behavior,503,unknown,working,0.652,1,0
2026-06-25T21:28:25.868525,Webcam (laptop),behavior,1,Dikshant,working,0.927,1,0
2026-06-25T21:28:25.923495,Camera 5,behavior,500,unknown,working,0.562,1,0
2026-06-25T21:28:26.961848,Webcam (laptop),behavior,1,Dikshant,working,0.867,1,0
2026-06-25T21:28:27.272762,Camera 8,behavior,506,unknown,working,0.402,1,0
2026-06-25T21:28:28.163820,Webcam (laptop),behavior,1,Dikshant,working,0.602,1,0
2026-06-25T21:28:29.279971,Webcam (laptop),behavior,508,unknown,working,0.476,1,0
2026-06-25T21:28:29.400107,Camera 8,behavior,506,unknown,working,0.61,1,0
2026-06-25T21:28:30.400248,Camera 7,behavior,503,unknown,working,0.58,1,0
2026-06-25T21:28:31.594429,Camera 7,behavior,503,unknown,working,0.477,1,0
2026-06-25T21:28:31.608960,Camera 8,behavior,506,unknown,walking,0.593,1,0
2026-06-25T21:28:32.628193,Camera 8,behavior,506,unknown,walking,0.703,1,0
2026-06-25T21:28:33.567522,Camera 5,behavior,511,unknown,working,0.45,1,0
2026-06-25T21:28:55.194422,Camera 7,behavior,518,unknown,working,0.364,1,0
2026-06-25T21:28:59.578843,Camera 7,behavior,520,unknown,working,0.398,1,0
2026-06-25T21:29:00.901964,Camera 7,behavior,520,unknown,working,0.527,1,0
2026-06-25T21:29:03.133602,Camera 7,behavior,520,unknown,working,0.573,1,0
2026-06-25T21:29:04.197672,Camera 7,behavior,525,unknown,working,0.606,1,0
2026-06-25T21:29:09.159422,Camera 6,behavior,530,unknown,working,0.482,1,0
2026-06-25T21:29:13.503742,Camera 6,behavior,537,unknown,working,0.669,1,0
2026-06-25T21:29:14.588459,Camera 6,behavior,537,unknown,working,0.706,1,0
2026-06-25T21:29:15.678543,Camera 6,behavior,537,unknown,working,0.498,1,0
2026-06-25T21:29:16.838108,Camera 6,behavior,537,unknown,working,0.492,1,0
2026-06-25T21:29:17.893949,Camera 6,behavior,537,unknown,working,0.7,1,0
2026-06-25T21:29:31.798453,Camera 7,behavior,551,unknown,working,0.454,1,0
2026-06-25T21:29:33.366206,Camera 7,behavior,551,unknown,working,0.586,1,0
2026-06-25T21:29:34.496248,Camera 7,behavior,551,unknown,working,0.313,1,0
2026-06-25T21:29:35.911379,Camera 5,behavior,553,unknown,working,0.301,1,0
2026-06-25T21:29:37.094445,Camera 5,behavior,553,unknown,idle,0.36,1,0
2026-06-25T21:29:57.967741,Camera 7,behavior,558,unknown,idle,0.394,1,0
2026-06-25T21:30:00.109458,Camera 5,behavior,569,unknown,working,0.461,1,0
2026-06-25T21:30:02.154953,Camera 7,behavior,577,unknown,working,0.522,1,0
2026-06-25T21:30:02.240454,Camera 5,behavior,579,unknown,working,0.535,1,0
2026-06-25T21:30:03.183785,Camera 7,behavior,577,unknown,working,0.3,1,0
2026-06-25T21:30:04.319829,Camera 7,behavior,577,unknown,working,0.516,1,0
2026-06-25T21:30:05.598193,Camera 5,behavior,596,unknown,walking,0.589,1,0
2026-06-25T21:30:06.626209,Camera 5,behavior,583,unknown,working,0.626,1,0
2026-06-25T21:30:07.475803,Camera 7,behavior,577,unknown,working,0.637,1,0
2026-06-25T21:30:09.111343,Webcam (laptop),behavior,599,unknown,working,0.92,1,0
2026-06-25T21:30:10.183926,Camera 6,behavior,600,unknown,working,0.396,1,0
2026-06-25T21:30:13.289982,Webcam (laptop),behavior,604,unknown,working,0.906,1,0
2026-06-25T21:30:14.310545,Webcam (laptop),behavior,604,unknown,walking,0.933,1,0
2026-06-25T21:30:15.411925,Webcam (laptop),behavior,604,unknown,working,0.92,1,0
2026-06-25T21:30:16.458737,Webcam (laptop),behavior,604,unknown,working,0.878,1,0
2026-06-25T21:30:17.537954,Webcam (laptop),behavior,604,dikshant,idle,0.91,1,0
2026-06-25T21:30:18.636483,Webcam (laptop),behavior,604,dikshant,idle,0.916,1,0
2026-06-25T21:30:20.089899,Webcam (laptop),behavior,604,dikshant,idle,0.902,1,0
2026-06-25T21:30:21.253378,Webcam (laptop),behavior,604,dikshant,idle,0.897,1,0
2026-06-25T21:30:22.701615,Webcam (laptop),behavior,604,dikshant,working,0.922,1,0
2026-06-25T21:30:23.750757,Webcam (laptop),behavior,604,dikshant,working,0.911,1,0
2026-06-25T21:30:24.820643,Webcam (laptop),behavior,604,dikshant,working,0.916,1,0
2026-06-25T21:30:25.993267,Webcam (laptop),behavior,604,Dikshant,working,0.883,1,0
2026-06-25T21:30:26.119713,Camera 5,behavior,618,unknown,working,0.368,1,0
2026-06-25T21:30:27.061547,Webcam (laptop),behavior,604,Dikshant,working,0.912,1,0
2026-06-25T21:30:28.314746,Webcam (laptop),behavior,604,Dikshant,working,0.858,1,0
2026-06-25T21:30:29.318805,Webcam (laptop),behavior,604,Dikshant,working,0.889,1,0
2026-06-25T21:30:30.341722,Webcam (laptop),behavior,604,Dikshant,working,0.906,1,0
2026-06-25T21:30:31.366500,Webcam (laptop),behavior,604,Dikshant,working,0.904,1,0
2026-06-25T21:30:31.766079,Camera 5,behavior,621,unknown,working,0.616,1,0
2026-06-25T21:30:32.445992,Webcam (laptop),behavior,604,Dikshant,working,0.891,1,0
2026-06-25T21:30:33.489845,Webcam (laptop),behavior,604,Dikshant,working,0.907,1,0
2026-06-25T21:30:33.952071,Camera 5,behavior,621,unknown,working,0.609,1,0
2026-06-25T21:30:34.730033,Webcam (laptop),behavior,604,Dikshant,idle,0.907,1,0
2026-06-25T21:30:36.116717,Webcam (laptop),behavior,604,Dikshant,working,0.896,1,0
2026-06-25T21:30:36.895990,Camera 5,behavior,625,unknown,working,0.537,2,0
2026-06-25T21:30:36.895990,Camera 5,behavior,626,unknown,working,0.555,2,0
2026-06-25T21:30:37.224647,Webcam (laptop),behavior,604,Dikshant,working,0.888,1,0
2026-06-25T21:30:38.021886,Camera 5,behavior,625,unknown,working,0.667,1,0
2026-06-25T21:30:38.394528,Webcam (laptop),behavior,604,Dikshant,idle,0.917,1,0
2026-06-25T21:30:39.232898,Camera 5,behavior,627,unknown,working,0.551,3,0
2026-06-25T21:30:39.232898,Camera 5,behavior,629,unknown,working,0.587,3,0
2026-06-25T21:30:39.232898,Camera 5,behavior,630,unknown,working,0.535,3,0
2026-06-25T21:30:39.475732,Webcam (laptop),behavior,604,Dikshant,working,0.877,1,0
2026-06-25T21:30:40.559448,Webcam (laptop),behavior,604,Dikshant,working,0.916,1,0
2026-06-25T21:30:41.740003,Webcam (laptop),behavior,604,Dikshant,working,0.933,1,0
2026-06-25T21:30:41.870361,Camera 5,behavior,634,unknown,working,0.563,1,0
2026-06-25T21:30:42.831750,Webcam (laptop),behavior,604,Dikshant,working,0.907,1,0
2026-06-25T21:30:43.008463,Camera 6,behavior,642,unknown,working,0.539,1,0
2026-06-25T21:30:43.926597,Webcam (laptop),behavior,604,Dikshant,working,0.921,1,0
2026-06-25T21:30:45.000580,Webcam (laptop),behavior,604,Dikshant,idle,0.941,1,0
2026-06-25T21:30:46.044497,Webcam (laptop),behavior,604,Dikshant,idle,0.924,1,0
2026-06-25T21:30:47.022549,Camera 6,behavior,642,unknown,walking,0.712,1,0
2026-06-25T21:30:47.149629,Webcam (laptop),behavior,604,Dikshant,idle,0.93,1,0
2026-06-25T21:30:48.147909,Camera 6,behavior,642,unknown,walking,0.723,1,0
2026-06-25T21:30:48.182075,Webcam (laptop),behavior,604,Dikshant,working,0.887,1,0
2026-06-25T21:30:49.226884,Webcam (laptop),behavior,604,Dikshant,working,0.923,1,0
2026-06-25T21:30:49.278499,Camera 6,behavior,642,unknown,walking,0.702,1,0
2026-06-25T21:30:50.399797,Camera 6,behavior,642,unknown,working,0.709,1,0
2026-06-25T21:30:50.399797,Webcam (laptop),behavior,604,Dikshant,working,0.91,1,0
2026-06-25T21:30:51.403790,Webcam (laptop),behavior,604,Dikshant,working,0.877,1,0
2026-06-25T21:30:52.460464,Webcam (laptop),behavior,604,Dikshant,working,0.915,1,0
2026-06-25T21:30:53.483319,Webcam (laptop),behavior,604,Dikshant,idle,0.885,1,0
2026-06-25T21:30:53.865827,Camera 8,behavior,690,unknown,working,0.632,1,0
2026-06-25T21:30:54.508434,Webcam (laptop),behavior,604,Dikshant,idle,0.897,1,0
2026-06-25T21:30:55.525285,Webcam (laptop),behavior,604,Dikshant,idle,0.906,1,0
2026-06-25T21:30:56.595536,Webcam (laptop),behavior,604,Dikshant,working,0.926,1,0
2026-06-25T21:30:57.607268,Webcam (laptop),behavior,604,Dikshant,working,0.902,1,0
2026-06-25T21:30:58.997776,Webcam (laptop),behavior,604,Dikshant,idle,0.913,1,0
2026-06-25T21:31:00.100115,Webcam (laptop),behavior,604,Dikshant,idle,0.919,1,0
2026-06-25T21:31:01.452932,Webcam (laptop),behavior,604,Dikshant,idle,0.896,1,0
2026-06-25T21:31:02.462507,Webcam (laptop),behavior,604,Dikshant,idle,0.917,1,0
2026-06-25T21:31:03.484605,Webcam (laptop),behavior,604,Dikshant,working,0.845,1,0
2026-06-25T21:31:04.545727,Webcam (laptop),behavior,604,Dikshant,idle,0.818,1,0
2026-06-25T21:31:05.589583,Webcam (laptop),behavior,604,Dikshant,idle,0.869,1,0
2026-06-25T21:31:06.721724,Webcam (laptop),behavior,604,Dikshant,working,0.781,1,0
2026-06-25T21:31:07.815088,Webcam (laptop),behavior,604,Dikshant,working,0.882,1,0
2026-06-25T21:31:09.109082,Webcam (laptop),behavior,604,Dikshant,idle,0.883,1,0
2026-06-25T21:31:10.192413,Webcam (laptop),behavior,604,Dikshant,working,0.912,1,0
2026-06-25T21:31:11.716903,Webcam (laptop),behavior,604,Dikshant,working,0.796,1,0
2026-06-25T21:31:12.687403,Camera 7,behavior,708,unknown,working,0.332,1,0
2026-06-25T21:31:12.871502,Webcam (laptop),behavior,604,Dikshant,working,0.879,1,0
2026-06-25T21:31:14.237758,Webcam (laptop),behavior,604,Dikshant,idle,0.91,1,0
2026-06-25T21:31:15.327245,Webcam (laptop),behavior,604,Dikshant,idle,0.857,1,0
2026-06-25T21:31:16.718344,Webcam (laptop),behavior,604,Dikshant,idle,0.847,1,0
2026-06-25T21:31:17.790750,Webcam (laptop),behavior,604,Dikshant,working,0.86,1,0
2026-06-25T21:31:19.195045,Webcam (laptop),behavior,604,Dikshant,working,0.871,1,0
2026-06-25T21:31:20.316692,Webcam (laptop),behavior,604,Dikshant,working,0.836,1,0
2026-06-25T21:31:21.822219,Webcam (laptop),behavior,604,Dikshant,working,0.857,1,0
2026-06-25T21:31:22.843813,Webcam (laptop),behavior,604,Dikshant,working,0.858,1,0
2026-06-25T21:31:24.493931,Webcam (laptop),behavior,604,Dikshant,working,0.844,1,0
2026-06-25T21:31:25.368065,Camera 6,behavior,728,unknown,working,0.309,1,0
2026-06-25T21:31:25.617318,Webcam (laptop),behavior,604,Dikshant,working,0.897,1,0
2026-06-25T21:31:26.443335,Camera 6,behavior,728,unknown,working,0.437,1,0
2026-06-25T21:31:26.967735,Webcam (laptop),behavior,604,Dikshant,working,0.869,1,0
2026-06-25T21:31:27.552575,Camera 6,behavior,728,unknown,working,0.706,1,0
2026-06-25T21:31:28.054331,Webcam (laptop),behavior,604,Dikshant,idle,0.87,1,0
2026-06-25T21:31:28.771671,Camera 6,behavior,728,unknown,working,0.617,1,0
2026-06-25T21:31:29.070051,Webcam (laptop),behavior,604,Dikshant,idle,0.858,1,0
2026-06-25T21:31:29.882746,Camera 6,behavior,728,unknown,working,0.742,1,0
2026-06-25T21:31:30.183801,Webcam (laptop),behavior,604,Dikshant,idle,0.832,1,0
2026-06-25T21:31:30.970406,Camera 6,behavior,728,unknown,working,0.322,1,0
2026-06-25T21:31:31.284570,Webcam (laptop),behavior,604,Dikshant,idle,0.857,1,0
2026-06-25T21:31:32.299033,Webcam (laptop),behavior,604,Dikshant,idle,0.845,1,0
2026-06-25T21:31:33.376728,Webcam (laptop),behavior,604,Dikshant,idle,0.857,1,0
2026-06-25T21:31:34.285781,Camera 8,behavior,731,unknown,working,0.573,1,0
2026-06-25T21:31:34.658645,Webcam (laptop),behavior,604,Dikshant,idle,0.873,1,0
2026-06-25T21:31:35.397188,Camera 8,behavior,731,unknown,working,0.576,1,0
2026-06-25T21:31:35.779975,Webcam (laptop),behavior,604,Dikshant,idle,0.852,1,0
2026-06-25T21:31:37.169883,Webcam (laptop),behavior,604,Dikshant,idle,0.883,1,0
2026-06-25T21:31:38.187457,Webcam (laptop),behavior,604,Dikshant,idle,0.833,1,0
2026-06-25T21:31:39.198920,Webcam (laptop),behavior,604,Dikshant,working,0.865,1,0
2026-06-25T21:31:40.259525,Webcam (laptop),behavior,604,Dikshant,working,0.863,1,0
2026-06-25T21:31:41.335555,Webcam (laptop),behavior,604,Dikshant,working,0.821,1,0
2026-06-25T21:31:42.345662,Webcam (laptop),behavior,604,Dikshant,idle,0.904,1,0
2026-06-25T21:31:43.447683,Webcam (laptop),behavior,604,Dikshant,idle,0.895,1,0
2026-06-25T21:31:44.893053,Webcam (laptop),behavior,604,Dikshant,idle,0.888,1,0
2026-06-25T21:31:46.002834,Webcam (laptop),behavior,604,Dikshant,idle,0.901,1,0
2026-06-25T21:31:47.504192,Webcam (laptop),behavior,604,Dikshant,idle,0.874,1,0
2026-06-25T21:31:48.604226,Webcam (laptop),behavior,604,Dikshant,idle,0.893,1,0
2026-06-25T21:31:49.499084,Camera 7,behavior,742,unknown,working,0.53,1,0
2026-06-25T21:31:50.022112,Webcam (laptop),behavior,604,Dikshant,idle,0.894,1,0
2026-06-25T21:31:51.115436,Webcam (laptop),behavior,604,Dikshant,idle,0.899,1,0
2026-06-25T21:31:52.560981,Webcam (laptop),behavior,604,Dikshant,idle,0.904,1,0
2026-06-25T21:31:53.673770,Webcam (laptop),behavior,604,Dikshant,idle,0.919,1,0
2026-06-25T21:31:55.080517,Webcam (laptop),behavior,604,Dikshant,idle,0.922,1,0
2026-06-25T21:31:56.163360,Webcam (laptop),behavior,604,Dikshant,idle,0.915,1,0
2026-06-25T21:31:57.660778,Webcam (laptop),behavior,604,Dikshant,idle,0.923,1,0
2026-06-25T21:31:58.764771,Webcam (laptop),behavior,604,Dikshant,idle,0.91,1,0
2026-06-25T21:32:00.232263,Webcam (laptop),behavior,604,Dikshant,idle,0.91,1,0
2026-06-25T21:32:01.369385,Webcam (laptop),behavior,604,Dikshant,idle,0.918,1,0
2026-06-25T21:32:02.799098,Webcam (laptop),behavior,604,Dikshant,idle,0.921,1,0
2026-06-25T21:32:03.817551,Webcam (laptop),behavior,604,Dikshant,idle,0.92,1,0
2026-06-25T21:32:05.463980,Webcam (laptop),behavior,604,Dikshant,idle,0.919,1,0
2026-06-25T21:32:06.555518,Webcam (laptop),behavior,604,Dikshant,idle,0.903,1,0
2026-06-25T21:32:08.023173,Webcam (laptop),behavior,604,Dikshant,idle,0.88,1,0
2026-06-25T21:32:08.518593,Camera 7,behavior,752,unknown,working,0.405,1,0
2026-06-25T21:32:09.134188,Webcam (laptop),behavior,604,Dikshant,idle,0.885,1,0
2026-06-25T21:32:09.625739,Camera 7,behavior,752,unknown,working,0.313,1,0
2026-06-25T21:32:10.587512,Webcam (laptop),behavior,604,Dikshant,idle,0.873,1,0
2026-06-25T21:32:10.642583,Camera 7,behavior,752,unknown,working,0.51,1,0
2026-06-25T21:32:11.684927,Webcam (laptop),behavior,604,Dikshant,working,0.888,1,0
2026-06-25T21:32:13.151105,Webcam (laptop),behavior,604,Dikshant,working,0.847,1,0
2026-06-25T21:32:14.245349,Webcam (laptop),behavior,604,Dikshant,working,0.898,1,0
2026-06-25T21:32:15.693062,Webcam (laptop),behavior,604,Dikshant,idle,0.894,1,0
2026-06-25T21:32:16.780562,Webcam (laptop),behavior,604,Dikshant,idle,0.896,1,0
2026-06-25T21:32:18.283696,Webcam (laptop),behavior,604,Dikshant,working,0.922,1,0
2026-06-25T21:32:19.366851,Webcam (laptop),behavior,604,Dikshant,working,0.945,1,0
2026-06-25T21:32:20.853309,Webcam (laptop),behavior,604,Dikshant,working,0.901,1,0
2026-06-25T21:32:21.348624,Camera 6,behavior,759,unknown,working,0.768,1,0
2026-06-25T21:32:21.937301,Webcam (laptop),behavior,604,Dikshant,working,0.919,1,0
2026-06-25T21:32:22.906942,Camera 6,behavior,759,unknown,working,0.727,1,0
2026-06-25T21:32:23.375758,Webcam (laptop),behavior,604,Dikshant,idle,0.909,1,0
2026-06-25T21:32:24.400935,Camera 6,behavior,759,unknown,working,0.471,1,0
2026-06-25T21:32:24.412905,Webcam (laptop),behavior,604,Dikshant,idle,0.906,1,0
2026-06-25T21:32:25.435465,Camera 6,behavior,759,unknown,working,0.588,1,0
2026-06-25T21:32:25.843586,Webcam (laptop),behavior,604,Dikshant,idle,0.913,1,0
2026-06-25T21:32:26.937400,Webcam (laptop),behavior,604,Dikshant,idle,0.925,1,0
2026-06-25T21:32:27.740640,Camera 6,behavior,763,unknown,working,0.586,1,0
2026-06-25T21:32:28.423674,Webcam (laptop),behavior,604,Dikshant,idle,0.922,1,0
2026-06-25T21:32:29.297786,Camera 6,behavior,763,unknown,working,0.653,1,0
2026-06-25T21:32:29.519927,Webcam (laptop),behavior,604,Dikshant,idle,0.921,1,0
2026-06-25T21:32:31.088283,Webcam (laptop),behavior,604,Dikshant,idle,0.903,1,0
2026-06-25T21:32:32.187934,Webcam (laptop),behavior,604,Dikshant,idle,0.897,1,0
2026-06-25T21:32:33.819431,Webcam (laptop),behavior,604,Dikshant,idle,0.904,1,0
2026-06-25T21:32:34.901004,Webcam (laptop),behavior,604,Dikshant,idle,0.891,1,0
2026-06-25T21:32:35.447076,Camera 8,behavior,766,unknown,working,0.5,1,0
2026-06-25T21:32:36.414430,Webcam (laptop),behavior,604,Dikshant,idle,0.885,1,0
2026-06-25T21:32:36.636376,Camera 5,behavior,774,unknown,working,0.723,1,0
2026-06-25T21:32:37.509703,Camera 7,behavior,775,unknown,idle,0.318,1,0
2026-06-25T21:32:37.553411,Webcam (laptop),behavior,604,Dikshant,idle,0.902,1,0
2026-06-25T21:32:39.027104,Webcam (laptop),behavior,604,Dikshant,idle,0.821,1,0
2026-06-25T21:32:40.109370,Webcam (laptop),behavior,604,Dikshant,idle,0.846,1,0
2026-06-25T21:32:41.720296,Webcam (laptop),behavior,604,Dikshant,idle,0.881,1,0
2026-06-25T21:32:42.821128,Webcam (laptop),behavior,604,Dikshant,idle,0.892,1,0
2026-06-25T21:32:44.274539,Webcam (laptop),behavior,604,Dikshant,idle,0.91,1,0
2026-06-25T21:32:44.755839,Camera 8,behavior,788,unknown,working,0.475,1,0
2026-06-25T21:32:45.369176,Webcam (laptop),behavior,604,Dikshant,idle,0.9,1,0
2026-06-25T21:32:46.954646,Webcam (laptop),behavior,604,Dikshant,idle,0.865,1,0
2026-06-25T21:32:47.089163,Camera 6,behavior,791,unknown,working,0.583,1,0
2026-06-25T21:32:48.043298,Webcam (laptop),behavior,604,Dikshant,idle,0.916,1,0
2026-06-25T21:32:49.517516,Webcam (laptop),behavior,604,Dikshant,idle,0.899,1,0
2026-06-25T21:32:50.196535,Camera 8,behavior,803,unknown,working,0.716,1,0
2026-06-25T21:32:50.206781,Camera 5,behavior,804,unknown,working,0.467,1,0
2026-06-25T21:32:50.621890,Webcam (laptop),behavior,604,Dikshant,idle,0.888,1,0
2026-06-25T21:32:52.111503,Webcam (laptop),behavior,604,Dikshant,idle,0.894,1,0
2026-06-25T21:32:52.307889,Camera 8,behavior,803,unknown,walking,0.589,1,0
2026-06-25T21:32:53.252197,Webcam (laptop),behavior,604,Dikshant,working,0.919,1,0
2026-06-25T21:32:53.848068,Camera 8,behavior,803,unknown,walking,0.56,1,0
2026-06-25T21:32:54.645789,Webcam (laptop),behavior,604,Dikshant,working,0.921,1,0
2026-06-25T21:32:55.281370,Camera 8,behavior,821,unknown,working,0.665,1,0
2026-06-25T21:32:55.744548,Webcam (laptop),behavior,604,Dikshant,working,0.857,1,0
2026-06-25T21:32:56.310490,Camera 8,behavior,829,unknown,working,0.512,1,0
2026-06-25T21:32:57.226608,Webcam (laptop),behavior,604,Dikshant,working,0.922,1,0
2026-06-25T21:32:58.304759,Webcam (laptop),behavior,604,Dikshant,idle,0.947,1,0
2026-06-25T21:32:59.869482,Webcam (laptop),behavior,604,Dikshant,idle,0.931,1,0
2026-06-25T21:33:00.696916,Camera 5,behavior,835,unknown,working,0.685,1,0
2026-06-25T21:33:00.973329,Webcam (laptop),behavior,604,Dikshant,idle,0.935,1,0
2026-06-25T21:33:02.168307,Camera 5,behavior,835,unknown,working,0.517,1,0
2026-06-25T21:33:02.458726,Webcam (laptop),behavior,604,Dikshant,working,0.929,1,0
2026-06-25T21:33:03.291318,Camera 5,behavior,835,unknown,working,0.622,1,0
2026-06-25T21:33:03.611037,Webcam (laptop),behavior,604,Dikshant,working,0.951,1,0
2026-06-25T21:33:04.406539,Camera 5,behavior,835,unknown,working,0.456,1,0
2026-06-25T21:33:04.901378,Webcam (laptop),behavior,604,Dikshant,idle,0.931,1,0
2026-06-25T21:33:05.971444,Webcam (laptop),behavior,604,Dikshant,idle,0.937,1,0
2026-06-25T21:33:06.851553,Camera 8,behavior,839,unknown,working,0.38,1,0
2026-06-25T21:33:07.342403,Webcam (laptop),behavior,604,Dikshant,idle,0.931,1,0
2026-06-25T21:33:08.444278,Webcam (laptop),behavior,604,Dikshant,idle,0.938,1,0
2026-06-25T21:33:09.864588,Webcam (laptop),behavior,604,Dikshant,idle,0.921,1,0
2026-06-25T21:33:10.948095,Webcam (laptop),behavior,604,Dikshant,idle,0.939,1,0
2026-06-25T21:33:11.444733,Camera 8,behavior,840,unknown,working,0.591,1,0
2026-06-25T21:33:12.450391,Camera 8,behavior,840,unknown,working,0.353,1,0
2026-06-25T21:33:12.456908,Webcam (laptop),behavior,604,Dikshant,idle,0.919,1,0
2026-06-25T21:33:13.421038,Camera 7,behavior,844,unknown,working,0.601,1,0
2026-06-25T21:33:13.460031,Webcam (laptop),behavior,604,Dikshant,idle,0.889,1,0
2026-06-25T21:33:14.575987,Webcam (laptop),behavior,604,Dikshant,working,0.877,1,0
2026-06-25T21:33:15.695357,Webcam (laptop),behavior,604,Dikshant,working,0.894,1,0
2026-06-25T21:33:16.767850,Webcam (laptop),behavior,604,Dikshant,idle,0.901,1,0
2026-06-25T21:33:17.864843,Webcam (laptop),behavior,604,Dikshant,idle,0.877,1,0
2026-06-25T21:33:18.940855,Webcam (laptop),behavior,604,Dikshant,working,0.901,1,0
2026-06-25T21:33:19.788122,Camera 8,behavior,852,unknown,walking,0.58,1,0
2026-06-25T21:33:20.282223,Webcam (laptop),behavior,604,Dikshant,working,0.846,1,0
2026-06-25T21:33:21.360246,Webcam (laptop),behavior,604,Dikshant,working,0.928,1,0
2026-06-25T21:33:21.470556,Camera 8,behavior,852,unknown,walking,0.488,1,0
2026-06-25T21:33:22.834009,Webcam (laptop),behavior,604,Dikshant,working,0.809,1,0
2026-06-25T21:33:23.921752,Webcam (laptop),behavior,604,Dikshant,walking,0.748,1,0
2026-06-25T21:33:25.345370,Webcam (laptop),behavior,604,Dikshant,working,0.808,1,0
2026-06-25T21:33:25.992841,Camera 6,behavior,867,unknown,working,0.663,1,0
2026-06-25T21:33:26.440030,Webcam (laptop),behavior,604,Dikshant,working,0.833,1,0
2026-06-25T21:33:26.994867,Camera 6,behavior,867,unknown,working,0.667,1,0
2026-06-25T21:33:27.837894,Webcam (laptop),behavior,604,Dikshant,working,0.85,1,0
2026-06-25T21:33:28.335729,Camera 6,behavior,867,unknown,working,0.503,1,0
2026-06-25T21:33:28.890650,Webcam (laptop),behavior,604,Dikshant,working,0.871,1,0
2026-06-25T21:33:29.339951,Camera 5,behavior,872,unknown,working,0.481,1,0
2026-06-25T21:33:29.474505,Camera 6,behavior,874,unknown,working,0.714,1,0
2026-06-25T21:33:29.912220,Webcam (laptop),behavior,604,Dikshant,idle,0.876,1,0
2026-06-25T21:33:30.557242,Camera 6,behavior,874,unknown,working,0.328,1,0
2026-06-25T21:33:30.961755,Webcam (laptop),behavior,604,Dikshant,idle,0.835,1,0
2026-06-25T21:33:32.073350,Webcam (laptop),behavior,604,Dikshant,working,0.826,1,0
2026-06-25T21:33:33.200957,Webcam (laptop),behavior,604,Dikshant,working,0.836,1,0
2026-06-25T21:33:34.270858,Webcam (laptop),behavior,604,Dikshant,working,0.818,1,0
2026-06-25T21:33:35.664671,Webcam (laptop),behavior,604,Dikshant,working,0.746,1,0
2026-06-25T21:33:36.756492,Webcam (laptop),behavior,604,Dikshant,working,0.827,1,0
2026-06-25T21:33:38.182214,Webcam (laptop),behavior,604,Dikshant,idle,0.836,1,0
2026-06-25T21:33:39.294778,Webcam (laptop),behavior,604,Dikshant,idle,0.841,1,0
2026-06-25T21:33:40.818896,Webcam (laptop),behavior,604,Dikshant,working,0.729,1,0
2026-06-25T21:33:41.903358,Webcam (laptop),behavior,604,Dikshant,working,0.781,1,0
2026-06-25T21:33:43.000914,Webcam (laptop),behavior,604,Dikshant,working,0.746,1,0
2026-06-25T21:33:44.098517,Webcam (laptop),behavior,604,Dikshant,working,0.89,1,0
2026-06-25T21:33:45.129664,Webcam (laptop),behavior,604,Dikshant,working,0.932,1,0
2026-06-25T21:33:45.179643,Camera 7,behavior,904,unknown,working,0.353,1,0
2026-06-25T21:33:46.247907,Webcam (laptop),behavior,604,Dikshant,idle,0.907,1,0
2026-06-25T21:33:47.349166,Webcam (laptop),behavior,604,Dikshant,idle,0.917,1,0
2026-06-25T21:33:48.972778,Webcam (laptop),behavior,604,Dikshant,idle,0.901,1,0
2026-06-25T21:33:50.109340,Webcam (laptop),behavior,604,Dikshant,working,0.922,1,0
2026-06-25T21:33:51.579149,Webcam (laptop),behavior,604,Dikshant,working,0.82,1,0
2026-06-27T12:47:07.008118,Webcam (laptop),behavior,1,unknown,working,0.612,2,0
2026-06-27T12:47:07.008118,Webcam (laptop),behavior,2,unknown,working,0.318,2,0
2026-06-27T12:47:13.685994,Webcam (laptop),behavior,1,unknown,working,0.809,1,0
2026-06-27T12:47:14.931084,Webcam (laptop),behavior,1,unknown,working,0.547,2,0
2026-06-27T12:47:14.931084,Webcam (laptop),behavior,4,unknown,working,0.524,2,0
2026-06-27T12:47:16.199962,Webcam (laptop),behavior,1,unknown,working,0.627,2,0
2026-06-27T12:47:16.199962,Webcam (laptop),behavior,4,unknown,working,0.492,2,0
2026-06-27T12:47:17.434228,Webcam (laptop),behavior,1,unknown,working,0.614,1,0
2026-06-27T12:47:18.678487,Webcam (laptop),behavior,1,unknown,walking,0.64,2,0
2026-06-27T12:47:18.678487,Webcam (laptop),behavior,4,unknown,idle,0.328,2,0
2026-06-27T12:47:19.917134,Webcam (laptop),behavior,1,unknown,idle,0.557,2,0
2026-06-27T12:47:19.917134,Webcam (laptop),behavior,4,unknown,idle,0.514,2,0
2026-06-27T12:47:21.186029,Webcam (laptop),behavior,1,unknown,walking,0.796,1,0
2026-06-27T12:47:22.427574,Webcam (laptop),behavior,1,unknown,working,0.682,1,0
2026-06-27T12:47:23.660841,Webcam (laptop),behavior,1,unknown,working,0.833,1,0
2026-06-27T12:47:24.894271,Webcam (laptop),behavior,1,unknown,working,0.915,2,0
2026-06-27T12:47:24.894271,Webcam (laptop),behavior,4,unknown,working,0.411,2,0
2026-06-27T12:47:26.137586,Webcam (laptop),behavior,1,unknown,working,0.74,1,0
2026-06-27T12:47:27.461600,Webcam (laptop),behavior,1,unknown,working,0.885,1,0
2026-06-27T12:47:28.955656,Webcam (laptop),behavior,1,unknown,working,0.811,2,0
2026-06-27T12:47:28.955656,Webcam (laptop),behavior,6,unknown,working,0.751,2,0
2026-06-27T12:47:30.080617,Webcam (laptop),behavior,1,unknown,working,0.758,2,0
2026-06-27T12:47:30.080617,Webcam (laptop),behavior,6,unknown,working,0.767,2,0
2026-06-27T12:47:31.226965,Webcam (laptop),behavior,1,unknown,working,0.874,2,0
2026-06-27T12:47:31.226965,Webcam (laptop),behavior,6,unknown,working,0.804,2,0
2026-06-27T12:47:32.235688,Webcam (laptop),behavior,1,unknown,working,0.901,2,0
2026-06-27T12:47:32.235688,Webcam (laptop),behavior,6,unknown,working,0.7,2,0
2026-06-27T12:47:33.271189,Webcam (laptop),behavior,1,unknown,working,0.896,2,0
2026-06-27T12:47:33.271189,Webcam (laptop),behavior,6,unknown,working,0.879,2,0
2026-06-27T12:47:34.609331,Webcam (laptop),behavior,1,unknown,idle,0.824,2,0
2026-06-27T12:47:34.609331,Webcam (laptop),behavior,6,vani,working,0.876,2,0
2026-06-27T12:47:36.123798,Webcam (laptop),behavior,1,unknown,idle,0.835,2,0
2026-06-27T12:47:36.123798,Webcam (laptop),behavior,6,vani,working,0.69,2,0
2026-06-27T12:47:37.467423,Webcam (laptop),behavior,1,unknown,working,0.575,1,0
2026-06-27T12:47:38.811780,Webcam (laptop),behavior,1,unknown,working,0.673,1,0
2026-06-27T12:47:40.155823,Webcam (laptop),behavior,1,unknown,working,0.781,1,0
2026-06-27T12:47:41.494183,Webcam (laptop),behavior,1,unknown,working,0.863,1,0
2026-06-27T12:47:42.582758,Webcam (laptop),behavior,1,unknown,working,0.844,1,0
2026-06-27T12:47:43.615974,Webcam (laptop),behavior,1,unknown,idle,0.825,1,0
2026-06-27T12:47:44.637382,Webcam (laptop),behavior,1,unknown,working,0.821,1,0
2026-06-27T12:47:46.141360,Webcam (laptop),behavior,1,unknown,idle,0.844,1,0
2026-06-27T12:47:47.302464,Webcam (laptop),behavior,1,unknown,working,0.77,1,0
2026-06-27T12:47:48.325696,Webcam (laptop),behavior,1,unknown,working,0.756,1,0
2026-06-27T12:47:49.351902,Webcam (laptop),behavior,1,vani,working,0.739,1,0
2026-06-27T12:47:50.426581,Webcam (laptop),behavior,1,vani,working,0.833,1,0
2026-06-27T12:47:51.449676,Webcam (laptop),behavior,1,vani,working,0.819,1,0
2026-06-27T12:47:52.779094,Webcam (laptop),behavior,1,vani,working,0.819,1,0
2026-06-27T12:47:54.121211,Webcam (laptop),behavior,1,vani,working,0.819,1,0
2026-06-27T12:47:55.460284,Webcam (laptop),behavior,1,vani,working,0.76,1,0
2026-06-27T12:47:56.795523,Webcam (laptop),behavior,9,unknown,working,0.438,1,0
2026-06-27T12:47:58.140829,Webcam (laptop),behavior,9,unknown,working,0.352,1,0
2026-06-27T12:48:00.501105,Webcam (laptop),behavior,9,unknown,working,0.584,1,0
2026-06-27T12:48:01.852466,Webcam (laptop),behavior,9,unknown,working,0.692,1,0
2026-06-27T12:48:02.906229,Webcam (laptop),behavior,14,unknown,working,0.354,1,0
2026-06-27T12:48:04.249538,Webcam (laptop),behavior,14,unknown,working,0.712,1,0
2026-06-27T12:48:05.297788,Webcam (laptop),behavior,14,unknown,idle,0.36,1,0
2026-06-27T12:48:10.694260,Webcam (laptop),behavior,15,unknown,walking,0.321,1,0
2026-06-27T12:48:12.834448,Webcam (laptop),behavior,15,unknown,working,0.349,1,0
2026-06-27T12:48:13.882420,Webcam (laptop),behavior,15,unknown,working,0.344,1,0
2026-06-27T12:48:17.219962,Webcam (laptop),behavior,15,unknown,working,0.651,1,0
2026-06-27T12:48:18.333165,Webcam (laptop),behavior,15,unknown,idle,0.454,1,0
2026-06-27T12:48:19.452467,Webcam (laptop),behavior,15,unknown,working,0.443,1,0
2026-06-27T12:48:20.572618,Webcam (laptop),behavior,15,unknown,working,0.79,1,0
2026-06-27T12:48:21.627779,Webcam (laptop),behavior,15,unknown,working,0.527,1,0
2026-06-27T12:48:22.952597,Webcam (laptop),behavior,15,unknown,working,0.544,1,0
2026-06-27T12:48:24.000082,Webcam (laptop),behavior,15,unknown,working,0.402,1,0
2026-06-27T12:48:25.084853,Webcam (laptop),behavior,15,unknown,working,0.498,1,0
2026-06-27T12:48:28.457293,Webcam (laptop),behavior,15,unknown,idle,0.625,1,0
2026-06-27T12:48:29.778110,Webcam (laptop),behavior,15,unknown,idle,0.369,1,0
2026-06-27T12:48:30.899867,Webcam (laptop),behavior,15,unknown,idle,0.401,1,0
2026-06-27T12:48:33.050003,Webcam (laptop),behavior,15,unknown,idle,0.317,1,0
2026-06-27T12:48:34.099899,Webcam (laptop),behavior,15,unknown,idle,0.388,1,0
2026-06-27T12:48:35.419808,Webcam (laptop),behavior,15,unknown,idle,0.805,1,0
2026-06-27T12:48:36.983691,Webcam (laptop),behavior,15,unknown,idle,0.5,1,0
2026-06-27T12:48:38.026595,Webcam (laptop),behavior,15,unknown,idle,0.627,1,0
2026-06-27T12:48:39.101527,Webcam (laptop),behavior,15,unknown,idle,0.729,1,0
2026-06-27T12:48:40.737933,Webcam (laptop),behavior,15,unknown,idle,0.692,1,0
2026-06-27T12:48:41.790614,Webcam (laptop),behavior,15,unknown,idle,0.838,1,0
2026-06-27T12:48:43.069484,Webcam (laptop),behavior,15,vani,idle,0.793,1,0
2026-06-27T12:48:44.129784,Webcam (laptop),behavior,15,vani,idle,0.839,1,0
2026-06-27T12:48:45.162074,Webcam (laptop),behavior,15,vani,idle,0.8,1,0
2026-06-27T12:48:46.201040,Webcam (laptop),behavior,15,vani,idle,0.848,1,0
2026-06-27T12:48:47.276652,Webcam (laptop),behavior,15,vani,idle,0.831,1,0
2026-06-27T12:48:48.284637,Webcam (laptop),behavior,15,vani,idle,0.792,1,0
2026-06-27T12:48:49.354933,Webcam (laptop),behavior,15,vani,idle,0.697,1,0
2026-06-27T12:48:50.360135,Webcam (laptop),behavior,15,vani,idle,0.709,1,0
2026-06-27T12:48:51.459635,Webcam (laptop),behavior,15,vani,idle,0.674,1,0
2026-06-27T12:48:52.470457,Webcam (laptop),behavior,15,vani,idle,0.397,1,0
2026-06-27T12:48:53.510827,Webcam (laptop),behavior,15,vani,idle,0.735,1,0
2026-06-27T12:48:54.514286,Webcam (laptop),behavior,15,vani,idle,0.418,1,0
2026-06-27T12:48:55.583911,Webcam (laptop),behavior,15,vani,idle,0.606,1,0
2026-06-27T12:49:04.846463,Webcam (laptop),behavior,43,unknown,working,0.5,1,0
2026-06-27T12:49:09.027319,Webcam (laptop),behavior,48,unknown,working,0.365,1,0
2026-06-27T12:49:10.041460,Webcam (laptop),behavior,48,unknown,idle,0.723,1,0
2026-06-27T12:49:12.218106,Webcam (laptop),behavior,48,unknown,working,0.557,1,0
2026-06-27T12:49:13.228880,Webcam (laptop),behavior,48,unknown,working,0.402,1,0
2026-06-27T12:49:14.239301,Webcam (laptop),behavior,48,unknown,idle,0.485,1,0
2026-06-27T12:49:15.379917,Camera 8,behavior,54,unknown,working,0.489,1,0
2026-06-27T12:49:16.523031,Camera 8,behavior,54,unknown,walking,0.664,1,0
2026-06-27T12:49:16.589059,Webcam (laptop),behavior,48,unknown,working,0.365,1,0
2026-06-27T12:49:17.574645,Camera 8,behavior,55,unknown,working,0.373,1,0
2026-06-27T12:49:17.642174,Webcam (laptop),behavior,48,unknown,idle,0.398,1,0
2026-06-27T12:49:18.653949,Webcam (laptop),behavior,48,unknown,idle,0.628,1,0
2026-06-27T12:49:19.711443,Webcam (laptop),behavior,48,unknown,idle,0.602,1,0
2026-06-27T12:49:20.721024,Webcam (laptop),behavior,48,unknown,working,0.653,1,0
2026-06-27T14:57:35.828494,Webcam (laptop),behavior,1,unknown,working,0.919,1,0
2026-06-27T14:57:36.942128,Webcam (laptop),behavior,1,unknown,working,0.762,1,0
2026-06-27T14:57:46.481665,Webcam (laptop),behavior,1,unknown,idle,0.796,1,0
2026-06-27T14:57:47.573800,Webcam (laptop),behavior,1,unknown,working,0.793,1,0
2026-06-27T14:57:48.680162,Webcam (laptop),behavior,1,unknown,working,0.798,1,0
2026-06-27T14:57:49.734229,Webcam (laptop),behavior,1,unknown,working,0.764,1,0
2026-06-27T14:57:50.930293,Webcam (laptop),behavior,1,Dikshant,idle,0.823,1,0
2026-06-27T14:57:52.009243,Webcam (laptop),behavior,1,Dikshant,idle,0.834,1,0
2026-06-27T14:57:53.198882,Webcam (laptop),behavior,1,Dikshant,idle,0.835,1,0
2026-06-27T14:57:54.282952,Webcam (laptop),behavior,1,Dikshant,working,0.743,1,0
2026-06-27T14:57:55.417222,Webcam (laptop),behavior,1,Dikshant,working,0.794,1,0
2026-06-27T14:57:56.564470,Webcam (laptop),behavior,1,Dikshant,idle,0.847,2,0
2026-06-27T14:57:56.564470,Webcam (laptop),behavior,2,unknown,working,0.828,2,0
2026-06-27T14:57:57.953708,Webcam (laptop),behavior,1,dikshant,idle,0.842,2,0
2026-06-27T14:57:57.953708,Webcam (laptop),behavior,2,unknown,working,0.733,2,0
2026-06-27T14:57:59.031923,Webcam (laptop),behavior,1,dikshant,working,0.817,2,0
2026-06-27T14:57:59.031923,Webcam (laptop),behavior,2,unknown,working,0.887,2,0
2026-06-27T14:58:00.490262,Webcam (laptop),behavior,1,Dikshant,working,0.822,2,0
2026-06-27T14:58:00.490262,Webcam (laptop),behavior,2,unknown,working,0.853,2,0
2026-06-27T14:58:01.548078,Webcam (laptop),behavior,1,Dikshant,idle,0.829,2,0
2026-06-27T14:58:01.548078,Webcam (laptop),behavior,2,unknown,working,0.681,2,0
2026-06-27T14:58:02.738903,Webcam (laptop),behavior,1,dikshant,working,0.83,1,0
2026-06-27T14:58:03.310706,Camera 5,behavior,15,unknown,working,0.353,1,0
2026-06-27T14:58:03.806312,Webcam (laptop),behavior,1,dikshant,working,0.763,1,0
2026-06-27T14:58:05.021437,Webcam (laptop),behavior,1,Dikshant,working,0.808,1,0
2026-06-27T14:58:06.228230,Webcam (laptop),behavior,1,Dikshant,working,0.779,1,0
2026-06-27T14:58:07.253931,Webcam (laptop),behavior,1,dikshant,working,0.785,1,0
2026-06-27T14:58:08.360817,Webcam (laptop),behavior,1,dikshant,working,0.748,1,0
2026-06-27T14:58:09.727641,Webcam (laptop),behavior,1,dikshant,idle,0.859,1,0
2026-06-27T14:58:11.319113,Webcam (laptop),behavior,1,dikshant,working,0.809,2,0
2026-06-27T14:58:11.319113,Webcam (laptop),behavior,29,unknown,working,0.883,2,0
2026-06-27T14:58:12.898117,Webcam (laptop),behavior,1,dikshant,idle,0.85,2,0
2026-06-27T14:58:12.898117,Webcam (laptop),behavior,29,unknown,idle,0.847,2,0
2026-06-27T14:58:14.482577,Webcam (laptop),behavior,1,dikshant,working,0.85,2,0
2026-06-27T14:58:14.482577,Webcam (laptop),behavior,29,unknown,idle,0.856,2,0
2026-06-27T14:58:16.050848,Webcam (laptop),behavior,1,dikshant,idle,0.405,2,0
2026-06-27T14:58:16.050848,Webcam (laptop),behavior,29,unknown,working,0.691,2,0
2026-06-27T14:58:17.419494,Webcam (laptop),behavior,29,unknown,idle,0.821,1,0
2026-06-27T14:58:18.770517,Webcam (laptop),behavior,29,unknown,working,0.803,1,0
2026-06-27T14:58:20.137132,Webcam (laptop),behavior,29,unknown,working,0.631,1,0
2026-06-27T14:58:21.532798,Webcam (laptop),behavior,29,unknown,working,0.694,1,0
2026-06-27T14:58:22.867305,Webcam (laptop),behavior,29,unknown,working,0.75,1,0
2026-06-27T14:58:23.895778,Webcam (laptop),behavior,29,unknown,working,0.845,1,0
2026-06-27T14:58:25.036367,Webcam (laptop),behavior,29,unknown,working,0.843,1,0
2026-06-27T14:58:26.094330,Webcam (laptop),behavior,29,unknown,working,0.778,1,0
2026-06-27T14:58:27.142998,Webcam (laptop),behavior,29,soni,working,0.818,1,0
2026-06-27T14:58:28.586752,Webcam (laptop),behavior,29,soni,working,0.631,1,0
2026-06-27T14:58:29.957401,Webcam (laptop),behavior,29,soni,idle,0.728,1,0
2026-06-27T14:58:31.335062,Webcam (laptop),behavior,34,unknown,working,0.755,2,0
2026-06-27T14:58:31.335062,Webcam (laptop),behavior,29,soni,working,0.864,2,0
2026-06-27T14:58:32.725661,Webcam (laptop),behavior,34,unknown,idle,0.845,1,0
2026-06-27T14:58:34.072879,Webcam (laptop),behavior,34,unknown,idle,0.93,1,0
2026-06-27T14:58:35.415915,Webcam (laptop),behavior,34,dikshant,idle,0.845,1,0
2026-06-27T14:58:36.739783,Webcam (laptop),behavior,34,dikshant,idle,0.819,1,0
2026-06-27T14:58:38.079622,Webcam (laptop),behavior,34,dikshant,idle,0.8,1,0
2026-06-27T14:59:17.335166,Camera 8,behavior,6,unknown,working,0.654,1,0
2026-06-27T14:59:19.442929,Camera 8,behavior,11,unknown,working,0.526,1,0
2026-06-27T14:59:32.405599,Camera 5,behavior,9,unknown,working,0.525,1,0
2026-06-27T14:59:35.421577,Camera 8,behavior,20,unknown,working,0.771,1,0
2026-06-27T14:59:38.619973,Camera 8,behavior,32,unknown,working,0.328,1,0
2026-06-27T15:00:22.574609,Camera 8,behavior,59,unknown,working,0.531,1,0
2026-06-27T15:00:25.728978,Camera 8,behavior,73,unknown,working,0.498,2,0
2026-06-27T15:00:25.728978,Camera 8,behavior,74,unknown,working,0.498,2,0
2026-06-27T15:00:29.373317,Camera 5,behavior,100,unknown,working,0.738,1,0
2026-06-27T15:00:42.291895,Camera 5,behavior,102,unknown,working,0.481,1,0
2026-06-27T15:00:47.533743,Camera 5,behavior,102,unknown,working,0.653,1,0
2026-06-27T15:00:48.726624,Camera 5,behavior,102,unknown,working,0.701,1,0
2026-06-27T15:00:53.497310,Camera 8,behavior,107,unknown,walking,0.748,1,0
2026-06-27T15:00:54.559335,Camera 8,behavior,107,unknown,working,0.766,1,0
2026-06-27T15:00:55.667954,Camera 8,behavior,107,unknown,working,0.545,1,0
2026-06-27T15:00:58.942723,Camera 8,behavior,130,unknown,working,0.567,1,0
2026-06-27T15:01:01.767441,Camera 7,behavior,146,unknown,idle,0.39,1,0
2026-06-27T15:01:02.369079,Camera 8,behavior,107,unknown,walking,0.311,1,0
2026-06-27T15:01:03.434759,Camera 8,behavior,107,unknown,walking,0.655,1,0
2026-06-27T15:01:05.519029,Camera 8,behavior,107,unknown,working,0.619,1,0
2026-06-27T15:01:06.528905,Camera 8,behavior,107,unknown,working,0.336,1,0
2026-06-27T15:01:11.347239,Camera 7,behavior,151,unknown,working,0.462,1,0
2026-06-27T15:01:23.072839,Camera 7,behavior,154,unknown,working,0.754,1,0
2026-06-27T15:01:25.166180,Camera 7,behavior,154,unknown,working,0.389,1,0
2026-06-27T15:01:26.067604,Camera 6,behavior,167,unknown,working,0.797,1,0
2026-06-27T15:01:29.402842,Camera 6,behavior,176,unknown,working,0.699,2,0
2026-06-27T15:01:29.402842,Camera 6,behavior,167,unknown,walking,0.794,2,0
2026-06-27T15:01:30.455450,Camera 6,behavior,176,unknown,working,0.705,2,0
2026-06-27T15:01:30.455450,Camera 6,behavior,167,unknown,working,0.635,2,0
2026-06-27T15:01:31.539565,Camera 6,behavior,167,unknown,working,0.745,1,0
2026-06-27T15:01:32.553252,Camera 6,behavior,167,unknown,working,0.664,1,0
2026-06-27T15:01:33.199856,Camera 8,behavior,177,unknown,working,0.358,1,0
2026-06-27T15:01:33.634997,Camera 6,behavior,167,unknown,working,0.58,2,0
2026-06-27T15:01:33.634997,Camera 6,behavior,178,unknown,working,0.335,2,0
2026-06-27T15:01:34.680786,Camera 6,behavior,167,unknown,working,0.413,1,0
2026-06-27T15:01:36.632661,Camera 8,behavior,183,unknown,working,0.496,1,0
2026-06-27T15:01:37.732207,Camera 8,behavior,183,unknown,working,0.459,1,0
2026-06-27T15:01:37.827855,Camera 5,behavior,185,unknown,working,0.453,1,0
2026-06-27T15:01:38.898506,Camera 5,behavior,185,unknown,working,0.408,1,0
2026-06-27T15:01:46.577601,Camera 5,behavior,185,unknown,idle,0.493,2,0
2026-06-27T15:01:46.577601,Camera 5,behavior,215,unknown,working,0.554,2,0
2026-06-27T15:02:13.822512,Camera 8,behavior,262,unknown,walking,0.599,1,0
2026-06-27T15:02:14.861535,Camera 8,behavior,262,unknown,working,0.565,1,0
2026-06-27T15:02:45.784721,Camera 8,behavior,268,unknown,working,0.434,1,0
2026-06-27T15:02:47.815923,Camera 8,behavior,279,unknown,working,0.464,1,0
2026-06-27T15:02:48.969496,Camera 8,behavior,279,unknown,walking,0.601,1,0
2026-06-27T15:02:50.058922,Camera 8,behavior,302,unknown,working,0.569,1,0
2026-06-27T15:02:56.903775,Camera 5,behavior,311,unknown,idle,0.417,1,0
2026-06-27T15:03:04.253331,Camera 8,behavior,315,unknown,working,0.438,1,0
2026-06-27T15:03:06.373368,Camera 8,behavior,324,unknown,working,0.603,1,0
2026-06-27T15:03:07.443024,Camera 8,behavior,324,unknown,walking,0.602,1,0
2026-06-27T15:03:10.731011,Camera 5,behavior,347,unknown,working,0.584,1,0
2026-06-27T15:03:11.833274,Camera 5,behavior,347,unknown,working,0.558,1,0
2026-06-27T15:03:20.308881,Camera 8,behavior,349,unknown,working,0.626,1,0
2026-06-27T15:03:26.675938,Camera 5,behavior,391,unknown,working,0.515,1,0
2026-06-27T15:03:29.836864,Camera 8,behavior,407,unknown,working,0.542,1,0
2026-06-27T15:03:30.926333,Camera 8,behavior,407,unknown,walking,0.478,1,0
2026-06-27T15:03:32.016416,Camera 8,behavior,407,unknown,working,0.435,1,0
2026-06-27T15:03:43.821147,Camera 8,behavior,410,unknown,working,0.478,1,0
2026-06-27T15:03:48.059777,Camera 5,behavior,424,unknown,working,0.659,1,0
2026-06-27T15:03:49.116367,Camera 5,behavior,424,unknown,walking,0.697,1,0
2026-06-27T15:03:50.168407,Camera 5,behavior,424,unknown,working,0.566,1,0
2026-06-27T15:03:51.236676,Camera 5,behavior,424,unknown,working,0.685,1,0
2026-06-27T15:03:52.302793,Camera 5,behavior,424,unknown,working,0.506,1,0
2026-06-27T15:03:53.341745,Camera 5,behavior,424,unknown,working,0.527,1,0
2026-06-27T15:04:38.006112,Camera 8,behavior,443,unknown,walking,0.697,1,0
2026-06-27T15:04:39.098989,Camera 8,behavior,443,unknown,working,0.451,1,0
2026-06-27T15:04:48.630826,Camera 5,behavior,447,unknown,working,0.494,1,0
2026-06-27T15:04:48.777393,Camera 8,behavior,445,unknown,working,0.615,1,0
2026-06-27T15:04:54.192287,Camera 8,behavior,470,unknown,working,0.52,1,0
2026-06-27T15:04:55.394653,Camera 8,behavior,471,unknown,working,0.431,1,0
2026-06-27T15:04:56.490966,Camera 8,behavior,473,unknown,walking,0.563,1,0
2026-06-27T15:04:57.569349,Camera 8,behavior,477,unknown,working,0.737,1,0
2026-06-27T15:05:01.671564,Camera 5,behavior,483,unknown,walking,0.727,1,0
2026-06-27T15:05:02.755032,Camera 5,behavior,483,unknown,working,0.709,1,0
2026-06-27T15:05:03.791149,Camera 5,behavior,483,unknown,working,0.625,1,0
2026-06-27T15:05:04.795276,Camera 5,behavior,483,unknown,working,0.428,1,0
2026-06-27T15:05:06.895100,Camera 5,behavior,483,unknown,working,0.335,1,0
2026-06-27T15:05:08.051778,Camera 5,behavior,483,unknown,working,0.52,1,0
2026-06-27T15:05:09.254663,Camera 5,behavior,483,unknown,working,0.67,1,0
2026-06-27T15:05:10.258567,Camera 5,behavior,483,unknown,working,0.528,1,0
2026-06-27T15:05:11.352445,Camera 5,behavior,483,unknown,working,0.646,1,0
2026-06-27T15:05:12.551621,Camera 5,behavior,483,unknown,idle,0.306,1,0
2026-06-27T15:05:14.556442,Camera 8,behavior,493,unknown,working,0.447,1,0
2026-06-27T15:05:16.578496,Camera 8,behavior,493,unknown,walking,0.577,1,0
2026-06-27T15:05:20.311055,Camera 5,behavior,521,unknown,walking,0.531,1,0
2026-06-27T15:05:21.557390,Camera 5,behavior,521,unknown,working,0.349,1,0
2026-06-27T15:05:39.950871,Camera 8,behavior,548,unknown,working,0.649,1,0
2026-06-27T15:07:34.382958,Camera 5,behavior,550,unknown,working,0.358,1,0
2026-06-27T15:07:35.408418,Camera 5,behavior,550,unknown,working,0.436,1,0
2026-06-27T15:07:36.416366,Camera 5,behavior,550,unknown,working,0.502,1,0
2026-06-27T15:07:37.435371,Camera 5,behavior,550,unknown,idle,0.575,1,0
2026-06-27T15:07:38.502611,Camera 5,behavior,550,unknown,working,0.712,1,0
2026-06-27T15:07:39.744670,Camera 5,behavior,550,unknown,working,0.692,1,0
2026-06-27T15:07:40.789372,Camera 5,behavior,550,unknown,working,0.602,1,0
2026-06-27T15:07:41.809698,Camera 5,behavior,550,unknown,working,0.59,1,0
2026-06-27T15:07:42.949091,Camera 5,behavior,550,unknown,working,0.64,1,0
2026-06-27T15:07:43.970255,Camera 5,behavior,550,unknown,working,0.692,1,0
2026-06-27T15:07:45.034654,Camera 5,behavior,550,unknown,working,0.724,1,0
2026-06-27T15:07:46.213085,Camera 5,behavior,550,unknown,working,0.771,1,0
2026-06-27T15:07:47.251423,Camera 5,behavior,550,unknown,working,0.791,1,0
2026-06-27T15:07:48.307601,Camera 5,behavior,550,unknown,working,0.736,1,0
2026-06-27T15:07:49.366260,Camera 5,behavior,550,unknown,working,0.539,1,0
2026-06-27T15:07:50.504789,Camera 5,behavior,550,unknown,working,0.76,1,0
2026-06-27T15:07:51.113798,Camera 8,behavior,561,unknown,walking,0.663,1,0
2026-06-27T15:07:51.512556,Camera 5,behavior,550,unknown,working,0.771,1,0
2026-06-27T15:07:52.153250,Camera 8,behavior,561,unknown,walking,0.628,1,0
2026-06-27T15:07:52.543462,Camera 5,behavior,550,unknown,working,0.788,1,0
2026-06-27T15:07:53.287227,Camera 8,behavior,561,unknown,walking,0.777,1,0
2026-06-27T15:07:53.648691,Camera 5,behavior,550,unknown,walking,0.827,1,0
2026-06-27T15:07:55.395326,Camera 8,behavior,563,unknown,working,0.441,1,0
2026-06-27T15:07:57.467860,Camera 8,behavior,563,unknown,working,0.68,1,0
2026-06-27T15:07:58.510189,Camera 8,behavior,563,unknown,working,0.691,1,0
2026-06-27T15:07:59.593907,Camera 8,behavior,563,unknown,idle,0.57,1,0
2026-06-27T15:08:00.620306,Camera 8,behavior,563,unknown,idle,0.534,1,0
2026-06-27T15:08:01.630274,Camera 8,behavior,563,unknown,working,0.37,1,0
2026-06-27T15:08:28.774055,Camera 8,behavior,568,unknown,working,0.343,1,0
2026-06-27T15:08:31.162066,Camera 5,behavior,586,unknown,working,0.734,1,0
2026-06-27T15:08:32.259177,Camera 5,behavior,586,unknown,walking,0.601,1,0
2026-06-27T15:08:33.269844,Camera 5,behavior,586,unknown,walking,0.45,1,0
2026-06-27T15:08:34.392039,Camera 5,behavior,586,unknown,working,0.359,1,0
2026-06-27T15:09:40.511715,Camera 8,behavior,596,unknown,working,0.322,1,0
2026-06-27T15:09:41.589487,Camera 8,behavior,600,unknown,working,0.406,1,0
2026-06-27T15:09:42.664651,Camera 8,behavior,600,unknown,working,0.606,1,0
2026-06-27T15:09:43.700589,Camera 8,behavior,600,unknown,walking,0.5,1,0
2026-06-27T15:09:45.574485,Camera 5,behavior,613,unknown,walking,0.612,1,0
2026-06-27T15:09:46.615288,Camera 5,behavior,617,unknown,working,0.665,1,0
2026-06-27T15:10:11.316156,Camera 5,behavior,626,unknown,working,0.408,1,0
2026-06-27T15:10:12.331587,Camera 5,behavior,626,unknown,working,0.386,1,0
2026-06-27T15:10:14.455363,Camera 5,behavior,626,unknown,working,0.458,1,0
2026-06-27T15:10:15.544844,Camera 5,behavior,626,unknown,working,0.54,1,0
2026-06-27T15:10:16.567273,Camera 5,behavior,626,unknown,working,0.451,1,0
2026-06-27T15:10:17.698205,Camera 5,behavior,626,unknown,working,0.588,1,0
2026-06-27T15:10:18.740322,Camera 5,behavior,626,unknown,working,0.708,1,0
2026-06-27T15:10:19.746332,Camera 5,behavior,626,unknown,working,0.648,1,0
2026-06-27T15:10:20.761629,Camera 5,behavior,626,unknown,working,0.591,1,0
2026-06-27T15:10:21.821886,Camera 5,behavior,626,unknown,working,0.689,1,0
2026-06-27T15:10:22.907165,Camera 5,behavior,626,unknown,working,0.693,2,0
2026-06-27T15:10:22.907165,Camera 5,behavior,635,unknown,working,0.696,2,0
2026-06-27T15:10:24.013172,Camera 5,behavior,626,unknown,working,0.708,1,0
2026-06-27T15:10:25.032066,Camera 5,behavior,626,unknown,working,0.572,1,0
2026-06-27T15:10:26.030936,Camera 8,behavior,659,unknown,walking,0.341,2,0
2026-06-27T15:10:26.030936,Camera 8,behavior,656,unknown,working,0.797,2,0
2026-06-27T15:10:27.099581,Camera 8,behavior,656,unknown,walking,0.617,2,0
2026-06-27T15:10:27.099581,Camera 8,behavior,659,unknown,walking,0.408,2,0
2026-06-27T15:10:28.095288,Camera 8,behavior,656,unknown,walking,0.75,1,0
2026-06-27T15:10:29.148877,Camera 8,behavior,656,unknown,working,0.703,1,0
2026-06-27T15:10:30.220963,Camera 8,behavior,656,unknown,working,0.632,1,0
2026-06-27T15:10:31.322896,Camera 8,behavior,656,unknown,working,0.721,1,0
2026-06-27T15:10:32.555849,Camera 8,behavior,656,unknown,working,0.567,1,0
2026-06-27T15:10:33.565794,Camera 8,behavior,656,unknown,working,0.708,1,0
2026-06-27T15:10:34.586133,Camera 8,behavior,656,unknown,working,0.604,1,0
2026-06-27T15:10:35.634684,Camera 8,behavior,656,unknown,working,0.583,1,0
2026-06-27T15:10:36.690867,Camera 8,behavior,656,unknown,working,0.623,1,0
2026-06-27T15:10:38.768459,Camera 8,behavior,656,unknown,working,0.419,1,0
2026-06-27T15:10:58.953866,Camera 5,behavior,681,unknown,walking,0.533,1,0
2026-06-27T15:11:05.050584,Camera 8,behavior,691,unknown,working,0.631,1,0
2026-06-27T15:11:35.323367,Camera 5,behavior,699,unknown,working,0.352,1,0
2026-06-27T15:11:36.362129,Camera 5,behavior,699,unknown,idle,0.311,1,0
2026-06-27T15:11:52.680465,Camera 8,behavior,702,unknown,working,0.399,1,0
2026-07-11T20:34:17.204572,Camera 7,behavior,1,unknown,working,0.538,1,0
2026-07-11T20:34:18.306705,Camera 7,behavior,1,unknown,idle,0.33,1,0
2026-07-11T20:34:25.507172,Camera 7,behavior,1,unknown,idle,0.559,1,0
2026-07-11T20:34:26.526404,Camera 7,behavior,1,unknown,working,0.45,1,0
2026-07-11T20:34:27.592834,Camera 7,behavior,1,unknown,idle,0.48,1,0
2026-07-11T20:34:28.669721,Camera 7,behavior,1,unknown,working,0.302,1,0
2026-07-11T20:34:29.691125,Camera 7,behavior,1,unknown,working,0.592,1,0
2026-07-11T20:34:30.713168,Camera 7,behavior,1,unknown,working,0.412,1,0
2026-07-11T20:34:31.752405,Camera 7,behavior,1,unknown,idle,0.681,1,0
2026-07-11T20:34:32.848992,Camera 7,behavior,1,unknown,idle,0.701,1,0
2026-07-11T20:34:33.881485,Camera 7,behavior,1,unknown,idle,0.515,1,0
2026-07-11T20:34:33.959694,Camera 5,behavior,5,unknown,working,0.554,1,0
2026-07-11T20:34:34.881414,Camera 8,behavior,6,unknown,working,0.315,1,0
2026-07-11T20:34:34.976811,Camera 7,behavior,1,unknown,working,0.554,1,0
2026-07-11T20:34:35.940222,Camera 8,behavior,7,unknown,working,0.48,1,0
2026-07-11T20:34:36.058683,Camera 7,behavior,1,unknown,idle,0.494,1,0
2026-07-11T20:34:37.094258,Camera 7,behavior,1,unknown,working,0.623,1,0
2026-07-11T20:34:38.138778,Camera 7,behavior,1,unknown,working,0.561,1,0
2026-07-11T20:34:39.221611,Camera 7,behavior,1,unknown,working,0.571,1,0
2026-07-11T20:34:40.393197,Camera 7,behavior,1,unknown,idle,0.581,1,0
2026-07-11T20:34:41.420428,Camera 7,behavior,1,unknown,idle,0.566,2,0
2026-07-11T20:34:41.420428,Camera 7,behavior,21,unknown,working,0.315,2,0
2026-07-11T20:34:42.708694,Camera 7,behavior,1,unknown,idle,0.654,1,0
2026-07-11T20:34:43.751791,Camera 7,behavior,1,unknown,idle,0.422,1,0
2026-07-11T20:34:44.803363,Camera 7,behavior,1,unknown,working,0.428,1,0
2026-07-11T20:34:44.900963,Camera 8,behavior,19,unknown,walking,0.483,1,0
2026-07-11T20:34:45.867450,Camera 7,behavior,1,unknown,working,0.591,1,0
2026-07-11T20:34:46.885755,Camera 7,behavior,1,unknown,idle,0.541,1,0
2026-07-11T20:34:48.051188,Camera 7,behavior,1,unknown,working,0.541,1,0
2026-07-11T20:34:49.888029,Camera 7,behavior,1,unknown,working,0.461,1,0
2026-07-11T20:34:50.957695,Camera 7,behavior,1,unknown,working,0.604,1,0
2026-07-11T20:34:52.007855,Camera 7,behavior,1,unknown,working,0.401,1,0
2026-07-11T20:34:53.167355,Camera 7,behavior,1,unknown,idle,0.586,1,0
2026-07-11T20:34:54.233241,Camera 7,behavior,1,unknown,idle,0.522,1,0
2026-07-11T20:34:55.322797,Camera 7,behavior,1,unknown,working,0.607,1,0
2026-07-11T20:34:56.529936,Camera 7,behavior,1,unknown,working,0.568,1,0
2026-07-11T20:34:57.004385,Camera 5,behavior,39,unknown,working,0.512,1,0
2026-07-11T20:34:57.627309,Camera 7,behavior,1,unknown,idle,0.506,1,0
2026-07-11T20:34:58.659011,Camera 7,behavior,1,unknown,idle,0.483,1,0
2026-07-11T20:34:59.841416,Camera 7,behavior,1,unknown,idle,0.538,1,0
2026-07-11T20:35:00.177122,Camera 5,behavior,43,unknown,working,0.495,1,0
2026-07-11T20:35:00.915828,Camera 7,behavior,1,unknown,idle,0.74,1,0
2026-07-11T20:35:01.177617,Camera 5,behavior,43,unknown,working,0.311,1,0
2026-07-11T20:35:01.944794,Camera 7,behavior,1,unknown,working,0.418,1,0
2026-07-11T20:35:02.210963,Camera 8,behavior,46,unknown,working,0.409,1,0
2026-07-11T20:35:03.113700,Camera 7,behavior,1,unknown,working,0.526,1,0
2026-07-11T20:35:04.181438,Camera 7,behavior,1,unknown,idle,0.472,1,0
2026-07-11T20:35:05.199188,Camera 7,behavior,1,unknown,working,0.586,1,0
2026-07-11T20:35:06.234124,Camera 7,behavior,1,unknown,idle,0.536,1,0
2026-07-11T20:35:06.476502,Camera 5,behavior,60,unknown,working,0.572,1,0
2026-07-11T20:35:07.275783,Camera 7,behavior,1,unknown,idle,0.672,1,0
2026-07-11T20:35:07.493868,Camera 5,behavior,61,unknown,walking,0.436,1,0
2026-07-11T20:35:08.300489,Camera 7,behavior,1,unknown,idle,0.565,1,0
2026-07-11T20:35:09.321667,Camera 7,behavior,1,unknown,idle,0.67,1,0
2026-07-11T20:35:10.382868,Camera 7,behavior,1,unknown,idle,0.477,1,0
2026-07-11T20:35:11.545245,Camera 7,behavior,1,unknown,idle,0.537,1,0
2026-07-11T20:35:12.659183,Camera 7,behavior,1,unknown,idle,0.508,1,0
2026-07-11T20:35:13.750545,Camera 7,behavior,1,unknown,idle,0.394,1,0
2026-07-11T20:35:13.761022,Camera 5,behavior,64,unknown,working,0.345,1,0
2026-07-11T20:35:14.797755,Camera 7,behavior,1,unknown,working,0.426,1,0
2026-07-11T20:35:14.797755,Camera 5,behavior,64,unknown,working,0.368,1,0
2026-07-11T20:35:15.813157,Camera 7,behavior,1,unknown,idle,0.525,1,0
2026-07-11T20:35:15.865727,Camera 5,behavior,64,unknown,working,0.348,1,0
2026-07-11T20:35:16.883846,Camera 7,behavior,1,unknown,idle,0.33,1,0
2026-07-11T20:35:16.967616,Camera 5,behavior,64,unknown,working,0.454,1,0
2026-07-11T20:35:17.988842,Camera 7,behavior,1,unknown,working,0.372,1,0
2026-07-11T20:35:19.052432,Camera 5,behavior,75,unknown,working,0.402,1,0
2026-07-11T20:35:19.069176,Camera 7,behavior,1,unknown,working,0.56,1,0
2026-07-11T20:35:20.106613,Camera 7,behavior,1,unknown,working,0.628,1,0
2026-07-11T20:35:21.203799,Camera 7,behavior,1,unknown,working,0.603,1,0
2026-07-11T20:35:21.523081,Camera 5,behavior,78,unknown,idle,0.348,2,0
2026-07-11T20:35:21.523081,Camera 5,behavior,75,unknown,working,0.397,2,0
2026-07-11T20:35:22.246385,Camera 7,behavior,1,unknown,idle,0.394,1,0
2026-07-11T20:35:22.555438,Camera 5,behavior,78,unknown,idle,0.462,1,0
2026-07-11T20:35:23.308116,Camera 7,behavior,1,unknown,idle,0.503,1,0
2026-07-11T20:35:23.638885,Camera 5,behavior,78,unknown,working,0.303,1,0
2026-07-11T20:35:24.408360,Camera 7,behavior,1,unknown,working,0.547,1,0
2026-07-11T20:35:25.428166,Camera 7,behavior,1,unknown,working,0.595,1,0
2026-07-12T10:40:29.305676,Camera 7,behavior,1,unknown,working,0.369,2,0
2026-07-12T10:40:29.305676,Camera 7,behavior,2,unknown,working,0.318,2,0
2026-07-12T10:40:30.288106,Camera 5,behavior,7,unknown,walking,0.628,1,0
2026-07-12T10:40:30.393090,Camera 7,behavior,1,unknown,idle,0.385,1,0
2026-07-12T10:40:33.526331,Camera 7,behavior,1,unknown,idle,0.328,1,0
2026-07-12T10:40:33.579190,Camera 5,behavior,7,unknown,walking,0.536,1,0
2026-07-12T10:40:36.590325,Camera 7,behavior,1,unknown,working,0.311,1,0
2026-07-12T10:40:37.729611,Camera 5,behavior,14,unknown,working,0.8,1,0
2026-07-12T10:40:38.611816,Camera 7,behavior,1,unknown,working,0.35,1,0
2026-07-12T10:40:38.637367,Camera 8,behavior,18,unknown,working,0.601,1,0
2026-07-12T10:40:40.958269,Camera 5,behavior,38,unknown,working,0.601,1,0
2026-07-12T10:40:48.016738,Camera 8,behavior,44,unknown,working,0.386,1,0
2026-07-12T10:40:49.053628,Camera 8,behavior,44,unknown,idle,0.492,2,0
2026-07-12T10:40:49.053628,Camera 8,behavior,46,unknown,working,0.373,2,0
2026-07-12T10:40:50.049908,Camera 7,behavior,48,unknown,working,0.327,1,0
2026-07-12T10:40:54.149215,Camera 8,behavior,49,unknown,working,0.383,1,0
2026-07-12T10:55:40.547227,Camera 8,behavior,1,unknown,working,0.419,1,0
2026-07-12T10:55:41.624780,Camera 5,behavior,2,unknown,working,0.444,1,0
2026-07-12T10:55:48.120033,Camera 5,behavior,2,unknown,working,0.407,1,0
2026-07-12T10:55:48.188766,Camera 7,behavior,7,unknown,idle,0.411,1,0
2026-07-12T10:55:49.879529,Camera 8,behavior,8,unknown,working,0.364,1,0
2026-07-12T10:55:50.298684,Camera 7,behavior,7,unknown,idle,0.472,1,0
2026-07-12T10:55:51.977328,Camera 8,behavior,8,unknown,idle,0.309,1,0
2026-07-12T10:55:52.214700,Camera 5,behavior,11,unknown,working,0.527,1,0
2026-07-12T10:56:01.131463,Camera 7,behavior,40,unknown,working,0.424,1,0
2026-07-12T10:56:02.426788,Camera 5,behavior,43,unknown,idle,0.356,1,0
2026-07-12T10:56:04.614234,Camera 5,behavior,44,unknown,working,0.663,1,0
2026-07-12T10:56:05.680880,Camera 5,behavior,44,unknown,working,0.507,1,0
2026-07-12T10:56:07.951134,Camera 7,behavior,40,unknown,idle,0.398,1,0
2026-07-12T10:56:09.047361,Camera 7,behavior,40,unknown,idle,0.357,1,0
2026-07-12T10:56:09.880300,Camera 8,behavior,65,unknown,walking,0.759,1,0
2026-07-12T10:56:10.991100,Camera 8,behavior,65,unknown,walking,0.635,2,0
2026-07-12T10:56:10.991100,Camera 8,behavior,50,unknown,working,0.449,2,0
2026-07-12T10:56:11.066653,Camera 7,behavior,40,unknown,working,0.411,1,0
2026-07-12T10:56:12.070287,Camera 8,behavior,65,unknown,working,0.491,3,0
2026-07-12T10:56:12.070287,Camera 8,behavior,50,unknown,idle,0.311,3,0
2026-07-12T10:56:12.070287,Camera 8,behavior,75,unknown,working,0.485,3,0
2026-07-12T10:56:14.138579,Camera 7,behavior,40,unknown,idle,0.337,1,0
2026-07-12T10:56:16.123480,Camera 5,behavior,94,unknown,walking,0.667,1,0
2026-07-12T10:56:17.243586,Camera 5,behavior,94,unknown,working,0.551,1,0
2026-07-12T10:56:17.253997,Camera 7,behavior,40,unknown,idle,0.308,1,0
2026-07-12T10:56:18.271011,Camera 5,behavior,94,unknown,working,0.503,1,0
2026-07-12T10:56:18.276180,Camera 7,behavior,40,unknown,idle,0.424,1,0
2026-07-12T10:56:19.335795,Camera 5,behavior,94,unknown,working,0.667,2,0
2026-07-12T10:56:19.335795,Camera 5,behavior,103,unknown,working,0.604,2,0
2026-07-12T10:56:20.339621,Camera 5,behavior,94,unknown,working,0.45,1,0
2026-07-12T10:56:20.393897,Camera 7,behavior,40,unknown,idle,0.332,1,0
2026-07-12T10:56:21.425671,Camera 5,behavior,103,unknown,walking,0.714,1,0
2026-07-12T10:56:22.439007,Camera 7,behavior,40,unknown,idle,0.382,1,0
2026-07-12T10:56:22.593924,Camera 8,behavior,124,unknown,working,0.533,1,0
2026-07-12T10:56:23.605597,Camera 8,behavior,124,unknown,walking,0.694,1,0
2026-07-12T10:56:24.650732,Camera 8,behavior,124,unknown,working,0.69,1,0
2026-07-12T10:56:25.842080,Camera 8,behavior,124,unknown,working,0.589,1,0
2026-07-12T10:56:26.923482,Camera 8,behavior,124,unknown,working,0.408,1,0
2026-07-12T10:56:28.542723,Camera 5,behavior,145,unknown,working,0.444,1,0
2026-07-12T10:56:29.630843,Camera 5,behavior,153,unknown,working,0.33,1,0
2026-07-12T10:56:31.867464,Camera 5,behavior,159,unknown,working,0.39,1,0
2026-07-12T10:56:40.205590,Camera 7,behavior,163,unknown,working,0.339,1,0
2026-07-12T10:56:41.238352,Camera 7,behavior,163,unknown,idle,0.429,1,0
2026-07-12T10:56:43.260094,Camera 7,behavior,163,unknown,idle,0.35,1,0
2026-07-12T10:56:50.515677,Camera 5,behavior,164,unknown,working,0.346,1,0
2026-07-12T10:56:50.585484,Camera 7,behavior,163,unknown,working,0.323,1,0
2026-07-12T10:56:52.633283,Camera 5,behavior,164,unknown,idle,0.326,1,0
2026-07-12T10:56:52.775653,Camera 7,behavior,163,unknown,idle,0.475,1,0
2026-07-12T10:56:54.689221,Camera 5,behavior,164,unknown,idle,0.371,1,0
2026-07-12T10:56:55.920857,Camera 7,behavior,163,unknown,idle,0.412,1,0
2026-07-12T10:56:56.815921,Camera 5,behavior,165,unknown,working,0.328,1,0
2026-07-12T10:56:57.015067,Camera 7,behavior,163,unknown,idle,0.42,1,0
2026-07-12T10:56:57.900420,Camera 5,behavior,164,unknown,idle,0.323,1,0
2026-07-12T10:56:58.944118,Camera 5,behavior,164,unknown,idle,0.32,1,0
2026-07-12T10:56:59.142165,Camera 7,behavior,163,unknown,idle,0.421,1,0
2026-07-12T10:57:00.153901,Camera 7,behavior,163,unknown,idle,0.325,1,0
2026-07-12T10:57:00.987624,Camera 5,behavior,164,unknown,idle,0.34,1,0
2026-07-12T10:57:02.033228,Camera 5,behavior,164,unknown,idle,0.369,2,0
2026-07-12T10:57:02.033228,Camera 5,behavior,197,unknown,working,0.536,2,0
2026-07-12T10:57:03.160291,Camera 5,behavior,164,unknown,idle,0.314,2,0
2026-07-12T10:57:03.160291,Camera 5,behavior,197,unknown,idle,0.661,2,0
2026-07-12T10:57:04.181681,Camera 5,behavior,197,unknown,working,0.622,2,0
2026-07-12T10:57:04.181681,Camera 5,behavior,164,unknown,idle,0.436,2,0
2026-07-12T10:57:04.406081,Camera 7,behavior,163,unknown,idle,0.306,1,0
2026-07-12T10:57:05.210154,Camera 5,behavior,197,unknown,working,0.465,1,0
2026-07-12T10:57:05.550219,Camera 7,behavior,163,unknown,idle,0.415,1,0
2026-07-12T11:04:21.666992,Camera 5,behavior,15,unknown,working,0.494,1,0
2026-07-12T11:04:22.795630,Camera 5,behavior,15,unknown,working,0.521,1,0
2026-07-12T11:04:23.842213,Camera 5,behavior,17,unknown,working,0.652,1,0
2026-07-12T11:04:23.847600,Camera 7,behavior,13,unknown,idle,0.437,1,0
2026-07-12T11:05:57.862451,Camera 5,behavior,6,unknown,working,0.387,1,0
2026-07-12T11:05:58.880991,Camera 5,behavior,7,unknown,working,0.618,1,0
2026-07-12T11:05:59.900188,Camera 5,behavior,7,unknown,working,0.517,1,0
2026-07-12T11:06:16.813369,Camera 5,behavior,32,unknown,working,0.576,1,0
2026-07-12T11:06:17.972483,Camera 5,behavior,32,unknown,working,0.496,1,0
2026-07-12T11:06:18.974039,Camera 5,behavior,32,unknown,working,0.418,1,0
2026-07-12T11:06:27.644765,Camera 5,behavior,54,unknown,working,0.473,1,0
2026-07-12T11:06:41.526603,Camera 7,behavior,72,unknown,idle,0.341,1,0
2026-07-12T11:06:44.575381,Webcam (laptop),behavior,1,unknown,working,0.892,1,0
2026-07-12T11:06:45.681232,Webcam (laptop),behavior,1,unknown,idle,0.898,1,0
2026-07-12T11:06:47.583175,Webcam (laptop),behavior,1,unknown,idle,0.901,2,0
2026-07-12T11:06:47.583175,Webcam (laptop),behavior,5,unknown,working,0.479,2,0
2026-07-12T11:06:48.644906,Webcam (laptop),behavior,1,unknown,idle,0.897,1,0
2026-07-12T11:06:50.044558,Webcam (laptop),behavior,1,Dikshant,idle,0.892,1,0
2026-07-12T11:06:51.188170,Webcam (laptop),behavior,1,Dikshant,idle,0.869,2,0
2026-07-12T11:06:51.188170,Webcam (laptop),behavior,5,unknown,working,0.383,2,0
2026-07-12T11:06:52.420313,Camera 7,behavior,7,unknown,working,0.418,1,0
2026-07-12T11:06:52.489271,Camera 8,behavior,8,unknown,working,0.312,1,0
2026-07-12T11:06:52.669436,Webcam (laptop),behavior,1,Dikshant,idle,0.894,1,0
2026-07-12T11:06:53.788258,Webcam (laptop),behavior,1,Dikshant,idle,0.893,1,0
2026-07-12T11:06:55.286431,Webcam (laptop),behavior,1,Dikshant,idle,0.893,1,0
2026-07-12T11:06:56.414739,Webcam (laptop),behavior,1,Dikshant,idle,0.907,1,0
2026-07-12T11:06:57.902232,Camera 5,behavior,14,unknown,working,0.593,1,0
2026-07-12T11:06:57.955664,Webcam (laptop),behavior,1,Dikshant,idle,0.85,2,0
2026-07-12T11:06:57.955664,Webcam (laptop),behavior,12,unknown,working,0.417,2,0
2026-07-12T11:06:59.096632,Webcam (laptop),behavior,1,Dikshant,idle,0.869,1,0
2026-07-12T11:07:00.104374,Camera 5,behavior,22,unknown,working,0.477,1,0
2026-07-12T11:07:00.515041,Webcam (laptop),behavior,1,Dikshant,idle,0.889,1,0
2026-07-12T11:07:00.985297,Camera 8,behavior,8,unknown,idle,0.321,1,0
2026-07-12T11:07:01.521815,Webcam (laptop),behavior,1,Dikshant,idle,0.884,1,0
2026-07-12T11:07:02.569044,Webcam (laptop),behavior,1,Dikshant,idle,0.892,1,0
2026-07-12T11:07:03.191996,Camera 8,behavior,42,unknown,working,0.685,1,0
2026-07-12T11:07:03.582870,Webcam (laptop),behavior,1,Dikshant,idle,0.896,1,0
2026-07-12T11:07:04.193637,Camera 8,behavior,42,unknown,walking,0.75,1,0
2026-07-12T11:07:04.628902,Webcam (laptop),behavior,1,Dikshant,idle,0.893,1,0
2026-07-12T11:07:05.253895,Camera 8,behavior,42,unknown,working,0.589,1,0
2026-07-12T11:07:05.906186,Webcam (laptop),behavior,1,Dikshant,idle,0.899,1,0
2026-07-12T11:07:06.688877,Camera 8,behavior,42,unknown,working,0.415,1,0
2026-07-12T11:20:21.047524,Webcam (laptop),behavior,1,unknown,working,0.921,1,0
2026-07-12T11:20:25.120540,Webcam (laptop),behavior,1,unknown,idle,0.918,1,0
2026-07-12T11:20:26.525252,Webcam (laptop),behavior,1,unknown,idle,0.89,1,0
2026-07-12T11:20:27.944555,Webcam (laptop),behavior,1,dikshant,idle,0.907,1,0
2026-07-12T11:20:29.332362,Webcam (laptop),behavior,1,dikshant,idle,0.911,1,0
2026-07-12T11:20:30.732302,Webcam (laptop),behavior,1,dikshant,idle,0.916,1,0
2026-07-12T11:20:32.145505,Webcam (laptop),behavior,1,dikshant,idle,0.895,1,0
2026-07-12T11:20:33.540954,Webcam (laptop),behavior,1,dikshant,idle,0.912,1,0
2026-07-12T11:20:34.924276,Webcam (laptop),behavior,1,dikshant,idle,0.912,1,0
2026-07-12T11:20:36.340497,Webcam (laptop),behavior,1,dikshant,idle,0.91,1,0
2026-07-12T11:20:37.738780,Webcam (laptop),behavior,1,dikshant,idle,0.909,1,0
2026-07-12T11:20:39.177100,Webcam (laptop),behavior,1,dikshant,idle,0.919,1,0
2026-07-12T11:20:40.535290,Webcam (laptop),behavior,1,dikshant,idle,0.895,1,0
2026-07-12T11:20:41.912019,Webcam (laptop),behavior,1,dikshant,idle,0.914,1,0
2026-07-12T11:20:43.289478,Webcam (laptop),behavior,1,dikshant,idle,0.892,1,0
2026-07-12T11:20:44.641854,Webcam (laptop),behavior,1,dikshant,idle,0.856,1,0
2026-07-12T11:20:46.043021,Webcam (laptop),behavior,1,dikshant,idle,0.83,1,0
2026-07-12T11:20:47.459079,Webcam (laptop),behavior,1,dikshant,idle,0.911,1,0
2026-07-12T11:20:48.824881,Webcam (laptop),behavior,1,dikshant,idle,0.855,1,0
2026-07-12T11:20:50.182242,Webcam (laptop),behavior,1,dikshant,idle,0.899,1,0
2026-07-12T11:20:51.576808,Webcam (laptop),behavior,1,dikshant,idle,0.902,1,0
2026-07-12T11:20:52.961044,Webcam (laptop),behavior,1,dikshant,working,0.899,1,0
2026-07-12T11:20:54.337499,Webcam (laptop),behavior,1,dikshant,working,0.858,1,0
2026-07-12T11:20:55.712588,Webcam (laptop),behavior,1,dikshant,idle,0.858,1,0
2026-07-12T11:20:57.098904,Webcam (laptop),behavior,1,dikshant,idle,0.849,1,0
2026-07-12T11:20:58.473189,Webcam (laptop),behavior,1,dikshant,idle,0.864,1,0
2026-07-12T11:20:59.837201,Webcam (laptop),behavior,1,dikshant,idle,0.909,1,0
2026-07-12T11:21:01.204111,Webcam (laptop),behavior,1,dikshant,idle,0.909,1,0
2026-07-12T11:21:02.568640,Webcam (laptop),behavior,1,dikshant,idle,0.911,1,0
2026-07-12T11:21:03.931382,Webcam (laptop),behavior,1,dikshant,idle,0.911,1,0
2026-07-12T11:21:05.289825,Webcam (laptop),behavior,1,dikshant,idle,0.901,1,0
2026-07-12T11:21:06.663955,Webcam (laptop),behavior,1,dikshant,idle,0.906,1,0
2026-07-12T11:21:08.035221,Webcam (laptop),behavior,1,dikshant,idle,0.903,1,0
2026-07-12T11:21:09.401073,Webcam (laptop),behavior,1,dikshant,idle,0.902,1,0
2026-07-12T11:21:10.772450,Webcam (laptop),behavior,1,dikshant,idle,0.91,1,0
2026-07-12T11:21:12.128855,Webcam (laptop),behavior,1,dikshant,idle,0.9,1,0
2026-07-12T11:21:13.493128,Webcam (laptop),behavior,1,dikshant,idle,0.892,1,0
2026-07-12T11:21:14.871774,Webcam (laptop),behavior,1,dikshant,idle,0.865,1,0
2026-07-12T11:21:16.280549,Webcam (laptop),behavior,1,dikshant,working,0.88,1,0
2026-07-12T11:21:17.659705,Webcam (laptop),behavior,1,dikshant,idle,0.826,1,0
2026-07-12T11:21:19.040390,Webcam (laptop),behavior,1,dikshant,idle,0.868,1,0
2026-07-12T11:21:20.426153,Webcam (laptop),behavior,1,dikshant,working,0.862,1,0
2026-07-12T11:21:21.809340,Webcam (laptop),behavior,1,dikshant,idle,0.809,1,0
2026-07-12T11:21:23.171871,Webcam (laptop),behavior,1,dikshant,working,0.914,1,0
2026-07-12T11:22:21.092328,Camera 5,behavior,1,unknown,working,0.39,1,0
2026-07-12T11:22:22.195627,Camera 5,behavior,1,unknown,working,0.557,1,0
2026-07-12T11:22:23.285957,Camera 5,behavior,1,unknown,working,0.321,1,0
2026-07-12T11:22:37.905749,Camera 5,behavior,18,unknown,working,0.625,1,0
2026-07-12T20:20:12.516777,Webcam (laptop),behavior,1,unknown,working,0.899,1,0
2026-07-12T20:20:19.640765,Webcam (laptop),behavior,1,unknown,idle,0.9,1,0
2026-07-12T20:20:20.939920,Webcam (laptop),behavior,1,unknown,idle,0.888,1,0
2026-07-12T20:20:22.220632,Webcam (laptop),behavior,1,dikshant,idle,0.885,1,0
2026-07-12T20:20:23.525571,Webcam (laptop),behavior,1,dikshant,idle,0.887,1,0
2026-07-12T20:20:24.802364,Webcam (laptop),behavior,1,dikshant,idle,0.89,1,0
2026-07-12T20:20:26.077222,Webcam (laptop),behavior,1,dikshant,idle,0.892,1,0
2026-07-12T20:20:27.363522,Webcam (laptop),behavior,1,dikshant,idle,0.889,1,0
2026-07-12T20:20:28.644123,Webcam (laptop),behavior,1,dikshant,idle,0.891,1,0
2026-07-12T20:20:29.920696,Webcam (laptop),behavior,1,dikshant,idle,0.886,1,0
2026-07-12T20:20:31.191191,Webcam (laptop),behavior,1,dikshant,idle,0.879,1,0
2026-07-12T20:20:32.477533,Webcam (laptop),behavior,1,dikshant,idle,0.884,1,0
2026-07-12T20:20:33.764342,Webcam (laptop),behavior,1,dikshant,idle,0.879,1,0
2026-07-12T20:20:35.058592,Webcam (laptop),behavior,1,dikshant,idle,0.886,1,0
2026-07-12T20:20:36.360805,Webcam (laptop),behavior,1,dikshant,idle,0.891,1,0
2026-07-12T20:20:37.643005,Webcam (laptop),behavior,1,dikshant,idle,0.878,1,0
2026-07-12T20:20:38.928771,Webcam (laptop),behavior,1,dikshant,idle,0.865,1,0
2026-07-12T20:20:40.229255,Webcam (laptop),behavior,1,dikshant,idle,0.854,1,0
2026-07-12T20:20:41.525033,Webcam (laptop),behavior,1,dikshant,idle,0.876,1,0
2026-07-12T20:20:42.813133,Webcam (laptop),behavior,1,dikshant,idle,0.842,1,0
2026-07-12T20:20:44.096566,Webcam (laptop),behavior,1,Dikshant,idle,0.794,1,0
2026-07-12T20:20:45.401648,Webcam (laptop),behavior,1,Dikshant,idle,0.865,1,0
2026-07-12T20:20:46.700359,Webcam (laptop),behavior,1,Dikshant,idle,0.87,1,0
2026-07-12T20:20:47.980904,Webcam (laptop),behavior,1,Dikshant,idle,0.885,1,0
2026-07-12T20:20:49.266814,Webcam (laptop),behavior,1,Dikshant,idle,0.885,1,0
2026-07-12T20:20:50.549967,Webcam (laptop),behavior,1,Dikshant,idle,0.87,1,0
2026-07-12T20:20:51.825413,Webcam (laptop),behavior,1,Dikshant,idle,0.882,1,0
2026-07-12T20:20:53.127922,Webcam (laptop),behavior,1,Dikshant,idle,0.879,1,0
2026-07-12T20:20:54.406287,Webcam (laptop),behavior,1,Dikshant,idle,0.913,1,0
2026-07-12T20:20:55.689263,Webcam (laptop),behavior,1,Dikshant,idle,0.912,1,0
2026-07-12T20:20:56.970474,Webcam (laptop),behavior,1,Dikshant,working,0.896,1,0
2026-07-12T20:20:58.247931,Webcam (laptop),behavior,1,Dikshant,idle,0.906,1,0
2026-07-12T20:20:59.534605,Webcam (laptop),behavior,1,Dikshant,idle,0.896,1,0
2026-07-12T20:21:00.794850,Webcam (laptop),behavior,1,Dikshant,idle,0.894,1,0
2026-07-12T20:24:39.465538,Webcam (laptop),behavior,1,unknown,working,0.881,1,0
2026-07-12T20:24:43.069836,Webcam (laptop),behavior,1,unknown,idle,0.912,1,0
2026-07-12T20:24:44.361522,Webcam (laptop),behavior,1,Dikshant,idle,0.912,1,0
2026-07-12T20:24:45.649325,Webcam (laptop),behavior,1,Dikshant,idle,0.909,1,0
2026-07-12T20:24:46.947829,Webcam (laptop),behavior,1,Dikshant,idle,0.906,1,0
2026-07-12T20:24:48.233235,Webcam (laptop),behavior,1,Dikshant,idle,0.923,1,0
2026-07-12T20:24:49.355477,Webcam (laptop),behavior,1,Dikshant,idle,0.931,1,0
2026-07-12T20:24:50.643905,Webcam (laptop),behavior,1,Dikshant,working,0.923,1,0
2026-07-12T20:24:51.933336,Webcam (laptop),behavior,1,Dikshant,idle,0.922,1,0
2026-07-12T20:24:53.218741,Webcam (laptop),behavior,1,Dikshant,idle,0.91,1,0
2026-07-12T20:24:54.501647,Webcam (laptop),behavior,1,Dikshant,idle,0.92,1,0
2026-07-12T20:25:55.554181,Camera 6,behavior,1,unknown,working,0.428,1,0
2026-07-20T12:24:55.659442,Camera 6,behavior,1,unknown,working,0.383,1,0
2026-07-20T12:25:12.617712,Camera 6,behavior,10,unknown,working,0.438,1,0
